Review_ID,Place_ID,Reviewer_Name,Reviewer_Type,Age_Group,Gender,Nationality,Visit_Date,Travel_Month,Travel_Season,Travel_Mode,Travel_Group,Visit_Purpose,Overall_Rating,Cleanliness_Rating,Accessibility_Rating,Safety_Rating,Facilities_Rating,Value_For_Money_Rating,Recommendation_Score,Review_Title,Review_Text,Review_Length,Sentiment,Likes,Helpful_Votes,Verified_Visitor,Review_Status,Created_Date,Updated_Date
RV000001,MP006,Mangesh Patil,Student,Above 65,Other,India,03-05-2024,May,Summer,Taxi,Friends,Photography,5,4.3,3.1,4.8,3,4.4,100,walking absolutely to exploring. heritage,Visited MP006 last Summer. The the heritage was absolutely breathtaking. The the walking trails exceeded my expectations. We spent about 3 hours exploring. The locals were very friendly and helpful. Highly recommend this place to everyone. Vibrant Organized Interesting,39,Positive,468,181,Yes,Hidden,09-11-2025,24-12-2026
RV000002,MP038,Ravi Shankar,Travel Blogger,36-50,Female,India,09-12-2024,December,Winter,Flight,Couple,Festival,4.3,1.2,3.8,2.9,2.4,2.5,90,it. for nature A Excellent,Excellent experience at MP038. The the restrooms was the highlight. Very clean and organized. The entry fee is totally worth it. A must-visit for Couple and nature lovers. Vibrant Interesting Stunning,31,Positive,376,188,No,Published,24-06-2024,04-02-2026
RV000003,MP006,Sita Devi,Solo Traveller,Under 18,Female,India,23-10-2024,October,Autumn,Train,Friends,Pilgrimage,5,4.8,1.9,4,1.2,4.4,96,for the trip A Interesting,A wonderful trip to MP006. The the local culture and the surrounding water bodies were incredible. The facilities were well maintained. It's a hidden gem of Northeast India. Just go for it! Stunning Well-maintained Authentic Organized Interesting Unique,38,Positive,98,41,Yes,Published,03-04-2023,22-07-2026
RV000004,MP041,Neha Agarwal,Foreign Tourist,26-35,Female,India,08-09-2023,September,Monsoon,Taxi,Friends,Education,4.7,3.5,1.3,4.5,1.2,2.4,93,for was A Very fee,Excellent experience at MP041. The the ticketing counter was the highlight. Very clean and organized. The entry fee is totally worth it. A must-visit for Friends and nature lovers. Unique Well-maintained Organized Interesting Authentic Stunning,35,Positive,416,181,Yes,Pending,06-06-2024,15-12-2026
RV000005,MP050,John Doe,Photographer,51-65,Other,India,13-09-2023,September,Monsoon,Bus,Family,Pilgrimage,3.2,3.9,1.8,4.1,1.8,3.4,73,Well-maintained Unique I has The,Decent place for Family. MP050 has its charm but the the parking area was underwhelming. The surrounding area is nice. I would recommend if you have extra time. Stunning Well-maintained Unique,31,Neutral,100,33,No,Hidden,04-08-2025,08-05-2025
RV000006,MP036,Sonam Wangdi,Domestic Tourist,18-25,Other,India,24-02-2023,February,Winter,Car,Educational Tour,Nature Exploration,1.9,4.6,1.2,4.4,3.3,4.4,42,overrated. poorly Organized eateries The,Terrible experience at MP036. The the scenic beauty was poorly maintained and dirty. The the nearby eateries was completely overrated. The crowd and litter ruined the vibe. Not worth the effort to travel here. Interesting Organized Unique,37,Negative,155,43,No,Hidden,24-08-2023,13-10-2025
RV000007,MP016,,,,Female,France,06-02-2023,February,Winter,Train,Solo,Adventure,2.6,4.1,2.5,4.2,1.3,1.8,49,Unique would Beautiful extra if,Decent place for Solo. MP016 has its charm but the the nearby eateries was underwhelming. The surrounding area is nice. I would recommend if you have extra time. Unique Interesting Beautiful Authentic,32,Neutral,468,7,No,Published,25-11-2024,21-03-2025
RV000008,MP041,Bimol Sharma,Travel Blogger,18-25,Other,India,21-03-2023,March,Spring,Walking,Family,Education,1.4,1.6,4,4.2,2.4,3.1,36,Terrible dirty. to and Organized,Terrible experience at MP041. The the heritage was poorly maintained and dirty. The the ticketing counter was completely overrated. The crowd and litter ruined the vibe. Not worth the effort to travel here. Beautiful Organized Authentic Well-maintained Stunning,38,Negative,250,170,Yes,Published,09-04-2023,14-10-2025
RV000009,MP037,David Thang,Domestic Tourist,Under 18,Female,Germany,04-03-2024,March,Spring,Flight,Educational Tour,Wildlife,1.4,1.7,3.1,1.9,3.5,1.3,19,Vibrant Beautiful We our heavy,Very disappointing visit to MP037. The the scenic beauty is in shambles. Zero management. We encountered scam guides which spoiled our day. Avoid going on weekends or during heavy rain. Authentic Well-maintained Beautiful Organized Unique Vibrant,36,Negative,137,148,No,Pending,16-10-2023,25-08-2026
RV000010,MP023,Deepika Ningthoujam,Family Tourist,36-50,male,India,22-05-2024,May,Summer,Flight,Educational Tour,Nature Exploration,4.3,2.6,1.7,4.6,4.7,1.9,78,exploring. The breathtaking. place expectations.,Visited MP023 last Summer. The the heritage was absolutely breathtaking. The the nearby eateries exceeded my expectations. We spent about 4 hours exploring. The locals were very friendly and helpful. Highly recommend this place to everyone. Well-maintained Interesting Authentic Stunning Unique Organized,42,Positive,163,136,No,Hidden,09-01-2023,23-10-2026
RV000011,MP026,Arun Kumar,Family Tourist,Under 18,Male,United Kingdom,09-09-2023,September,Monsoon,Walking,Couple,Relaxation,4.8,3.8,4.3,4.1,2.5,2.5,98,Couple. The Will local the,I had an amazing experience at MP026 in September. The the local culture is world-class. The atmosphere was so peaceful and relaxing. Perfect for Couple. Will definitely come back again. Well-maintained Vibrant Beautiful,33,Positive,445,24,Yes,Hidden,08-01-2023,19-09-2026
RV000012,MP023,Riya Das,Adventure Tourist,18-25,Male,India,15-11-2023,November,Autumn,Bus,Corporate Group,Adventure,4.1,4.5,1.2,4.1,1.8,2.3,88,was for lovers. parking worth,Excellent experience at MP023. The the parking area was the highlight. Very clean and organized. The entry fee is totally worth it. A must-visit for Corporate Group and nature lovers. Organized Interesting Unique Authentic,34,Positive,340,155,No,Pending,13-02-2025,07-08-2026
RV000013,MP011,Laishram Devi,Family Tourist,Under 18,Female,India,02-09-2025,September,Monsoon,Car,Corporate Group,Education,2.2,2.4,1.6,4.1,4.8,3.3,52,culture to safety Worst visited,Worst tourist spot I have visited in Manipur. The the local culture is neglected. The road to MP011 is terrible. There is no proper signage or safety measures. Stay away! Unique Authentic Organized Well-maintained Vibrant,35,Negative,425,119,Yes,Published,11-07-2023,25-05-2025
RV000014,MP008,Anjan Dutta,Photographer,26-35,Other,France,02-10-2025,October,Autumn,Bike,Solo,Nature Exploration,1.7,4.3,2.8,1.4,3.9,2.9,29,I to have neglected. local,Worst tourist spot I have visited in Manipur. The the local culture is neglected. The road to MP008 is terrible. There is no proper signage or safety measures. Stay away! Unique Well-maintained Interesting Beautiful,34,Negative,104,14,Yes,Hidden,18-11-2025,06-05-2026
RV000015,MP047,Arun Kumar,Travel Blogger,51-65,Female,India,06-10-2024,October,Autumn,Taxi,Friends,Festival,1.3,4.8,3.6,1.7,2,1.2,32,effort Stunning travel Terrible and,Terrible experience at MP047. The the scenic beauty was poorly maintained and dirty. The the nearby eateries was completely overrated. The crowd and litter ruined the vibe. Not worth the effort to travel here. Stunning Vibrant Interesting,37,negativ,130,37,Yes,Hidden,06-09-2025,10-03-2025
RV000016,MP025,Lara Croft,Researcher,36-50,Male,India,08-07-2023,July,Monsoon,Taxi,Couple,Relaxation,3.3,3.9,4.7,4.1,2.2,2.1,60,visited and be is okay.,I visited MP025 during Monsoon and it was okay. The the scenic beauty has potential but lacks maintenance. The view is nice though. Might be better in the dry season. Beautiful Vibrant Unique,33,Neutral,347,95,No,Published,14-08-2025,19-08-2025
RV000017,MP042,Sonam Wangdi,Student,Above 65,Female,India,05-02-2024,February,Winter,Flight,Couple,Photography,2.7,1.5,5,3.9,3.6,2.3,53,Vibrant too nothing Stunning The,Average experience at MP042. The the local culture is decent but nothing extraordinary. It is good for a one-time visit. The the nearby eateries could be better maintained. Not too crowded when we went. Stunning Beautiful Authentic Well-maintained Vibrant Organized,40,Neutral,394,114,No,Published,25-06-2023,21-08-2026
RV000018,MP060,Aisha Rahman,Travel Blogger,Under 18,Female,India,06-03-2024,March,Spring,Flight,Corporate Group,Research,1.8,2.2,4.6,1,3.6,3.1,36,heritage Terrible dirty. at was,Terrible experience at MP060. The the heritage was poorly maintained and dirty. The the nearby eateries was completely overrated. The crowd and litter ruined the vibe. Not worth the effort to travel here. Beautiful Authentic Organized,36,Negative,380,33,No,Hidden,02-04-2024,12-08-2026
RV000019,MP015,Sonam Wangdi,Family Tourist,26-35,Other,United States,13-03-2025,March,Spring,Bike,Solo,Photography,5,4,1.9,3.6,3,1.6,97,urban The hidden A the,A wonderful trip to MP015. The the scenic beauty and the surrounding urban skyline were incredible. The facilities were well maintained. It's a hidden gem of Northeast India. Just go for it! Vibrant Stunning Interesting,35,Positive,252,96,No,Published,24-01-2024,21-06-2026
RV000020,MP030, Neha Agarwal,Travel Blogger ,Under 18,Female,India,13-01-2023,January,Winter,Bike,Friends,Adventure,1.5,4.8,3.6,3.8,4.5,1.2,37,travel Not vibe. litter overrated.,Terrible experience at MP030. The the scenic beauty was poorly maintained and dirty. The the restrooms was completely overrated. The crowd and litter ruined the vibe. Not worth the effort to travel here. Stunning Interesting Authentic Unique,37,Negative,427,56,No,Pending,14-05-2023,04-06-2026
RV000021,MP013,Mangesh Patil,Adventure Tourist,26-35,Other,India,03-04-2023,April,Spring,Bus,Friends,Research,3.1,3.2,4.5,3,4.8,1.6,55,underwhelming. but nice. the Organized,Decent place for Friends. MP013 has its charm but the the parking area was underwhelming. The surrounding area is nice. I would recommend if you have extra time. Well-maintained Authentic Organized Stunning,32,Neutral,438,62,No,Hidden,01-03-2024,07-02-2025
RV000022,MP003,Rahul Verma,Solo Traveller,51-65,Other,India,03-12-2023,December,Winter,Bike,Couple,Relaxation,3.6,1.5,3,2.2,2.2,2,64,recommend Well-maintained is I was,Decent place for Couple. Kangla Fort has its charm but the the nearby eateries was underwhelming. The surrounding area is nice. I would recommend if you have extra time. Authentic Unique Well-maintained,32,Neutral,30,184,No,Hidden,14-02-2024,04-05-2025
RV000023,MP057,Rajesh Kumar,Domestic Tourist,36-50,Other,India,01-07-2023,July,Monsoon,Bus,Corporate Group,Adventure,3.2,2.2,3,3.9,3.5,1.1,70,Interesting was charm has restrooms,Decent place for Corporate Group. MP057 has its charm but the the restrooms was underwhelming. The surrounding area is nice. I would recommend if you have extra time. Beautiful Stunning Unique Vibrant Interesting Organized,34,Neutral,408,43,Yes,Pending,21-05-2024,20-05-2026
RV000024,MP017,David Thang,Researcher,36-50,Male,India,01-06-2024,June,Summer,Train,Couple,Education,3.8,2.8,4,4.3,2,3.5,71,is The one-time at too,Average experience at MP017. The the scenic beauty is decent but nothing extraordinary. It is good for a one-time visit. The the walking trails could be better maintained. Not too crowded when we went. Interesting Vibrant Unique Well-maintained Stunning Beautiful,40,Neutral,331,38,No,Pending,05-12-2025,24-06-2026
RV000025,MP004,Sonam Wangdi,Solo Traveller,36-50,Male,India,12-04-2025,April,Spring,Taxi,Solo,Relaxation,6.8,2.8,4.6,2.9,4.9,3.6,71,peaceful at Temple Will Govindajee,I had an amazing experience at Govindajee Temple in April. The Govindajee Temple is world-class. The atmosphere was so peaceful and relaxing. Perfect for Solo. Will definitely come back again. Unique Authentic Beautiful Interesting Vibrant,35,Neutral,267,167,Yes,Hidden,13-06-2024,22-04-2026
RV000026,MP037,Kiran Bhatt,Researcher,18-25,Other,India,04-01-2025,January,Winter,Bus,Solo,Adventure,4.5,1.2,1.1,3.4,2.3,4.7,94,Visited the exploring. The Beautiful,Visited MP037 last Winter. The the scenic beauty was absolutely breathtaking. The the nearby eateries exceeded my expectations. We spent about 1 hours exploring. The locals were very friendly and helpful. Highly recommend this place to everyone. Well-maintained Beautiful Stunning,40,Positive,474,160,Yes,Hidden,13-11-2023,15-12-2026
RV000027,MP010,Sita Devi,Foreign Tourist,Above 65,Male,India,01-01-2024,January,Winter,Flight,Friends,Pilgrimage,4.8,3.2,1.3,1.3,4.3,2.4,89,worth Interesting Excellent fee was,Excellent experience at MP010. The the walking trails was the highlight. Very clean and organized. The entry fee is totally worth it. A must-visit for Friends and nature lovers. Interesting Well-maintained Organized Vibrant,33,Positive,316,185,No,Pending,10-07-2023,15-05-2025
RV000028,MP005,Govind Singh,Solo Traveller,26-35,Female,India,15-10-2023,October,Autumn,Bike,Solo,Relaxation,5,4.7,4.4,4.7,4.9,5,91,A Ima Northeast The Interesting,A wonderful trip to Ima Keithel. The the handloom textiles and the surrounding greenery were incredible. The facilities were well maintained. It's a hidden gem of Northeast India. Just go for it! Beautiful Interesting Unique,35,Positive,24,51,Yes,Pending,02-04-2023,14-04-2025
RV000029,MP015,Sita Devi,Domestic Tourist,51-65,Female,India,23-02-2024,February,Winter,Bike,Family,Sightseeing,2.5,3.9,1.1,3.3,2,3.3,45,when Organized Vibrant The went.,Average experience at MP015. The the views is decent but nothing extraordinary. It is good for a one-time visit. The the parking area could be better maintained. Not too crowded when we went. Organized Well-maintained Unique Beautiful Vibrant,38,Negative,306,32,No,Pending,18-04-2024,09-05-2025
RV000030,MP019,Lara Croft,Travel Blogger,51-65,Male,India,13-10-2023,October,Autumn,Bike,Corporate Group,Photography,1.9,4,1.7,1.5,3,1.5,41,effort and crowd to overrated.,Terrible experience at MP019. The the scenic beauty was poorly maintained and dirty. The the ticketing counter was completely overrated. The crowd and litter ruined the vibe. Not worth the effort to travel here. Vibrant Beautiful Unique,37,Negative,441,92,Yes,Pending,25-04-2025,14-06-2025
RV000031,MP009,Rahul Verma,Researcher,18-25,Male,India,16-01-2024,January,Winter,Car,Solo,Sightseeing,3.7,4.3,2.9,2.9,2.5,3.3,79,Stunning MP009. crowded The but,Average experience at MP009. The the local culture is decent but nothing extraordinary. It is good for a one-time visit. The the walking trails could be better maintained. Not too crowded when we went. Unique Well-maintained Beautiful Stunning,38,Neutral,395,90,No,Pending,05-12-2024,07-02-2025
RV000032,MP003,Lara Croft,Foreign Tourist,26-35,Other,India,17-01-2023,January,Winter,Train,Family,Sightseeing,5,4.9,2.2,3,4.3,2.3,94,to locals We about was,Visited Kangla Fort last Winter. The the ancient temples was absolutely breathtaking. The the restrooms exceeded my expectations. We spent about 1 hours exploring. The locals were very friendly and helpful. Highly recommend this place to everyone. Stunning Authentic Interesting Beautiful Vibrant,42,Positive,242,170,Yes,Hidden,18-03-2025,17-04-2025
RV000033,MP028,Tongbram Singh,Foreign Tourist,Above 65,Other,India,24-03-2023,March,Spring,Bike,Solo,Nature Exploration,4.9,3.4,2.9,1.9,2.4,4.8,100,is Authentic so Organized local,I had an amazing experience at MP028 in March. The the local culture is world-class. The atmosphere was so peaceful and relaxing. Perfect for Solo. Will definitely come back again. Vibrant Authentic Interesting Organized Beautiful Stunning,36,Positive,312,186,Yes,Published,18-03-2024,12-01-2026
RV000034,MP002,Ravi Shankar,Family Tourist,18-25,Female,India,15-10-2025,October,Autumn,Walking,Family,Research,4.3,4.4,2.1,3.3,2.4,2,93,was for experience atmosphere October.,I had an amazing experience at Keibul Lamjao in October. The the birdlife is world-class. The atmosphere was so peaceful and relaxing. Perfect for Family. Will definitely come back again. Well-maintained Unique Beautiful Organized,34,Positive,303,69,No,Pending,20-12-2025,03-09-2026
RV000035,MP005,John Doe,Solo Traveller,36-50,Other,France,08-12-2023,December,Winter,Train,Family,Wildlife,3.4,1.2,1.6,4.5,2.7,3.1,73,Keithel The it was season.,I visited Ima Keithel during Winter and it was okay. The Ima Keithel has potential but lacks maintenance. The view is nice though. Might be better in the dry season. Beautiful Well-maintained Authentic Organized,34,Neutral,203,65,Yes,Published,07-06-2025,06-04-2025
RV000036,MP024,Sita Devi,Foreign Tourist,18-25,Female,India,09-08-2023,August,Monsoon,Flight,Solo,Photography,1.2,3.5,3,4.6,3.5,3.3,20,ruined effort The and to,Terrible experience at MP024. The the local culture was poorly maintained and dirty. The the nearby eateries was completely overrated. The crowd and litter ruined the vibe. Not worth the effort to travel here. Unique Interesting Organized Beautiful Well-maintained Stunning,40,Negative,400,129,Yes,Hidden,14-01-2024,12-06-2025
RV000037,MP017,Rahul Verma,Solo Traveller,Above 65,Other,India,21-08-2023,August,Monsoon,Flight,Solo,Education,3.7,1.4,2.3,1.3,2.8,2.1,79,but Unique The okay is,"It's an okay spot. The the views is fine but the facilities are basic. The the nearby eateries was overpriced. However, the local culture around is interesting. Interesting Unique Authentic",30,Neutral,254,160,Yes,Pending,13-10-2023,21-12-2026
RV000038,MP018,John Doe,Solo Traveller,26-35,Female,India,20-06-2025,June,Summer,Walking,Couple,Wildlife,3.5,2.7,2.9,4,4.3,2.8,77,fine nearby Authentic Vibrant are,"It's an okay spot. The the local culture is fine but the facilities are basic. The the nearby eateries was overpriced. However, the local culture around is interesting. Interesting Vibrant Authentic Organized Well-maintained",33,Neutral,297,53,No,Hidden,07-09-2024,22-11-2026
RV000039,MP014,Ravi Shankar,Researcher,26-35,Male,France,10-10-2024,October,Autumn,Car,Corporate Group,Sightseeing,5,1.7,4.1,2.4,1.8,1.1,99,totally worth MP014. Beautiful experience,Excellent experience at MP014. The the restrooms was the highlight. Very clean and organized. The entry fee is totally worth it. A must-visit for Corporate Group and nature lovers. Beautiful Authentic Organized,32,Positive,492,11,No,Pending,06-05-2025,05-05-2025
RV000040,MP066,Anjan Dutta,Local Resident,36-50,Female,India,23-01-2024,January,Winter,Train,Family,Sightseeing,2.1,4.2,1.4,4,4.4,1.7,49,is Zero encountered going disappointing,Very disappointing visit to MP066. The the local culture is in shambles. Zero management. We encountered overcrowding which spoiled our day. Avoid going on weekends or during heavy rain. Unique Vibrant Interesting,32,Negative,156,131,Yes,Pending,13-02-2025,14-12-2026
RV000041,MP019,Sunita Devi,Researcher,51-65,Male,India,12-03-2024,March,Spring,Flight,Friends,Photography,1.8,4.1,3.8,1,4.1,3.6,34,or Manipur. Authentic Worst Stay,Worst tourist spot I have visited in Manipur. The the scenic beauty is neglected. The road to MP019 is terrible. There is no proper signage or safety measures. Stay away! Interesting Authentic Unique Vibrant Well-maintained,35,Negative,142,166,Yes,Hidden,06-04-2024,04-08-2025
RV000042,MP007,Moirangthem,Family Tourist,51-65,Female,India,05-01-2023,January,Winter,Walking,Corporate Group,Pilgrimage,5,2.8,2.2,3.4,1.7,4.5,93,culture local Authentic incredible. were,A wonderful trip to MP007. The the local culture and the surrounding urban skyline were incredible. The facilities were well maintained. It's a hidden gem of Northeast India. Just go for it! Well-maintained Beautiful Vibrant Organized Stunning Authentic,38,Positive,226,27,Yes,Hidden,12-06-2023,02-06-2025
RV000043,MP014,Priya Mehra,Foreign Tourist,Under 18,Female,India,11-01-2024,January,Winter,Train,Educational Tour,Education,4.9,2,4.2,2.3,1,1.3,100,The The MP014. lovers. Educational,Excellent experience at MP014. The the nearby eateries was the highlight. Very clean and organized. The entry fee is totally worth it. A must-visit for Educational Tour and nature lovers. Stunning Vibrant Organized Authentic Unique,35,Positive,124,109,No,Published,18-06-2024,22-11-2026
RV000044,MP036,Jennifer Laiton,Adventure Tourist,Under 18,Male,India,09-08-2024,August,Monsoon,Train,Educational Tour,Adventure,1.3,2.2,2.5,3.6,2.3,3.2,25,The Well-maintained the to maintained,Terrible experience at MP036. The the heritage was poorly maintained and dirty. The the ticketing counter was completely overrated. The crowd and litter ruined the vibe. Not worth the effort to travel here. Organized Well-maintained Unique Authentic Vibrant Beautiful,39,Negative,95,193,Yes,Published,06-08-2024,14-09-2025
RV000045,MP001,Ravi Shankar,Foreign Tourist,Above 65,Male,India,04-12-2023,December,Winter,Train,Couple,Festival,5,4.2,1,2.6,3,3.2,94,wonderful Loktak Northeast greenery incredible.,A wonderful trip to Loktak Lake. The the sunset view and the surrounding greenery were incredible. The facilities were well maintained. It's a hidden gem of Northeast India. Just go for it! Unique Beautiful Well-maintained Interesting,36,Positive,230,13,No,Pending,03-03-2024,06-11-2026
RV000046,MP040,Aisha Rahman,Family Tourist,51-65,Other,India,15-09-2025,September,Monsoon,Bike,Family,Festival,4.2,2.1,3,4.5,2,3.7,93,The about Highly Interesting spent,Visited MP040 last Monsoon. The the heritage was absolutely breathtaking. The the restrooms exceeded my expectations. We spent about 2 hours exploring. The locals were very friendly and helpful. Highly recommend this place to everyone. Beautiful Organized Unique Authentic Vibrant Interesting,41,Positive,49,151,No,Hidden,15-10-2023,17-08-2025
RV000047,MP029,Prakash Choudhary,Domestic Tourist,18-25,Male,India,15-04-2025,April,Spring,Walking,Solo,Nature Exploration,3.6,3.1,4.9,2.1,3.9,1.1,66,for Solo. surrounding if is,Decent place for Solo. MP029 has its charm but the the restrooms was underwhelming. The surrounding area is nice. I would recommend if you have extra time. Unique Interesting Stunning Well-maintained,31,Neutral,358,53,No,Hidden,18-10-2025,16-04-2025
RV000048,MP068,Ravi Shankar,Adventure Tourist,Above 65,Male,India,23-03-2023,March,Spring,Train,Couple,Education,2.2,3.8,1.2,4,1.4,1,35,travel MP068. overrated. crowd The,Terrible experience at MP068. The the scenic beauty was poorly maintained and dirty. The the restrooms was completely overrated. The crowd and litter ruined the vibe. Not worth the effort to travel here. Unique Stunning Authentic,36,Negative,434,16,Yes,Pending,05-10-2023,01-03-2026
RV000049,MP026,Moirangthem,Student,18-25,Other,India,20-10-2023,October,Autumn,Walking,Corporate Group,Research,3.9,1.4,3.5,3.1,1.4,2.2,81,during Well-maintained MP026 be is,I visited MP026 during Autumn and it was okay. The the local culture has potential but lacks maintenance. The view is nice though. Might be better in the dry season. Interesting Beautiful Stunning Well-maintained Organized Vibrant,36,Neutral,157,52,No,Hidden,25-05-2024,14-01-2025
RV000050,MP008,David Thang,Family Tourist,Under 18,Other,India,10-11-2023,November,Autumn,Flight,Family,Adventure,3,4,2.6,3.8,3.4,4.5,60,"However, area overpriced. was basic.","It's an okay spot. The the views is fine but the facilities are basic. The the parking area was overpriced. However, the local culture around is interesting. Vibrant Interesting Authentic Organized",31,Neutral,97,28,Yes,Pending,16-05-2024,18-02-2025
RV000051,MP018,Mangesh Patil,Foreign Tourist,Above 65,Female,India,23-08-2024,August,Monsoon,Flight,Friends,Photography,3.6,3.1,4.6,1.1,1.7,3.2,66,but nice potential okay. has,I visited MP018 during Monsoon and it was okay. The the views has potential but lacks maintenance. The view is nice though. Might be better in the dry season. Authentic Stunning Unique Organized Well-maintained Beautiful,35,Neutral,394,6,Yes,Hidden,08-02-2024,24-12-2025
RV000052,MP010,Sonam Wangdi,Solo Traveller,18-25,Female,India,09-03-2025,March,Spring,Train,Educational Tour,Relaxation,2.9,2,1.5,3.8,4.2,4.6,62,views fine area It's Vibrant,"It's an okay spot. The the views is fine but the facilities are basic. The the parking area was overpriced. However, the local culture around is interesting. Beautiful Vibrant Well-maintained Interesting Authentic",32,Neutral,20,100,Yes,Hidden,25-12-2023,22-06-2025
RV000053,MP014,Govind Singh,Adventure Tourist,Above 65,Male,India,10-09-2024,September,Monsoon,Bike,Educational Tour,Education,3.9,4.6,3.1,2.9,2.2,1.9,87,was The during but is,I visited MP014 during Monsoon and it was okay. The the views has potential but lacks maintenance. The view is nice though. Might be better in the dry season. Unique Authentic Organized Vibrant,33,Neutral,186,9,No,Pending,25-08-2024,15-11-2026
RV000054,MP034,Sanjay Leela,Student,26-35,Other,India,23-12-2023,December,Winter,Flight,Solo,Sightseeing,2.4,3.3,4.7,4,2.4,3.1,54,Interesting counter high for Authentic,Not recommended for Solo. The the ticketing counter was unsafe and unhygienic. The entry fees are too high for what you get. I regret wasting my time here. Interesting Vibrant Unique Authentic Well-maintained Organized,34,Negative,117,109,Yes,Pending,11-04-2023,06-01-2026
RV000055,MP010,Rajesh Kumar,Student,36-50,Female,Thailand,08-02-2023,February,Winter,Flight,Family,Pilgrimage,3.8,1.7,2.5,1.7,3.7,4.1,70,but the The you has,Decent place for Family. MP010 has its charm but the the restrooms was underwhelming. The surrounding area is nice. I would recommend if you have extra time. Beautiful Authentic Vibrant,30,Neutral,201,85,Yes,Hidden,20-07-2025,22-05-2025
RV000056,MP039,Neha Agarwal,Adventure Tourist,26-35,Female,Australia,22-05-2023,May,Summer,Walking,Solo,Festival,3,1.5,4.7,4.2,1.1,4.8,65,are The was Vibrant the,"It's an okay spot. The the local culture is fine but the facilities are basic. The the ticketing counter was overpriced. However, the local culture around is interesting. Organized Vibrant Beautiful",31,Neutral,112,95,Yes,Pending,21-06-2025,22-06-2025
RV000057,MP056,Sonam Wangdi,Student,26-35,Female,Singapore,20-05-2025,May,Summer,Bus,Solo,Research,2.2,1.3,4.2,3.2,4.7,2.6,43,Stunning was time get. here.,Not recommended for Solo. The the ticketing counter was unsafe and unhygienic. The entry fees are too high for what you get. I regret wasting my time here. Organized Vibrant Stunning,31,Negative,168,56,Yes,Hidden,13-06-2023,24-09-2025
RV000058,MP019,Govind Singh,Family Tourist,Under 18,Female,United Kingdom,15-07-2023,July,Monsoon,Taxi,Solo,Adventure,2.8,1.6,3,4.2,4.3,5,65,too decent could Interesting but,Average experience at MP019. The the views is decent but nothing extraordinary. It is good for a one-time visit. The the nearby eateries could be better maintained. Not too crowded when we went. Vibrant Interesting Stunning Organized Beautiful Well-maintained,39,Neutral,320,161,No,Published,04-08-2025,19-07-2026
RV000059,MP028,Moirangthem,Photographer,18-25,Male,Thailand,13-10-2025,October,Autumn,Bus,Family,Education,4.6,4.6,2.5,1.4,3.4,2.6,88,absolutely locals my was exploring.,Visited MP028 last Autumn. The the views was absolutely breathtaking. The the nearby eateries exceeded my expectations. We spent about 5 hours exploring. The locals were very friendly and helpful. Highly recommend this place to everyone. Well-maintained Unique Vibrant,39,Positive,55,192,Yes,Hidden,24-05-2023,07-11-2026
RV000060,MP048,Riya Das,Travel Blogger,26-35,Female,India,08-06-2023,June,Summer,Taxi,Friends,Nature Exploration,1.4,2.7,2.9,2.6,4,1.7,32,trails get. The Authentic was,Not recommended for Friends. The the walking trails was unsafe and unhygienic. The entry fees are too high for what you get. I regret wasting my time here. Authentic Stunning Beautiful,31,Negative,105,51,Yes,Pending,15-07-2024,09-01-2025
RV000061,MP045,Ravi Shankar,Student,51-65,Other,India,09-01-2025,January,Winter,Walking,Educational Tour,Nature Exploration,1.4,1.8,1.6,1.9,3.3,4.1,28,wasting Well-maintained for unhygienic. Educational,Not recommended for Educational Tour. The the restrooms was unsafe and unhygienic. The entry fees are too high for what you get. I regret wasting my time here. Well-maintained Authentic Organized Interesting Stunning Vibrant,34,Negative,456,62,No,Pending,16-03-2024,05-12-2025
RV000062,MP057,Priya Mehra,Local Resident,18-25,Other,India,16-09-2023,September,Monsoon,Walking,Educational Tour,Education,3,1.3,1.4,2.3,3.2,3.6,67,Authentic is is maintained. extraordinary.,Average experience at MP057. The the views is decent but nothing extraordinary. It is good for a one-time visit. The the parking area could be better maintained. Not too crowded when we went. Interesting Beautiful Organized Authentic Stunning,38,Neutral,320,135,Yes,Hidden,25-08-2023,14-08-2026
RV000063,MP025,Riya Das,Solo Traveller,Under 18,Male,India,05-04-2024,April,Spring,Flight,Corporate Group,Wildlife,2.8,1.8,1.6,3.4,5,2.2,49,It culture counter Beautiful ticketing,Average experience at MP025. The the local culture is decent but nothing extraordinary. It is good for a one-time visit. The the ticketing counter could be better maintained. Not too crowded when we went. Beautiful Interesting Organized Stunning Vibrant Authentic,40,Neutral,429,19,Yes,Hidden,11-07-2024,11-04-2025
RV000064,MP007,Sonam Wangdi,Travel Blogger,51-65,Female,India,24-08-2025,August,Monsoon,Bus,Friends,Research,1.7,2.1,3.8,2.7,4.1,3.5,43,the travel counter Terrible experience,Terrible experience at MP007. The the heritage was poorly maintained and dirty. The the ticketing counter was completely overrated. The crowd and litter ruined the vibe. Not worth the effort to travel here. Vibrant Interesting Organized Authentic Unique,38,Negative,354,121,Yes,Published,02-04-2025,14-02-2025
RV000065,MP007,Sunita Devi,Student,Above 65,Male,India,20-01-2025,January,Winter,Train,Solo,Photography,3.8,2,4.7,4.4,2.7,4.9,77,Might during maintenance. was be,I visited MP007 during Winter and it was okay. The the local culture has potential but lacks maintenance. The view is nice though. Might be better in the dry season. Authentic Unique Vibrant Interesting,34,Neutral,227,186,Yes,Pending,14-11-2025,09-02-2026
RV000066,MP048,Neha Agarwal,Travel Blogger,26-35,Other,India,11-02-2024,February,Winter,Train,Educational Tour,Education,2.8,3.6,2,3.7,2.2,2.5,52,season. is the during potential,I visited MP048 during Winter and it was okay. The the views has potential but lacks maintenance. The view is nice though. Might be better in the dry season. Well-maintained Beautiful Interesting,32,Neutral,30,176,Yes,Hidden,22-04-2024,17-10-2025
RV000067,MP017,Laishram Devi,Domestic Tourist,Above 65,Female,India,03-08-2023,August,Monsoon,Flight,Solo,Relaxation,3.1,3.6,4.7,2.8,3.7,4.3,69,Vibrant be the and views,I visited MP017 during Monsoon and it was okay. The the views has potential but lacks maintenance. The view is nice though. Might be better in the dry season. Vibrant Authentic Stunning,32,Neutral,272,57,Yes,Published,01-07-2024,05-10-2025
RV000068,MP043,John Doe,Foreign Tourist,Under 18,Female,India,06-09-2025,September,Monsoon,Walking,Friends,Nature Exploration,2,2.2,4.7,4.3,4,3.2,39,and the The get. regret,Not recommended for Friends. The the nearby eateries was unsafe and unhygienic. The entry fees are too high for what you get. I regret wasting my time here. Vibrant Authentic Organized,31,Negative,427,41,Yes,Published,22-04-2024,10-07-2026
RV000069,MP034,Tongbram Singh,Travel Blogger,36-50,Male,Japan,12-02-2024,February,Winter,Train,Family,Research,4,3.7,1.2,2.9,1,2.6,72,Authentic A at and The,Excellent experience at MP034. The the nearby eateries was the highlight. Very clean and organized. The entry fee is totally worth it. A must-visit for Family and nature lovers. Vibrant Well-maintained Interesting Unique Stunning Authentic,35,Positive,384,199,No,Hidden,11-11-2024,16-10-2026
RV000070,MP048,Emily Stone,Solo Traveller,18-25,Female,India,03-05-2024,May,Summer,Flight,Corporate Group,Photography,2.1,2.4,1.2,2.5,1.4,3.3,37,spoiled We heritage disappointing on,Very disappointing visit to MP048. The the heritage is in shambles. Zero management. We encountered overcrowding which spoiled our day. Avoid going on weekends or during heavy rain. Stunning Beautiful Unique Vibrant,32,Negative,74,31,No,Pending,07-05-2025,25-05-2025
RV000071,MP030,Aisha Rahman,Adventure Tourist,Under 18,Other,India,01-09-2024,September,Monsoon,Bike,Family,Education,4.1,4.6,1.8,3.8,4.7,1.7,79,The so again. back world-class.,I had an amazing experience at MP030 in September. The the local culture is world-class. The atmosphere was so peaceful and relaxing. Perfect for Family. Will definitely come back again. Unique Vibrant Stunning Interesting Authentic Well-maintained,36,Positive,322,148,No,Pending,09-02-2024,16-12-2026
RV000072,MP033,Sunita Devi,Domestic Tourist,51-65,Female,India,04-06-2025,June,Summer,Car,Friends,Sightseeing,2.3,5,3.1,4.6,2.3,3.1,49,away! Authentic Stunning There road,Worst tourist spot I have visited in Manipur. The the views is neglected. The road to MP033 is terrible. There is no proper signage or safety measures. Stay away! Vibrant Beautiful Stunning Unique Authentic,34,Negative,73,189,Yes,Published,24-06-2023,04-04-2026
RV000073,MP051,John Doe,Domestic Tourist,Above 65,Other,India,15-11-2023,November,Autumn,Walking,Couple,Photography,1.3,1.7,2.1,1.9,2.9,2.2,25,maintained The Not here. the,Terrible experience at MP051. The the views was poorly maintained and dirty. The the restrooms was completely overrated. The crowd and litter ruined the vibe. Not worth the effort to travel here. Interesting Well-maintained Unique Beautiful Organized Authentic,38,Negative,427,79,Yes,Pending,21-09-2025,24-07-2026
RV000074,MP020,Tongbram Singh,Travel Blogger,18-25,Other,India,07-11-2025,November,Autumn,Car,Educational Tour,Sightseeing,4.9,2.3,4.1,2.5,3.9,4.4,89,totally clean Tour the eateries,Excellent experience at MP020. The the nearby eateries was the highlight. Very clean and organized. The entry fee is totally worth it. A must-visit for Educational Tour and nature lovers. Unique Well-maintained Beautiful Authentic Stunning,35,Positive,271,107,No,Hidden,02-11-2024,09-05-2025
RV000075,MP017,Emily Stone,Family Tourist,26-35,Female,India,19-05-2024,May,Summer,Car,Corporate Group,Festival,3,1.4,4.8,4.2,3.1,3.9,67,culture okay The Unique but,"It's an okay spot. The the views is fine but the facilities are basic. The the ticketing counter was overpriced. However, the local culture around is interesting. Vibrant Beautiful Unique Well-maintained Authentic",32,Neutral,421,32,No,Published,07-02-2024,14-04-2025
RV000076,MP007,Kiran Bhatt,Adventure Tourist,26-35,Male,France,06-08-2023,August,Monsoon,Train,Corporate Group,Relaxation,2,2.6,4,2.7,4.7,3.2,32,entry recommended wasting what I,Not recommended for Corporate Group. The the walking trails was unsafe and unhygienic. The entry fees are too high for what you get. I regret wasting my time here. Interesting Unique Organized Authentic Vibrant Well-maintained,35,Negative,38,176,No,Published,01-09-2025,16-03-2026
RV000077,MP046,Riya Das,Solo Traveller,26-35,Female,India,21-03-2024,March,Spring,Bus,Educational Tour,Nature Exploration,4.7,3.4,3.8,4.2,1.9,1.7,98,hours everyone. friendly culture this,Visited MP046 last Spring. The the local culture was absolutely breathtaking. The the ticketing counter exceeded my expectations. We spent about 4 hours exploring. The locals were very friendly and helpful. Highly recommend this place to everyone. Vibrant Stunning Beautiful,40,Positive,63,138,No,Hidden,12-06-2023,14-04-2025
RV000078,MP035,Hidetoshi Tanaka,Adventure Tourist,Above 65,Other,India,14-12-2025,December,Winter,Walking,Solo,Relaxation,3.9,1.5,2.5,1.3,4.4,2.5,83,if Decent have the Beautiful,Decent place for Solo. MP035 has its charm but the the ticketing counter was underwhelming. The surrounding area is nice. I would recommend if you have extra time. Vibrant Beautiful Stunning Well-maintained,32,Neutral,116,184,Yes,Hidden,24-11-2024,24-08-2025
RV000079,MP020,Kiran Bhatt,Adventure Tourist,18-25,Male,India,07-02-2025,February,Winter,Bus,Corporate Group,Nature Exploration,3,3.7,3.5,2.1,3.6,4.2,52,Winter Organized the is be,I visited MP020 during Winter and it was okay. The the views has potential but lacks maintenance. The view is nice though. Might be better in the dry season. Organized Beautiful Vibrant,32,Neutral,470,126,Yes,Pending,11-01-2025,18-01-2025
RV000080,MP024,Sanjay Leela,Local Resident,Under 18,Other,India,21-10-2025,October,Autumn,Bike,Corporate Group,Nature Exploration,2.6,1.5,1.5,4.3,4.4,2.6,47,"Beautiful the interesting. However, It's","It's an okay spot. The the scenic beauty is fine but the facilities are basic. The the restrooms was overpriced. However, the local culture around is interesting. Beautiful Well-maintained Vibrant Authentic Organized",32,Neutral,78,4,No,Published,05-01-2025,03-08-2025
RV000081,MP015,Kiran Bhatt,Student,Under 18,Male,India,08-11-2025,November,Autumn,Bike,Educational Tour,Festival,2.1,3,4.9,4.1,2.5,1.1,45,Interesting here. unhygienic. The recommended,Not recommended for Educational Tour. The the ticketing counter was unsafe and unhygienic. The entry fees are too high for what you get. I regret wasting my time here. Vibrant Beautiful Well-maintained Interesting,33,Negative,39,7,No,Published,19-02-2025,10-03-2026
RV000082,MP009,Arun Kumar,Domestic Tourist,36-50,Other,Germany,15-02-2024,February,Winter,Walking,Solo,Nature Exploration,3.1,4.2,1.3,1,1.5,3.8,69,is could Interesting culture nothing,Average experience at MP009. The the local culture is decent but nothing extraordinary. It is good for a one-time visit. The the parking area could be better maintained. Not too crowded when we went. Authentic Well-maintained Unique Interesting Stunning Beautiful,40,Neutral,179,78,No,Hidden,01-04-2025,09-08-2025
RV000083,MP065,Mangesh Patil,Researcher,Above 65,Other,India,18-04-2024,April,Spring,Train,Couple,Research,2.2,3.8,1.2,2.1,1.5,3.9,48,Avoid Interesting Organized heavy rude,Very disappointing visit to MP065. The the scenic beauty is in shambles. Zero management. We encountered rude staff which spoiled our day. Avoid going on weekends or during heavy rain. Interesting Well-maintained Stunning Vibrant Beautiful Organized,36,Negative,383,94,No,Pending,08-03-2023,11-03-2025
RV000084,MP048,Hidetoshi Tanaka,Student,36-50,Male,India,15-03-2024,March,Spring,Bus,Educational Tour,Photography,3.2,5,2.7,3.5,3.1,1.3,57,The overpriced. the facilities eateries,"It's an okay spot. The the heritage is fine but the facilities are basic. The the nearby eateries was overpriced. However, the local culture around is interesting. Stunning Vibrant Unique",30,Neutral,260,107,Yes,Published,23-05-2024,23-09-2025
RV000085,MP044,Rajesh Kumar,Student,51-65,Female,India,22-05-2025,May,Summer,Bus,Couple,Festival,2.1,2.6,2,1.7,3.7,3.8,48,Well-maintained The tourist There MP044,Worst tourist spot I have visited in Manipur. The the local culture is neglected. The road to MP044 is terrible. There is no proper signage or safety measures. Stay away! Vibrant Stunning Interesting Well-maintained Unique Organized,36,Negative,360,17,No,Pending,05-08-2023,24-04-2025
RV000086,MP009,Kiran Bhatt,Photographer,36-50,Other,India,01-08-2024,August,Monsoon,Flight,Family,Adventure,4.7,4,3.9,3.8,1.9,1.2,100,had world-class. peaceful definitely relaxing.,I had an amazing experience at MP009 in August. The the local culture is world-class. The atmosphere was so peaceful and relaxing. Perfect for Family. Will definitely come back again. Interesting Stunning Beautiful,33,Positive,374,108,No,Hidden,13-05-2024,03-04-2025
RV000087,MP055,Arun Kumar,Travel Blogger,51-65,Male,Malaysia,20-07-2024,July,Monsoon,Bus,Couple,Education,1,1.1,2.4,2.5,4.8,2.9,28,encountered Interesting to is MP055.,Very disappointing visit to MP055. The the heritage is in shambles. Zero management. We encountered overcrowding which spoiled our day. Avoid going on weekends or during heavy rain. Well-maintained Authentic Interesting Unique Beautiful Vibrant,34,Negative,181,16,Yes,Hidden,23-03-2025,20-04-2025
RV000088,MP032,Moirangthem,Family Tourist,18-25,Other,India,15-12-2025,December,Winter,Bus,Family,Festival,3,1.8,3.5,4.3,1.1,4.7,63,The maintained. the experience Not,Average experience at MP032. The the local culture is decent but nothing extraordinary. It is good for a one-time visit. The the walking trails could be better maintained. Not too crowded when we went. Vibrant Interesting Organized Unique Well-maintained,39,Neutral,22,129,Yes,Published,07-01-2024,11-06-2026
RV000089,MP012,Bimol Sharma,Family Tourist,Under 18,Other,India,10-12-2024,December,Winter,Bus,Solo,Photography,4.5,2.8,1.1,2.8,2,3.3,84,Visited helpful. Interesting exceeded 2,Visited MP012 last Winter. The the local culture was absolutely breathtaking. The the walking trails exceeded my expectations. We spent about 2 hours exploring. The locals were very friendly and helpful. Highly recommend this place to everyone. Organized Beautiful Interesting,40,Positive,154,84,Yes,Hidden,23-11-2025,13-06-2026
RV000090,MP012,Lara Croft,Domestic Tourist,Under 18,Other,India,18-08-2025,August,Monsoon,Flight,Family,Festival,2.4,4.4,4.6,3.8,2.1,1.2,41,or Worst is There have,Worst tourist spot I have visited in Manipur. The the heritage is neglected. The road to MP012 is terrible. There is no proper signage or safety measures. Stay away! Stunning Unique Authentic,32,Negative,482,149,No,Pending,16-09-2023,25-06-2025
RV000091,MP012,Mangesh Patil,Adventure Tourist,51-65,Other,India,05-10-2023,October,Autumn,Flight,Couple,Education,2.2,2.6,3.2,4.4,1.7,2.4,38,overrated. Vibrant litter and and,Terrible experience at MP012. The the local culture was poorly maintained and dirty. The the restrooms was completely overrated. The crowd and litter ruined the vibe. Not worth the effort to travel here. Organized Unique Vibrant Stunning,37,Negative,287,13,Yes,Pending,03-08-2024,04-09-2025
RV000092,MP020,David Thang,Domestic Tourist,18-25,Other,India,03-06-2024,June,Summer,Car,Educational Tour,Education,4.1,4.9,2.7,2.6,3.6,3.4,75,of The culture Vibrant were,A wonderful trip to MP020. The the local culture and the surrounding urban skyline were incredible. The facilities were well maintained. It's a hidden gem of Northeast India. Just go for it! Organized Beautiful Well-maintained Vibrant Unique Interesting,38,Positive,166,46,Yes,Published,05-11-2025,17-02-2025
RV000093,MP006,Bimol Sharma,Domestic Tourist,36-50,Male,India,24-03-2023,March,Spring,Bus,Solo,Sightseeing,3.2,1.5,2.5,2.8,2.5,2.9,63,Stunning interesting. The fine culture,"It's an okay spot. The the scenic beauty is fine but the facilities are basic. The the restrooms was overpriced. However, the local culture around is interesting. Authentic Stunning Vibrant Organized",31,Neutral,257,137,Yes,Published,06-08-2025,07-12-2026
RV000094,MP011,Sanjay Leela,Local Resident,51-65,Female,India,07-09-2023,September,Monsoon,Flight,Solo,Adventure,4.6,4.8,4.6,1.8,5,2.9,89,MP011. Just Northeast of wonderful,A wonderful trip to MP011. The the views and the surrounding urban skyline were incredible. The facilities were well maintained. It's a hidden gem of Northeast India. Just go for it! Well-maintained Vibrant Interesting,34,Positive,16,157,No,Published,07-01-2024,11-11-2026
RV000095,MP017,Bimol Sharma,Student,51-65,Female,Thailand,01-11-2025,November,Autumn,Flight,Educational Tour,Photography,3,5,4,1.4,3.6,4.1,51,season. nice has local be,I visited MP017 during Autumn and it was okay. The the local culture has potential but lacks maintenance. The view is nice though. Might be better in the dry season. Vibrant Organized Authentic Beautiful Well-maintained,35,Neutral,486,69,No,Pending,19-10-2025,03-01-2026
RV000096,MP069,Emily Stone,Foreign Tourist,51-65,Male,India,10-11-2023,November,Autumn,Flight,Friends,Research,2.9,3.1,3.5,1.4,1,4.1,60,nice. if I Friends. Well-maintained,Decent place for Friends. MP069 has its charm but the the walking trails was underwhelming. The surrounding area is nice. I would recommend if you have extra time. Beautiful Authentic Well-maintained,31,Neutral,389,60,Yes,Hidden,10-03-2024,02-01-2026
RV000097,MP043,Govind Singh,Foreign Tourist,18-25,Female,India,15-12-2025,December,Winter,Bus,Family,Research,3.2,3,1.6,4.1,4.8,4.5,74,charm the I Organized nice.,Decent place for Family. MP043 has its charm but the the nearby eateries was underwhelming. The surrounding area is nice. I would recommend if you have extra time. Vibrant Well-maintained Organized Authentic Beautiful,33,Neutral,285,173,Yes,Published,13-09-2023,11-11-2025
RV000098,MP011,Hidetoshi Tanaka,Solo Traveller,Above 65,Other,France,02-12-2024,December,Winter,Car,Family,Education,5,2.4,4.9,3.7,3.2,4.9,97,views an Unique Family. I,I had an amazing experience at MP011 in December. The the views is world-class. The atmosphere was so peaceful and relaxing. Perfect for Family. Will definitely come back again. Well-maintained Organized Unique Interesting Authentic Vibrant,35,Positive,149,61,Yes,Published,11-02-2023,14-11-2026
RV000099,MP035,Bimol Sharma,Adventure Tourist,Under 18,Female,India,18-02-2025,February,Winter,Bus,Family,Nature Exploration,1.7,4.1,4.6,2.1,4.4,1.2,25,heritage the Vibrant experience The,Terrible experience at MP035. The the heritage was poorly maintained and dirty. The the restrooms was completely overrated. The crowd and litter ruined the vibe. Not worth the effort to travel here. Interesting Well-maintained Authentic Vibrant Unique Stunning,38,Negative,4,116,No,Pending,03-06-2024,07-09-2026
RV000100,MP007,Aisha Rahman,Adventure Tourist,18-25,Female,India,24-11-2025,November,Autumn,Walking,Couple,Sightseeing,1.9,1.1,4.8,3.6,3.2,3.9,32,vibe. The effort crowd Stunning,Terrible experience at MP007. The the views was poorly maintained and dirty. The the nearby eateries was completely overrated. The crowd and litter ruined the vibe. Not worth the effort to travel here. Vibrant Well-maintained Organized Authentic Stunning,38,Negative,377,113,No,Pending,07-07-2023,17-08-2025
RV000101,MP050,Rajesh Kumar,Foreign Tourist,51-65,Male,India,20-06-2024,June,Summer,Bus,Educational Tour,Adventure,2,1.9,2.5,5,3.3,4.9,47,vibe. and travel eateries The,Terrible experience at MP050. The the views was poorly maintained and dirty. The the nearby eateries was completely overrated. The crowd and litter ruined the vibe. Not worth the effort to travel here. Authentic Unique Interesting Stunning Vibrant,38,Negative,168,120,No,Published,22-07-2025,20-05-2025
RV000102,MP044,Sonam Wangdi,Photographer,51-65,Male,Singapore,12-12-2023,December,Winter,Walking,Couple,Photography,3.5,2,4.2,4.4,3.3,3.1,64,It's are around Unique culture,"It's an okay spot. The the scenic beauty is fine but the facilities are basic. The the walking trails was overpriced. However, the local culture around is interesting. Organized Unique Authentic Beautiful Interesting",33,Neutral,244,54,No,Published,05-04-2025,14-09-2025
RV000103,MP001,Moirangthem,Foreign Tourist,26-35,Female,India,01-03-2025,March,Spring,Taxi,Educational Tour,Festival,2.3,4.9,4.8,3.8,4,3.2,38,to The road Vibrant terrible.,Worst tourist spot I have visited in Manipur. The Loktak Lake is neglected. The road to Loktak Lake is terrible. There is no proper signage or safety measures. Stay away! Beautiful Authentic Organized Vibrant,34,Negative,313,156,Yes,Pending,07-07-2025,21-01-2026
RV000104,MP009,Vikram Singh,Photographer,Above 65,Female,India,18-04-2023,April,Spring,Car,Corporate Group,Research,5,4,2.3,1.9,2.6,3.2,99,were go The Stunning Vibrant,A wonderful trip to MP009. The the scenic beauty and the surrounding greenery were incredible. The facilities were well maintained. It's a hidden gem of Northeast India. Just go for it! Unique Stunning Vibrant Well-maintained Authentic,36,Positive,67,0,No,Published,24-12-2023,25-12-2026
RV000105,MP012,Emily Stone,Researcher,36-50,Female,India,15-06-2023,June,Summer,Flight,Couple,Adventure,2.1,3,4.5,1.1,2.7,4.8,39,on rain. shambles. heavy Avoid,Very disappointing visit to MP012. The the views is in shambles. Zero management. We encountered broken pathways which spoiled our day. Avoid going on weekends or during heavy rain. Well-maintained Interesting Beautiful Stunning Vibrant,34,Negative,129,36,Yes,Hidden,13-06-2023,24-01-2025
RV000106,MP047,Priya Mehra,Local Resident,26-35,Female,India,13-01-2024,January,Winter,Bike,Corporate Group,Adventure,3.7,4.7,4.2,3.7,4.9,1.5,67,Winter Stunning The visited during,I visited MP047 during Winter and it was okay. The the views has potential but lacks maintenance. The view is nice though. Might be better in the dry season. Organized Authentic Beautiful Stunning Vibrant Unique,35,Neutral,82,90,No,Pending,08-02-2023,07-08-2025
RV000107,MP010,,,,Other,India,17-10-2025,October,Autumn,Flight,Family,Adventure,4.6,2.2,2.1,1.5,3.6,2.8,89,Visited beauty recommend exploring. to,Visited MP010 last Autumn. The the scenic beauty was absolutely breathtaking. The the nearby eateries exceeded my expectations. We spent about 1 hours exploring. The locals were very friendly and helpful. Highly recommend this place to everyone. Stunning Beautiful Unique Interesting Vibrant,42,Positive,471,100,No,Pending,07-04-2024,02-11-2026
RV000108,MP036,Emily Stone,Family Tourist,Under 18,Other,France,15-07-2023,July,Monsoon,Train,Solo,Adventure,3,2.3,1.3,1.4,3.9,3.5,60,the views facilities The eateries,"It's an okay spot. The the views is fine but the facilities are basic. The the nearby eateries was overpriced. However, the local culture around is interesting. Unique Stunning Authentic",30,Neutral,50,120,Yes,Hidden,02-01-2023,17-07-2025
RV000109,MP031,Rajesh Kumar,Adventure Tourist,Above 65,Other,United Kingdom,16-10-2024,October,Autumn,Bike,Educational Tour,Pilgrimage,4.5,3.2,4.9,2.1,1.7,2.8,99,was clean worth it. walking,Excellent experience at MP031. The the walking trails was the highlight. Very clean and organized. The entry fee is totally worth it. A must-visit for Educational Tour and nature lovers. Authentic Vibrant Organized Well-maintained Unique Beautiful,36,Positive,3,193,Yes,Published,12-11-2025,23-11-2025
RV000110,MP018,Rahul Verma,Local Resident,Under 18,femail,India,19-08-2024,August,Monsoon,Car,Solo,Sightseeing,3.5,2.9,2.9,3.3,2.5,3.1,66,when but is for MP018.,Average experience at MP018. The the heritage is decent but nothing extraordinary. It is good for a one-time visit. The the walking trails could be better maintained. Not too crowded when we went. Well-maintained Authentic Beautiful Organized Vibrant Interesting,39,Neutral,333,22,Yes,Hidden,24-12-2023,14-08-2025
RV000111,MP045,Neha Agarwal,Researcher,26-35,Female,India,10-04-2024,April,Spring,Bus,Corporate Group,Nature Exploration,3.9,3.3,1.8,3.6,1.4,4.5,82,Not a Beautiful extraordinary. decent,Average experience at MP045. The the views is decent but nothing extraordinary. It is good for a one-time visit. The the walking trails could be better maintained. Not too crowded when we went. Beautiful Organized Well-maintained,36,Neutral,440,49,Yes,Hidden,08-11-2025,19-05-2025
RV000112,MP020,Prakash Choudhary,Researcher,26-35,Female,India,08-11-2023,November,Autumn,Taxi,Educational Tour,Adventure,3.9,4.4,2.5,2.8,2.8,2.1,82,The too maintained. good MP020.,Average experience at MP020. The the local culture is decent but nothing extraordinary. It is good for a one-time visit. The the parking area could be better maintained. Not too crowded when we went. Unique Vibrant Authentic,37,Neutral,414,146,No,Hidden,18-06-2025,08-11-2026
RV000113,MP037,Sanjay Leela,Foreign Tourist,36-50,Female,India,09-10-2024,October,Autumn,Train,Friends,Adventure,3.2,4.4,2.8,1.8,3.8,3.4,57,Well-maintained The the Beautiful is,"It's an okay spot. The the views is fine but the facilities are basic. The the walking trails was overpriced. However, the local culture around is interesting. Beautiful Stunning Well-maintained Unique Authentic Interesting",33,Neutral,258,117,No,Published,09-10-2024,20-02-2026
RV000114,MP016,Prakash Choudhary,Foreign Tourist,26-35,Female,India,23-03-2025,March,Spring,Train,Couple,Research,4.1,3.2,3.7,3.8,2.6,4.6,74,is was Excellent entry and,Excellent experience at MP016. The the nearby eateries was the highlight. Very clean and organized. The entry fee is totally worth it. A must-visit for Couple and nature lovers. Vibrant Organized Beautiful,32,Positive,469,69,No,Published,18-04-2023,11-04-2026
RV000115,MP033,Vikram Singh,Solo Traveller,51-65,Male,France,24-06-2025,June,Summer,Train,Corporate Group,Research,1.8,4.4,1.6,3.5,4.4,2.4,46,views at to Interesting The,Terrible experience at MP033. The the views was poorly maintained and dirty. The the nearby eateries was completely overrated. The crowd and litter ruined the vibe. Not worth the effort to travel here. Interesting Beautiful Stunning Organized Unique Authentic,39,negativ,126,84,Yes,Pending,14-08-2025,01-01-2026
RV000116,MP016,Sunita Devi,Adventure Tourist,18-25,Male,India,03-06-2024,June,Summer,Walking,Solo,Wildlife,2.7,4.5,3.2,4.1,4.1,4.9,48,it heritage MP016 is the,I visited MP016 during Summer and it was okay. The the heritage has potential but lacks maintenance. The view is nice though. Might be better in the dry season. Well-maintained Stunning Unique Vibrant,33,Neutral,415,9,Yes,Hidden,23-09-2023,25-04-2025
RV000117,MP009,Bimol Sharma,Travel Blogger,26-35,Female,India,06-10-2024,October,Autumn,Bike,Corporate Group,Relaxation,2.4,2,3,3.2,2.3,1.7,48,views maintained effort walking the,Terrible experience at MP009. The the views was poorly maintained and dirty. The the walking trails was completely overrated. The crowd and litter ruined the vibe. Not worth the effort to travel here. Vibrant Unique Interesting,36,Negative,180,74,Yes,Hidden,18-11-2023,09-11-2026
RV000118,MP003,Anjan Dutta,Photographer,Above 65,Male,India,24-04-2025,April,Spring,Walking,Friends,Pilgrimage,5,1.5,3.6,2.6,2.5,4.8,91,5 everyone. absolutely breathtaking. The,Visited Kangla Fort last Spring. The the ancient temples was absolutely breathtaking. The the walking trails exceeded my expectations. We spent about 5 hours exploring. The locals were very friendly and helpful. Highly recommend this place to everyone. Well-maintained Unique Authentic Interesting,42,Positive,153,34,Yes,Hidden,09-11-2023,12-04-2026
RV000119,MP023,Moirangthem,Domestic Tourist,Under 18,Male,India,22-10-2023,October,Autumn,Taxi,Educational Tour,Research,2.6,2.5,2.3,3.6,1.9,1.8,55,Not extraordinary. could The better,Average experience at MP023. The the local culture is decent but nothing extraordinary. It is good for a one-time visit. The the ticketing counter could be better maintained. Not too crowded when we went. Interesting Unique Organized Authentic,38,Neutral,470,69,Yes,Pending,04-08-2024,10-11-2025
RV000120,MP011, Neha Agarwal,Adventure Tourist ,36-50,Other,India,04-05-2024,May,Summer,Taxi,Corporate Group,Nature Exploration,5,4.4,4.2,4,4.1,4,100,very this Stunning We and,Visited MP011 last Summer. The the local culture was absolutely breathtaking. The the ticketing counter exceeded my expectations. We spent about 2 hours exploring. The locals were very friendly and helpful. Highly recommend this place to everyone. Vibrant Unique Beautiful Organized Stunning,42,Positive,435,69,No,Hidden,22-10-2025,10-06-2025
RV000121,MP010,David Thang,Travel Blogger,18-25,Male,India,09-06-2025,June,Summer,Flight,Couple,Photography,4.7,4.7,4.1,3.2,3.9,4.5,88,A and Well-maintained and totally,Excellent experience at MP010. The the walking trails was the highlight. Very clean and organized. The entry fee is totally worth it. A must-visit for Couple and nature lovers. Beautiful Vibrant Well-maintained,32,Positive,247,35,Yes,Published,04-03-2023,10-07-2025
RV000122,MP027,Aisha Rahman,Travel Blogger,Under 18,Female,Singapore,08-02-2023,February,Winter,Taxi,Corporate Group,Research,2.5,2.3,1,3.7,1.5,3,49,but The has Unique its,Decent place for Corporate Group. MP027 has its charm but the the ticketing counter was underwhelming. The surrounding area is nice. I would recommend if you have extra time. Beautiful Authentic Unique,32,Negative,401,30,No,Published,05-12-2025,04-09-2026
RV000123,MP014,Jennifer Laiton,Foreign Tourist,51-65,Female,India,24-07-2023,July,Monsoon,Flight,Friends,Education,3.3,1.8,3.6,4.5,3.1,4.3,59,Friends. underwhelming. Decent recommend is,Decent place for Friends. MP014 has its charm but the the nearby eateries was underwhelming. The surrounding area is nice. I would recommend if you have extra time. Beautiful Organized Authentic,31,Neutral,498,95,Yes,Published,12-05-2023,09-01-2025
RV000124,MP008,Jennifer Laiton,Researcher,Above 65,Other,India,02-03-2024,March,Spring,Bus,Family,Adventure,2.4,2.7,4.9,1.6,3.5,4.5,57,and local the MP008. The,Terrible experience at MP008. The the local culture was poorly maintained and dirty. The the walking trails was completely overrated. The crowd and litter ruined the vibe. Not worth the effort to travel here. Beautiful Stunning Unique Well-maintained Authentic,39,Negative,58,67,Yes,Hidden,04-10-2023,17-01-2026
RV000125,MP026,Sunita Devi,Domestic Tourist,36-50,Female,India,19-05-2023,May,Summer,Train,Friends,Festival,5.8,3.4,2.8,1.3,4.7,1.5,66,nearby highlight. clean must-visit worth,Excellent experience at MP026. The the nearby eateries was the highlight. Very clean and organized. The entry fee is totally worth it. A must-visit for Friends and nature lovers. Interesting Well-maintained Stunning Organized,33,Neutral,100,54,Yes,Pending,17-03-2023,06-01-2025
RV000126,MP046,Rahul Verma,Solo Traveller,18-25,Male,France,06-03-2025,March,Spring,Car,Corporate Group,Photography,2,3.4,1.5,3,1.7,4.7,49,to Worst Interesting road visited,Worst tourist spot I have visited in Manipur. The the local culture is neglected. The road to MP046 is terrible. There is no proper signage or safety measures. Stay away! Stunning Well-maintained Interesting,33,Negative,397,120,Yes,Pending,16-06-2025,16-12-2026
RV000127,MP059,David Thang,Photographer,18-25,Male,India,18-11-2024,November,Autumn,Car,Friends,Festival,1,3.8,4.7,5,4.1,2.2,20,fees recommended Friends. eateries unhygienic.,Not recommended for Friends. The the nearby eateries was unsafe and unhygienic. The entry fees are too high for what you get. I regret wasting my time here. Beautiful Authentic Unique Vibrant Well-maintained,33,Negative,52,184,Yes,Pending,08-04-2023,05-08-2025
RV000128,MP061,Ravi Shankar,Solo Traveller,18-25,Female,India,21-05-2024,May,Summer,Bike,Educational Tour,Pilgrimage,3.8,4.7,3.6,3,2.6,4.5,72,one-time at Organized The Beautiful,Average experience at MP061. The the scenic beauty is decent but nothing extraordinary. It is good for a one-time visit. The the nearby eateries could be better maintained. Not too crowded when we went. Organized Beautiful Well-maintained Unique Interesting,39,Neutral,436,171,No,Published,14-02-2024,10-08-2026
RV000129,MP006,Aisha Rahman,Adventure Tourist,18-25,Other,United Kingdom,10-03-2024,March,Spring,Walking,Corporate Group,Nature Exploration,3.8,1.4,4.1,4.5,2.3,2.5,72,at maintained. better crowded we,Average experience at MP006. The the scenic beauty is decent but nothing extraordinary. It is good for a one-time visit. The the ticketing counter could be better maintained. Not too crowded when we went. Interesting Organized Well-maintained Stunning,38,Neutral,486,3,No,Published,01-10-2024,02-07-2026
RV000130,MP014,Sunita Devi,Domestic Tourist,51-65,Male,India,23-04-2023,April,Spring,Flight,Couple,Festival,3,3.4,3.2,3,3,1.3,55,fine basic. Organized was The,"It's an okay spot. The the heritage is fine but the facilities are basic. The the walking trails was overpriced. However, the local culture around is interesting. Organized Stunning Interesting Vibrant Authentic Well-maintained",33,Neutral,449,195,No,Hidden,20-07-2023,14-05-2025
RV000131,MP068,Bimol Sharma,Travel Blogger,36-50,Male,India,25-03-2024,March,Spring,Train,Friends,Sightseeing,1,2.1,1.1,1,4.5,4.1,13,away! neglected. road proper The,Worst tourist spot I have visited in Manipur. The the views is neglected. The road to MP068 is terrible. There is no proper signage or safety measures. Stay away! Unique Well-maintained Interesting,32,Negative,454,44,No,Hidden,18-12-2024,14-09-2026
RV000132,MP064,Bimol Sharma,Solo Traveller,Under 18,Male,United States,12-06-2025,June,Summer,Train,Family,Adventure,1.4,2.6,4.9,1.9,5,3.8,21,overrated. the and crowd the,Terrible experience at MP064. The the scenic beauty was poorly maintained and dirty. The the nearby eateries was completely overrated. The crowd and litter ruined the vibe. Not worth the effort to travel here. Beautiful Authentic Organized Well-maintained,38,Negative,410,28,No,Pending,09-05-2024,02-10-2025
RV000133,MP017,Deepika Ningthoujam,Photographer,36-50,Female,India,02-09-2023,September,Monsoon,Car,Solo,Education,5,1.3,3.9,3.8,3.4,1.6,95,The spent Vibrant breathtaking. to,Visited MP017 last Monsoon. The the local culture was absolutely breathtaking. The the restrooms exceeded my expectations. We spent about 4 hours exploring. The locals were very friendly and helpful. Highly recommend this place to everyone. Unique Interesting Authentic Vibrant,40,Positive,224,156,No,Published,04-06-2023,20-11-2025
RV000134,MP032,Tongbram Singh,Family Tourist,26-35,Male,India,02-09-2024,September,Monsoon,Bus,Family,Education,2,4.6,2.9,3.3,1.7,3.2,32,scam weekends We going heavy,Very disappointing visit to MP032. The the heritage is in shambles. Zero management. We encountered scam guides which spoiled our day. Avoid going on weekends or during heavy rain. Vibrant Beautiful Well-maintained Organized Unique,34,Negative,125,144,Yes,Published,04-11-2024,04-09-2025
RV000135,MP027,Aisha Rahman,Domestic Tourist,Above 65,Female,India,19-11-2025,November,Autumn,Walking,Educational Tour,Pilgrimage,2.3,1.8,4.6,1.7,2,1.1,42,Vibrant the worth MP027. poorly,Terrible experience at MP027. The the scenic beauty was poorly maintained and dirty. The the walking trails was completely overrated. The crowd and litter ruined the vibe. Not worth the effort to travel here. Beautiful Unique Vibrant Organized Stunning,39,Negative,23,0,Yes,Pending,08-11-2024,25-05-2026
RV000136,MP018,Hidetoshi Tanaka,Domestic Tourist,Above 65,Other,India,10-01-2024,January,Winter,Bike,Solo,Education,3.7,1.9,3.6,1.5,4,4.4,84,was Stunning Authentic has and,I visited MP018 during Winter and it was okay. The the local culture has potential but lacks maintenance. The view is nice though. Might be better in the dry season. Stunning Vibrant Well-maintained Authentic,34,Neutral,72,124,No,Published,06-03-2025,19-03-2025
RV000137,MP011,Govind Singh,Family Tourist,26-35,Other,Malaysia,17-12-2023,December,Winter,Flight,Educational Tour,Nature Exploration,3,1.2,4.2,3.5,4.2,3.4,66,is an the The local,"It's an okay spot. The the scenic beauty is fine but the facilities are basic. The the restrooms was overpriced. However, the local culture around is interesting. Organized Interesting Well-maintained",30,Neutral,470,40,Yes,Published,21-06-2025,25-05-2026
RV000138,MP045,Priya Mehra,Local Resident,36-50,Female,India,15-05-2024,May,Summer,Walking,Solo,Sightseeing,1.2,4.8,4.3,3.5,2.6,3,32,safety I Authentic signage Unique,Worst tourist spot I have visited in Manipur. The the views is neglected. The road to MP045 is terrible. There is no proper signage or safety measures. Stay away! Authentic Beautiful Unique Organized Stunning,34,Negative,143,82,No,Published,15-04-2025,11-04-2026
RV000139,MP037,Rahul Verma,Solo Traveller,36-50,Male,India,05-12-2024,December,Winter,Car,Friends,Research,2.8,3.3,2.4,2,2.3,3.2,57,an okay heritage but the,"It's an okay spot. The the heritage is fine but the facilities are basic. The the restrooms was overpriced. However, the local culture around is interesting. Authentic Stunning Beautiful Unique Interesting",31,Neutral,319,162,No,Published,21-05-2024,02-08-2026
RV000140,MP027,Jennifer Laiton,Travel Blogger,18-25,Other,United Kingdom,21-01-2025,January,Winter,Bus,Solo,Pilgrimage,2.2,4.6,3.3,1.6,1.2,4,45,shambles. on in heavy going,Very disappointing visit to MP027. The the views is in shambles. Zero management. We encountered overcrowding which spoiled our day. Avoid going on weekends or during heavy rain. Well-maintained Unique Beautiful Organized,32,Negative,327,181,No,Hidden,06-03-2024,03-05-2026
RV000141,MP041,Priya Mehra,Adventure Tourist,26-35,Other,France,07-12-2025,December,Winter,Train,Solo,Pilgrimage,1.2,2.6,3.6,1.2,4.1,2.6,16,shambles. views Vibrant going Zero,Very disappointing visit to MP041. The the views is in shambles. Zero management. We encountered overcrowding which spoiled our day. Avoid going on weekends or during heavy rain. Organized Vibrant Stunning Beautiful,32,Negative,398,70,No,Pending,15-03-2023,15-12-2026
RV000142,MP035,Anjan Dutta,Adventure Tourist,Above 65,Female,India,22-11-2024,November,Autumn,Train,Corporate Group,Wildlife,4.4,3,2.6,3.7,4.7,2,83,Corporate and is Group Well-maintained,Excellent experience at MP035. The the restrooms was the highlight. Very clean and organized. The entry fee is totally worth it. A must-visit for Corporate Group and nature lovers. Stunning Beautiful Authentic Well-maintained Interesting,34,Positive,121,129,Yes,Published,24-05-2024,13-06-2025
RV000143,MP049,Lara Croft,Domestic Tourist,Under 18,Female,India,09-07-2023,July,Monsoon,Taxi,Educational Tour,Sightseeing,1.5,1.7,3.8,2.9,4.9,2.4,24,I road views neglected. to,Worst tourist spot I have visited in Manipur. The the views is neglected. The road to MP049 is terrible. There is no proper signage or safety measures. Stay away! Beautiful Organized Authentic,32,Negative,81,39,No,Pending,10-08-2024,25-01-2025
RV000144,MP028,Sunita Devi,Student,36-50,Other,India,05-11-2025,November,Autumn,Walking,Family,Pilgrimage,1.1,4.8,2.8,1.5,2.4,3.1,32,the restrooms at poorly The,Terrible experience at MP028. The the views was poorly maintained and dirty. The the restrooms was completely overrated. The crowd and litter ruined the vibe. Not worth the effort to travel here. Authentic Well-maintained Beautiful Vibrant Organized,37,Negative,203,125,No,Hidden,10-12-2025,02-05-2025
RV000145,MP019,Govind Singh,Researcher,36-50,Other,India,09-04-2023,April,Spring,Car,Solo,Nature Exploration,3.2,1.8,2.8,3.1,2.2,2.3,67,the the basic. culture Beautiful,"It's an okay spot. The the local culture is fine but the facilities are basic. The the parking area was overpriced. However, the local culture around is interesting. Authentic Vibrant Unique Beautiful Stunning Well-maintained",34,Neutral,291,22,Yes,Pending,02-08-2023,20-12-2026
RV000146,MP051,Jennifer Laiton,Local Resident,36-50,Other,Thailand,06-06-2023,June,Summer,Bike,Corporate Group,Photography,3.7,4.5,3.6,1.6,4.3,2.3,65,place would Decent time. its,Decent place for Corporate Group. MP051 has its charm but the the walking trails was underwhelming. The surrounding area is nice. I would recommend if you have extra time. Authentic Well-maintained Beautiful,32,Neutral,477,186,Yes,Hidden,17-05-2024,02-04-2026
RV000147,MP006,Mary Kom,Adventure Tourist,51-65,Female,India,06-01-2025,January,Winter,Bus,Educational Tour,Education,3.9,2.3,1.3,2.9,3.2,1.6,76,"the interesting. local the However,","It's an okay spot. The the local culture is fine but the facilities are basic. The the walking trails was overpriced. However, the local culture around is interesting. Well-maintained Unique Organized Beautiful Interesting",33,Neutral,405,168,Yes,Pending,13-12-2025,07-09-2025
RV000148,MP008,Prakash Choudhary,Researcher,26-35,Female,Germany,05-09-2023,September,Monsoon,Car,Couple,Adventure,5,2.4,3,1.7,3,2,100,Interesting everyone. Organized 1 beauty,Visited MP008 last Monsoon. The the scenic beauty was absolutely breathtaking. The the nearby eateries exceeded my expectations. We spent about 1 hours exploring. The locals were very friendly and helpful. Highly recommend this place to everyone. Vibrant Interesting Organized Unique,41,Positive,395,147,Yes,Published,01-01-2025,03-07-2025
RV000149,MP004,Bimol Sharma,Adventure Tourist,36-50,Female,India,22-11-2025,November,Autumn,Car,Couple,Research,4.3,2.8,4.9,1.2,4.4,5,90,gem maintained. Vibrant and were,A wonderful trip to Govindajee Temple. The the evening aarti and the surrounding hills were incredible. The facilities were well maintained. It's a hidden gem of Northeast India. Just go for it! Vibrant Organized Beautiful Authentic Well-maintained,37,Positive,116,56,No,Hidden,05-05-2023,03-06-2025
RV000150,MP012,Vikram Singh,Domestic Tourist,51-65,Female,India,10-11-2024,November,Autumn,Bus,Corporate Group,Relaxation,1.7,3.8,4.8,4,1.5,1.8,40,crowd was completely views effort,Terrible experience at MP012. The the views was poorly maintained and dirty. The the parking area was completely overrated. The crowd and litter ruined the vibe. Not worth the effort to travel here. Beautiful Unique Vibrant,36,Negative,289,125,No,Hidden,12-12-2025,22-11-2026
RV000151,MP002,Arun Kumar,Local Resident,Under 18,Other,India,13-08-2024,August,Monsoon,Train,Friends,Pilgrimage,3.4,2.5,1.1,4.1,4.1,2.5,69,recommend for if charm Authentic,Decent place for Friends. Keibul Lamjao has its charm but the the nearby eateries was underwhelming. The surrounding area is nice. I would recommend if you have extra time. Authentic Organized Beautiful,32,Neutral,369,8,No,Hidden,14-04-2024,02-09-2025
RV000152,MP025,Mary Kom,Foreign Tourist,Above 65,Other,India,25-04-2023,April,Spring,Bus,Family,Nature Exploration,1.6,4.2,2.6,1.5,3.5,1.8,42,Organized Avoid is heavy Stunning,Very disappointing visit to MP025. The the views is in shambles. Zero management. We encountered heavy garbage which spoiled our day. Avoid going on weekends or during heavy rain. Organized Well-maintained Stunning Authentic Beautiful,34,Negative,487,102,Yes,Pending,14-11-2025,06-10-2026
RV000153,MP016,Neha Agarwal,Domestic Tourist,18-25,Other,India,01-09-2023,September,Monsoon,Flight,Family,Festival,3.9,2.9,4,3.4,2.6,1.2,82,underwhelming. but The the have,Decent place for Family. MP016 has its charm but the the parking area was underwhelming. The surrounding area is nice. I would recommend if you have extra time. Organized Vibrant Beautiful Unique,32,Neutral,200,161,Yes,Published,03-09-2024,18-08-2025
RV000154,MP045,Vikram Singh,Travel Blogger,Under 18,Other,India,01-07-2025,July,Monsoon,Bus,Couple,Photography,4.7,3,5,1.1,1.6,1.1,92,Unique in again. Will amazing,I had an amazing experience at MP045 in July. The the local culture is world-class. The atmosphere was so peaceful and relaxing. Perfect for Couple. Will definitely come back again. Beautiful Vibrant Interesting Unique,34,Positive,186,27,No,Published,09-02-2023,17-11-2025
RV000155,MP044,Lara Croft,Family Tourist,36-50,Other,India,11-05-2023,May,Summer,Walking,Corporate Group,Pilgrimage,2.7,2.4,1.5,3.6,2.5,1.6,48,has place MP044 The you,Decent place for Corporate Group. MP044 has its charm but the the walking trails was underwhelming. The surrounding area is nice. I would recommend if you have extra time. Organized Well-maintained Beautiful Interesting Authentic,34,Neutral,442,54,No,Hidden,10-06-2023,12-07-2026
RV000156,MP069,Neha Agarwal,Foreign Tourist,Above 65,Other,India,08-05-2024,May,Summer,Bike,Friends,Education,1,1.2,4.5,1.2,2.4,2.4,15,our Vibrant The going Avoid,Very disappointing visit to MP069. The the heritage is in shambles. Zero management. We encountered heavy garbage which spoiled our day. Avoid going on weekends or during heavy rain. Unique Well-maintained Stunning Authentic Organized Vibrant,35,Negative,142,152,Yes,Hidden,01-08-2025,19-05-2026
RV000157,MP017,Mary Kom,Travel Blogger,Above 65,Other,United Kingdom,04-04-2023,April,Spring,Bus,Family,Photography,4.5,4.7,1.4,1.9,4.2,2.4,88,A It's Unique Organized MP017.,A wonderful trip to MP017. The the scenic beauty and the surrounding urban skyline were incredible. The facilities were well maintained. It's a hidden gem of Northeast India. Just go for it! Organized Well-maintained Interesting Beautiful Unique,37,Positive,231,173,Yes,Published,23-05-2023,23-01-2026
RV000158,MP016,Rahul Verma,Student,36-50,Female,India,05-06-2023,June,Summer,Flight,Educational Tour,Education,2.7,3.8,2.2,3.3,3.9,2.7,47,eateries have nearby underwhelming. time.,Decent place for Educational Tour. MP016 has its charm but the the nearby eateries was underwhelming. The surrounding area is nice. I would recommend if you have extra time. Unique Stunning Organized Authentic Well-maintained Beautiful,35,Neutral,63,73,Yes,Pending,19-05-2025,06-11-2025
RV000159,MP063,Aisha Rahman,Researcher,18-25,Female,India,07-09-2025,September,Monsoon,Taxi,Educational Tour,Adventure,1.8,1.1,1.3,1.5,1.9,3.6,37,experience culture the effort and,Terrible experience at MP063. The the local culture was poorly maintained and dirty. The the parking area was completely overrated. The crowd and litter ruined the vibe. Not worth the effort to travel here. Well-maintained Interesting Vibrant,37,Negative,136,107,Yes,Pending,16-02-2024,16-05-2026
RV000160,MP054,Sanjay Leela,Solo Traveller,Under 18,Female,India,21-04-2024,April,Spring,Bus,Couple,Education,1.4,1.7,2.7,1.6,4.8,1.1,20,the the Organized the dirty.,Terrible experience at MP054. The the heritage was poorly maintained and dirty. The the walking trails was completely overrated. The crowd and litter ruined the vibe. Not worth the effort to travel here. Stunning Authentic Interesting Organized Vibrant,38,Negative,459,185,Yes,Published,21-08-2025,16-07-2025
RV000161,MP007,Sunita Devi,Travel Blogger,51-65,Other,India,22-06-2024,June,Summer,Bike,Friends,Pilgrimage,1.7,1.7,3.2,2.6,4.5,3.5,43,proper measures. The spot or,Worst tourist spot I have visited in Manipur. The the views is neglected. The road to MP007 is terrible. There is no proper signage or safety measures. Stay away! Unique Vibrant Authentic Well-maintained Interesting Beautiful,35,Negative,200,91,No,Pending,01-12-2024,16-07-2025
RV000162,MP044,David Thang,Adventure Tourist,18-25,Female,India,17-09-2023,September,Monsoon,Taxi,Couple,Education,2.5,4.5,3.7,4.7,3.2,4.3,51,one-time went. Stunning visit. local,Average experience at MP044. The the local culture is decent but nothing extraordinary. It is good for a one-time visit. The the nearby eateries could be better maintained. Not too crowded when we went. Stunning Organized Authentic Unique Vibrant Beautiful,40,Negative,381,60,Yes,Published,05-11-2023,02-11-2025
RV000163,MP005,Mary Kom,Researcher,Under 18,Female,India,14-02-2025,February,Winter,Bike,Solo,Education,4.3,4.5,1.6,4.4,4.3,1.7,96,were the for surrounding to,A wonderful trip to Ima Keithel. The Ima Keithel and the surrounding urban skyline were incredible. The facilities were well maintained. It's a hidden gem of Northeast India. Just go for it! Organized Well-maintained Unique,35,Positive,137,46,No,Published,08-07-2023,07-08-2025
RV000164,MP011,Emily Stone,Foreign Tourist,Above 65,Female,India,16-05-2023,May,Summer,Bike,Solo,Relaxation,2.2,3.5,1.9,2.5,2.3,2,42,and I wasting are for,Not recommended for Solo. The the restrooms was unsafe and unhygienic. The entry fees are too high for what you get. I regret wasting my time here. Unique Beautiful Well-maintained Stunning,31,Negative,483,186,Yes,Pending,03-04-2025,06-08-2025
RV000165,MP004,Moirangthem,Foreign Tourist,36-50,Male,India,07-03-2025,March,Spring,Train,Couple,Relaxation,4.5,2,4.3,3.2,1.4,2.2,92,Govindajee Stunning The again. I,I had an amazing experience at Govindajee Temple in March. The the twin golden domes is world-class. The atmosphere was so peaceful and relaxing. Perfect for Couple. Will definitely come back again. Authentic Beautiful Well-maintained Stunning,36,Positive,417,175,No,Hidden,21-03-2023,07-01-2025
RV000166,MP034,Tongbram Singh,Photographer,Above 65,Other,India,05-09-2023,September,Monsoon,Walking,Corporate Group,Photography,2.9,2.7,2.9,2.9,2.9,4.4,48,is for the Stunning extraordinary.,Average experience at MP034. The the heritage is decent but nothing extraordinary. It is good for a one-time visit. The the parking area could be better maintained. Not too crowded when we went. Beautiful Interesting Stunning Authentic Unique Well-maintained,39,Neutral,428,33,No,Pending,22-12-2023,01-07-2026
RV000167,MP006,Ravi Shankar,Foreign Tourist,51-65,Other,India,18-02-2024,February,Winter,Train,Solo,Relaxation,4.5,4.1,1.9,3.6,3.4,3.2,96,Vibrant totally the at Authentic,Excellent experience at MP006. The the walking trails was the highlight. Very clean and organized. The entry fee is totally worth it. A must-visit for Solo and nature lovers. Authentic Beautiful Vibrant,32,Positive,251,27,No,Hidden,17-10-2023,03-03-2025
RV000168,MP009,Laishram Devi,Solo Traveller,Above 65,Female,India,14-08-2024,August,Monsoon,Car,Couple,Wildlife,4.5,5,2.2,1.1,1.8,1.8,85,heritage an and Authentic is,I had an amazing experience at MP009 in August. The the heritage is world-class. The atmosphere was so peaceful and relaxing. Perfect for Couple. Will definitely come back again. Stunning Authentic Organized,32,Positive,71,11,Yes,Published,12-06-2025,19-04-2026
RV000169,MP001,Lara Croft,Adventure Tourist,51-65,Male,India,21-12-2023,December,Winter,Flight,Solo,Wildlife,4.2,1.1,2.1,1,3.9,1.5,86,It's bodies incredible. Interesting and,A wonderful trip to Loktak Lake. The the floating phumdis and the surrounding water bodies were incredible. The facilities were well maintained. It's a hidden gem of Northeast India. Just go for it! Well-maintained Interesting Unique,36,Positive,376,41,Yes,Hidden,02-09-2025,19-12-2025
RV000170,MP016,Jennifer Laiton,Local Resident,36-50,Other,India,11-02-2023,February,Winter,Walking,Couple,Sightseeing,2.5,2.8,1.2,4.9,2.2,3,42,Average The could when better,Average experience at MP016. The the heritage is decent but nothing extraordinary. It is good for a one-time visit. The the restrooms could be better maintained. Not too crowded when we went. Authentic Organized Beautiful Vibrant,36,Negative,450,109,No,Published,16-07-2024,02-04-2025
RV000171,MP034,John Doe,Family Tourist,26-35,Other,India,25-04-2025,April,Spring,Walking,Solo,Research,2.4,2,4,2.9,1.8,2.7,55,overcrowding going spoiled Stunning the,Very disappointing visit to MP034. The the local culture is in shambles. Zero management. We encountered overcrowding which spoiled our day. Avoid going on weekends or during heavy rain. Authentic Beautiful Unique Stunning,33,Negative,153,69,Yes,Hidden,18-02-2023,01-12-2026
RV000172,MP065,Sita Devi,Foreign Tourist,Under 18,Male,India,15-11-2023,November,Autumn,Walking,Solo,Research,3.3,2.5,2.6,1.9,2.9,1.9,58,have Organized if MP065 you,Decent place for Solo. MP065 has its charm but the the restrooms was underwhelming. The surrounding area is nice. I would recommend if you have extra time. Beautiful Unique Organized Authentic Vibrant,32,Neutral,307,0,Yes,Pending,11-04-2023,12-08-2026
RV000173,MP005,Jennifer Laiton,Travel Blogger,51-65,Male,India,23-03-2025,March,Spring,Bike,Solo,Pilgrimage,5,2.8,4.3,4.4,3.1,3.8,100,exceeded We was absolutely to,Visited Ima Keithel last Spring. The the organic produce was absolutely breathtaking. The the ticketing counter exceeded my expectations. We spent about 2 hours exploring. The locals were very friendly and helpful. Highly recommend this place to everyone. Beautiful Vibrant Stunning Organized Well-maintained Unique,44,Positive,313,64,No,Published,09-11-2025,13-06-2025
RV000174,MP008,Lara Croft,Local Resident,26-35,Other,India,01-02-2025,February,Winter,Flight,Corporate Group,Research,4.7,2.5,4.2,4.8,4.9,2.1,92,spent Well-maintained Visited recommend to,Visited MP008 last Winter. The the views was absolutely breathtaking. The the restrooms exceeded my expectations. We spent about 3 hours exploring. The locals were very friendly and helpful. Highly recommend this place to everyone. Well-maintained Organized Stunning Interesting,39,Positive,479,27,Yes,Hidden,02-02-2025,25-12-2025
RV000175,MP025,Moirangthem,Adventure Tourist,36-50,Female,India,11-04-2025,April,Spring,Car,Educational Tour,Nature Exploration,4,3,2.5,1.5,2.6,3.1,84,were Well-maintained Vibrant the exceeded,Visited MP025 last Spring. The the views was absolutely breathtaking. The the walking trails exceeded my expectations. We spent about 5 hours exploring. The locals were very friendly and helpful. Highly recommend this place to everyone. Beautiful Stunning Vibrant Well-maintained Unique,41,Positive,495,81,Yes,Hidden,25-01-2025,06-11-2025
RV000176,MP022,John Doe,Adventure Tourist,Under 18,Male,India,17-07-2025,July,Monsoon,Flight,Educational Tour,Nature Exploration,2.1,2.1,2.1,4.2,2.4,4.5,48,Stunning the Manipur. road terrible.,Worst tourist spot I have visited in Manipur. The the heritage is neglected. The road to MP022 is terrible. There is no proper signage or safety measures. Stay away! Beautiful Stunning Organized,32,Negative,133,53,No,Pending,18-11-2025,25-07-2025
RV000177,MP006,Mary Kom,Solo Traveller,Under 18,Female,Thailand,22-12-2024,December,Winter,Train,Educational Tour,Research,1.5,4.3,2.3,3.5,1.3,4.6,31,Authentic Stunning signage away! have,Worst tourist spot I have visited in Manipur. The the local culture is neglected. The road to MP006 is terrible. There is no proper signage or safety measures. Stay away! Stunning Vibrant Authentic Unique Well-maintained,35,Negative,419,82,No,Pending,01-10-2024,07-09-2026
RV000178,MP028,Bimol Sharma,Local Resident,36-50,Other,India,17-09-2023,September,Monsoon,Bike,Corporate Group,Relaxation,1.6,3.7,4.1,3.4,4.7,3.1,36,to Interesting was Vibrant The,Terrible experience at MP028. The the heritage was poorly maintained and dirty. The the restrooms was completely overrated. The crowd and litter ruined the vibe. Not worth the effort to travel here. Stunning Interesting Beautiful Unique Vibrant,37,Negative,137,31,No,Published,23-06-2025,10-01-2026
RV000179,MP005,Aisha Rahman,Domestic Tourist,Under 18,Other,United Kingdom,12-05-2023,May,Summer,Walking,Educational Tour,Nature Exploration,3.7,3.6,3.6,3.7,1.8,4.5,72,Might has view okay. Stunning,I visited Ima Keithel during Summer and it was okay. The the organic produce has potential but lacks maintenance. The view is nice though. Might be better in the dry season. Interesting Stunning Vibrant,34,Neutral,490,153,Yes,Pending,01-10-2025,03-03-2025
RV000180,MP056,Arun Kumar,Adventure Tourist,51-65,Female,United States,14-06-2025,June,Summer,Taxi,Solo,Research,1,3.8,2.5,1.6,4.7,2,19,is is Stunning beauty away!,Worst tourist spot I have visited in Manipur. The the scenic beauty is neglected. The road to MP056 is terrible. There is no proper signage or safety measures. Stay away! Stunning Beautiful Well-maintained,33,Negative,127,188,No,Hidden,04-01-2025,17-01-2025
RV000181,MP039,Sita Devi,Student,18-25,Female,India,16-09-2024,September,Monsoon,Taxi,Corporate Group,Relaxation,3.4,2.3,4.4,4.6,4.9,4.1,64,the is extraordinary. Beautiful we,Average experience at MP039. The the scenic beauty is decent but nothing extraordinary. It is good for a one-time visit. The the restrooms could be better maintained. Not too crowded when we went. Beautiful Vibrant Organized Unique Authentic Interesting,39,Neutral,236,177,Yes,Pending,18-07-2025,01-01-2026
RV000182,MP005,Anjan Dutta,Local Resident,18-25,Male,India,24-07-2023,July,Monsoon,Bus,Couple,Sightseeing,4.1,1.6,4.2,1.2,1.1,2.3,77,Unique well to Just were,A wonderful trip to Ima Keithel. The the handloom textiles and the surrounding urban skyline were incredible. The facilities were well maintained. It's a hidden gem of Northeast India. Just go for it! Authentic Unique Vibrant,36,Positive,242,2,Yes,Hidden,01-04-2023,22-05-2026
RV000183,MP030,Laishram Devi,Adventure Tourist,36-50,Female,India,08-12-2023,December,Winter,Bus,Educational Tour,Nature Exploration,3.5,1.1,4.1,2.1,2.1,4.4,73,better maintained. the at Average,Average experience at MP030. The the views is decent but nothing extraordinary. It is good for a one-time visit. The the restrooms could be better maintained. Not too crowded when we went. Unique Stunning Well-maintained,35,Neutral,357,171,No,Hidden,11-12-2025,10-11-2025
RV000184,MP010,Sanjay Leela,Local Resident,Under 18,Female,Germany,07-04-2024,April,Spring,Taxi,Educational Tour,Wildlife,3.2,4.7,3.6,3.7,3.8,2.7,74,though. nice Well-maintained lacks better,I visited MP010 during Spring and it was okay. The the scenic beauty has potential but lacks maintenance. The view is nice though. Might be better in the dry season. Organized Well-maintained Unique Beautiful Stunning Interesting,36,Neutral,452,138,Yes,Pending,05-12-2024,14-10-2025
RV000185,MP013,Priya Mehra,Photographer,36-50,Other,India,12-02-2025,February,Winter,Bike,Solo,Nature Exploration,3.4,3.9,2.5,2.4,4.5,4,62,a better nothing Well-maintained Organized,Average experience at MP013. The the local culture is decent but nothing extraordinary. It is good for a one-time visit. The the walking trails could be better maintained. Not too crowded when we went. Interesting Beautiful Organized Well-maintained Authentic Unique,40,Neutral,341,75,No,Pending,14-09-2025,21-11-2025
RV000186,MP032,Hidetoshi Tanaka,Student,Under 18,Male,India,05-08-2025,August,Monsoon,Bike,Corporate Group,Wildlife,1.7,1.7,4.1,4.7,2.1,1.2,44,beauty the The and at,Terrible experience at MP032. The the scenic beauty was poorly maintained and dirty. The the restrooms was completely overrated. The crowd and litter ruined the vibe. Not worth the effort to travel here. Beautiful Vibrant Authentic Stunning,37,Negative,116,55,No,Hidden,17-09-2023,24-11-2025
RV000187,MP040,Ravi Shankar,Local Resident,36-50,Other,India,24-11-2025,November,Autumn,Bike,Solo,Sightseeing,5,1.4,2.5,3.3,2.8,4.2,90,Will so world-class. for an,I had an amazing experience at MP040 in November. The the local culture is world-class. The atmosphere was so peaceful and relaxing. Perfect for Solo. Will definitely come back again. Unique Authentic Vibrant,33,Positive,5,59,No,Published,08-11-2025,07-10-2025
RV000188,MP061,Arun Kumar,Student,Under 18,Female,Australia,16-03-2024,March,Spring,Flight,Friends,Photography,2.8,3.1,4.8,3.4,2.6,3.2,60,local one-time be the we,Average experience at MP061. The the local culture is decent but nothing extraordinary. It is good for a one-time visit. The the ticketing counter could be better maintained. Not too crowded when we went. Unique Well-maintained Authentic Organized,38,Neutral,397,163,Yes,Published,14-08-2024,08-01-2025
RV000189,MP015,Emily Stone,Travel Blogger,18-25,Male,Japan,21-05-2024,May,Summer,Taxi,Friends,Relaxation,3.3,4.5,1.9,1.9,3.2,1.5,63,was nice. the recommend The,Decent place for Friends. MP015 has its charm but the the restrooms was underwhelming. The surrounding area is nice. I would recommend if you have extra time. Interesting Organized Stunning Authentic,31,Neutral,258,57,No,Pending,23-05-2023,15-08-2026
RV000190,MP001,Sunita Devi,Foreign Tourist,Under 18,Other,India,01-09-2025,September,Monsoon,Bike,Corporate Group,Wildlife,4.6,4,3.7,2.9,2.3,1.6,94,a hidden surrounding sunset India.,A wonderful trip to Loktak Lake. The the sunset view and the surrounding greenery were incredible. The facilities were well maintained. It's a hidden gem of Northeast India. Just go for it! Organized Vibrant Stunning Interesting,36,Positive,185,6,No,Pending,15-02-2024,04-12-2026
RV000191,MP012,Arun Kumar,Domestic Tourist,Above 65,Other,India,21-10-2024,October,Autumn,Train,Corporate Group,Sightseeing,2.1,2.9,2.4,4.8,3.4,4.2,32,The Stunning The completely here.,Terrible experience at MP012. The the scenic beauty was poorly maintained and dirty. The the restrooms was completely overrated. The crowd and litter ruined the vibe. Not worth the effort to travel here. Unique Authentic Stunning,36,Negative,239,64,No,Hidden,16-01-2024,09-06-2025
RV000192,MP035,Emily Stone,Photographer,Under 18,Male,India,06-10-2025,October,Autumn,Bus,Corporate Group,Education,3.9,3.5,1.1,2.3,1.7,2.9,82,extraordinary. the visit. The be,Average experience at MP035. The the scenic beauty is decent but nothing extraordinary. It is good for a one-time visit. The the ticketing counter could be better maintained. Not too crowded when we went. Unique Organized Vibrant Authentic Well-maintained,39,Neutral,347,174,Yes,Pending,12-04-2024,05-12-2026
RV000193,MP024,Prakash Choudhary,Researcher,Under 18,Female,India,19-03-2024,March,Spring,Walking,Corporate Group,Photography,3.5,4.2,4.3,1.2,1.5,4.5,73,"The okay Organized basic. However,","It's an okay spot. The the local culture is fine but the facilities are basic. The the nearby eateries was overpriced. However, the local culture around is interesting. Beautiful Interesting Vibrant Stunning Organized Well-maintained",34,Neutral,117,26,No,Pending,20-02-2023,10-07-2025
RV000194,MP042,Hidetoshi Tanaka,Family Tourist,Above 65,Other,India,19-06-2023,June,Summer,Car,Solo,Education,2.5,2.3,4.1,4.2,4.3,4.6,42,facilities The Stunning Beautiful Authentic,"It's an okay spot. The the heritage is fine but the facilities are basic. The the restrooms was overpriced. However, the local culture around is interesting. Stunning Authentic Interesting Beautiful Well-maintained",31,Negative,188,176,Yes,Pending,15-12-2024,12-07-2026
RV000195,MP012,Sanjay Leela,Solo Traveller,51-65,Male,Thailand,10-05-2023,May,Summer,Bike,Friends,Pilgrimage,5,4.4,3.9,3.4,3.7,3.2,100,to incredible. go The surrounding,A wonderful trip to MP012. The the scenic beauty and the surrounding hills were incredible. The facilities were well maintained. It's a hidden gem of Northeast India. Just go for it! Interesting Beautiful Organized,34,Positive,345,35,No,Hidden,03-08-2025,19-03-2025
RV000196,MP069,John Doe,Travel Blogger,Under 18,Other,India,21-05-2025,May,Summer,Walking,Educational Tour,Nature Exploration,1,3.7,5,2.9,1.2,2.3,26,I or The away! MP069,Worst tourist spot I have visited in Manipur. The the views is neglected. The road to MP069 is terrible. There is no proper signage or safety measures. Stay away! Stunning Beautiful Well-maintained Interesting Vibrant,34,Negative,270,141,Yes,Pending,24-01-2024,03-06-2026
RV000197,MP047,Anjan Dutta,Adventure Tourist,26-35,Female,Japan,11-02-2024,February,Winter,Flight,Couple,Sightseeing,1.4,2.1,3.3,1.9,1.2,3.2,23,The travel Not crowd litter,Terrible experience at MP047. The the views was poorly maintained and dirty. The the ticketing counter was completely overrated. The crowd and litter ruined the vibe. Not worth the effort to travel here. Well-maintained Interesting Unique Vibrant Beautiful Stunning,39,Negative,54,95,Yes,Pending,17-03-2023,14-10-2026
RV000198,MP007,Vikram Singh,Photographer,51-65,Other,India,08-11-2024,November,Autumn,Flight,Corporate Group,Education,2,3.8,4.1,3.7,4.1,3.1,50,time high here. Not what,Not recommended for Corporate Group. The the parking area was unsafe and unhygienic. The entry fees are too high for what you get. I regret wasting my time here. Authentic Vibrant Organized Well-maintained Interesting,34,Negative,36,137,No,Published,12-02-2023,15-06-2025
RV000199,MP034,Emily Stone,Domestic Tourist,18-25,Male,India,09-09-2025,September,Monsoon,Walking,Family,Research,1.4,4.8,4,2.7,3.1,1.7,26,to Authentic and litter experience,Terrible experience at MP034. The the scenic beauty was poorly maintained and dirty. The the walking trails was completely overrated. The crowd and litter ruined the vibe. Not worth the effort to travel here. Organized Unique Vibrant Authentic,38,Negative,482,20,Yes,Hidden,01-03-2023,06-02-2025
RV000200,MP007,Sonam Wangdi,Student,Under 18,Male,India,03-08-2025,August,Monsoon,Car,Educational Tour,Festival,3.8,3.9,4.7,2.9,4.4,4.5,79,recommend have is place nice.,Decent place for Educational Tour. MP007 has its charm but the the nearby eateries was underwhelming. The surrounding area is nice. I would recommend if you have extra time. Unique Well-maintained Authentic Interesting,33,Neutral,172,83,Yes,Pending,06-05-2023,13-11-2026
RV000201,MP007,Mary Kom,Family Tourist,18-25,Female,India,25-10-2024,October,Autumn,Walking,Couple,Festival,1.7,3.2,4.1,2.9,4.1,4.9,30,and eateries at here. poorly,Terrible experience at MP007. The the heritage was poorly maintained and dirty. The the nearby eateries was completely overrated. The crowd and litter ruined the vibe. Not worth the effort to travel here. Stunning Interesting Authentic Unique Organized Well-maintained,39,Negative,86,16,Yes,Pending,18-08-2023,03-12-2025
RV000202,MP008,Mangesh Patil,Foreign Tourist,18-25,Female,India,24-11-2024,November,Autumn,Bus,Family,Pilgrimage,4.8,2.1,1.8,3.4,3.8,4,88,gem it! trip views incredible.,A wonderful trip to MP008. The the views and the surrounding hills were incredible. The facilities were well maintained. It's a hidden gem of Northeast India. Just go for it! Interesting Beautiful Unique Organized Vibrant,35,Positive,188,184,Yes,Pending,17-01-2024,25-11-2025
RV000203,MP032,Emily Stone,Domestic Tourist,36-50,Male,Australia,15-09-2023,September,Monsoon,Bike,Educational Tour,Nature Exploration,2,1.2,3.4,2.2,3.2,1.8,41,spoiled The shambles. Interesting encountered,Very disappointing visit to MP032. The the views is in shambles. Zero management. We encountered rude staff which spoiled our day. Avoid going on weekends or during heavy rain. Beautiful Well-maintained Interesting,32,Negative,183,154,No,Hidden,22-08-2023,04-08-2025
RV000204,MP003,Govind Singh,Foreign Tourist,26-35,Other,India,09-06-2025,June,Summer,Car,Family,Photography,2.2,3.7,3.2,3,4.7,3.3,51,shambles. Zero Unique Kangla encountered,Very disappointing visit to Kangla Fort. The Kangla Fort is in shambles. Zero management. We encountered scam guides which spoiled our day. Avoid going on weekends or during heavy rain. Stunning Interesting Authentic Organized Unique Vibrant,36,Negative,138,79,No,Published,23-04-2024,16-08-2026
RV000205,MP015,Rajesh Kumar,Photographer,36-50,Other,India,17-07-2024,July,Monsoon,Bus,Corporate Group,Pilgrimage,4.2,1.7,4.5,1.7,1.8,2.7,85,facilities trip hidden gem the,A wonderful trip to MP015. The the local culture and the surrounding water bodies were incredible. The facilities were well maintained. It's a hidden gem of Northeast India. Just go for it! Well-maintained Authentic Interesting,35,Positive,45,133,No,Hidden,11-07-2023,11-05-2025
RV000206,MP004,Priya Mehra,Researcher,Above 65,Other,India,15-06-2024,June,Summer,Train,Educational Tour,Wildlife,3.9,3.8,3.9,4,2.8,2.5,73,around Authentic Interesting the interesting.,"It's an okay spot. The the twin golden domes is fine but the facilities are basic. The the nearby eateries was overpriced. However, the local culture around is interesting. Authentic Interesting Vibrant",32,Neutral,131,72,Yes,Pending,17-03-2023,07-04-2026
RV000207,MP041,,,,Male,India,20-04-2023,April,Spring,Walking,Corporate Group,Photography,3.8,4.3,2.7,3.4,1.8,1.6,69,lacks season. but The the,I visited MP041 during Spring and it was okay. The the views has potential but lacks maintenance. The view is nice though. Might be better in the dry season. Organized Unique Beautiful Stunning,33,Neutral,153,100,No,Pending,13-03-2023,20-03-2026
RV000208,MP043,Rahul Verma,Foreign Tourist,18-25,Other,India,03-06-2023,June,Summer,Flight,Family,Nature Exploration,5,5,1.5,1.8,3.1,4.9,100,local Visited the recommend last,Visited MP043 last Summer. The the local culture was absolutely breathtaking. The the parking area exceeded my expectations. We spent about 5 hours exploring. The locals were very friendly and helpful. Highly recommend this place to everyone. Beautiful Interesting Vibrant Well-maintained Unique,42,Positive,385,60,No,Pending,19-08-2024,04-08-2025
RV000209,MP048,Rahul Verma,Student,Under 18,Other,India,04-01-2023,January,Winter,Bike,Corporate Group,Research,1.9,2.7,4.9,3.1,4.7,1.8,31,Beautiful high Unique Not I,Not recommended for Corporate Group. The the parking area was unsafe and unhygienic. The entry fees are too high for what you get. I regret wasting my time here. Unique Stunning Beautiful,32,Negative,279,127,Yes,Pending,07-11-2024,17-12-2025
RV000210,MP020,Deepika Ningthoujam,Solo Traveller,51-65,otheR,India,15-06-2024,June,Summer,Bike,Family,Pilgrimage,2,3.2,1.6,4.3,1.7,1.4,38,effort MP020. Well-maintained poorly eateries,Terrible experience at MP020. The the scenic beauty was poorly maintained and dirty. The the nearby eateries was completely overrated. The crowd and litter ruined the vibe. Not worth the effort to travel here. Interesting Unique Well-maintained Authentic Organized,39,Negative,310,139,No,Published,11-04-2024,02-06-2025
RV000211,MP048,Moirangthem,Adventure Tourist,Under 18,Male,India,07-04-2025,April,Spring,Walking,Corporate Group,Research,1.8,3.8,3.2,3.7,4.6,3.4,44,the travel and Vibrant Not,Terrible experience at MP048. The the heritage was poorly maintained and dirty. The the nearby eateries was completely overrated. The crowd and litter ruined the vibe. Not worth the effort to travel here. Organized Unique Beautiful Vibrant Well-maintained Interesting,39,Negative,408,43,Yes,Pending,09-06-2023,21-02-2025
RV000212,MP043,Rahul Verma,Adventure Tourist,36-50,Other,India,24-07-2023,July,Monsoon,Bike,Family,Festival,2.9,1.5,4.3,3.5,2.3,4.2,64,decent for one-time we maintained.,Average experience at MP043. The the scenic beauty is decent but nothing extraordinary. It is good for a one-time visit. The the walking trails could be better maintained. Not too crowded when we went. Well-maintained Unique Interesting Organized Vibrant,39,Neutral,301,43,Yes,Published,25-08-2023,11-01-2026
RV000213,MP013,Ravi Shankar,Solo Traveller,51-65,Other,India,06-08-2025,August,Monsoon,Car,Couple,Wildlife,2.7,3.6,3.7,4.3,4.4,3.8,45,Beautiful trails an Well-maintained facilities,"It's an okay spot. The the local culture is fine but the facilities are basic. The the walking trails was overpriced. However, the local culture around is interesting. Vibrant Beautiful Unique Stunning Well-maintained Authentic",34,Neutral,80,129,Yes,Hidden,10-03-2023,09-10-2026
RV000214,MP007,Mary Kom,Student,36-50,Female,India,10-04-2023,April,Spring,Car,Family,Festival,3.3,4.9,4.5,2.4,2.6,1.2,57,surrounding was The Decent nice.,Decent place for Family. MP007 has its charm but the the restrooms was underwhelming. The surrounding area is nice. I would recommend if you have extra time. Vibrant Beautiful Unique Organized Interesting Authentic,33,Neutral,139,183,Yes,Published,10-02-2023,21-01-2025
RV000215,MP028,Rajesh Kumar,Foreign Tourist,26-35,Other,India,25-07-2025,July,Monsoon,Train,Corporate Group,Relaxation,3.9,2.5,4.8,4,1.8,2.5,86,Group. MP028 recommend extra counter,Decent place for Corporate Group. MP028 has its charm but the the ticketing counter was underwhelming. The surrounding area is nice. I would recommend if you have extra time. Interesting Beautiful Organized Unique Well-maintained Stunning,35,neutrall,467,81,No,Published,10-07-2025,23-01-2025
RV000216,MP027,Lara Croft,Solo Traveller,26-35,Female,India,02-10-2025,October,Autumn,Train,Solo,Sightseeing,1.7,2.2,4.4,3.9,3.6,4.3,43,or heavy is Organized spoiled,Very disappointing visit to MP027. The the views is in shambles. Zero management. We encountered broken pathways which spoiled our day. Avoid going on weekends or during heavy rain. Well-maintained Authentic Organized Interesting Vibrant,34,Negative,10,125,No,Hidden,24-09-2024,23-09-2025
RV000217,MP004,Tongbram Singh,Adventure Tourist,18-25,Male,India,01-12-2025,December,Winter,Taxi,Friends,Festival,2.4,3.5,3,2.3,3.1,4.6,51,crowd the Terrible the effort,Terrible experience at Govindajee Temple. The Govindajee Temple was poorly maintained and dirty. The the nearby eateries was completely overrated. The crowd and litter ruined the vibe. Not worth the effort to travel here. Beautiful Vibrant Stunning Unique Well-maintained Organized,40,Negative,430,176,Yes,Hidden,01-08-2025,02-07-2025
RV000218,MP010,Neha Agarwal,Student,Under 18,Other,India,19-11-2025,November,Autumn,Taxi,Friends,Wildlife,1.7,2.2,2.2,3.1,4.4,2.5,37,Organized MP010. the overcrowding Very,Very disappointing visit to MP010. The the views is in shambles. Zero management. We encountered overcrowding which spoiled our day. Avoid going on weekends or during heavy rain. Beautiful Vibrant Organized Interesting Stunning Well-maintained,34,Negative,331,126,Yes,Pending,06-02-2025,23-04-2025
RV000219,MP017,Sunita Devi,Adventure Tourist,36-50,Female,Australia,06-10-2023,October,Autumn,Bike,Corporate Group,Pilgrimage,3.1,4.6,3.5,1.6,1.3,3.5,58,Interesting decent good MP017. The,Average experience at MP017. The the scenic beauty is decent but nothing extraordinary. It is good for a one-time visit. The the restrooms could be better maintained. Not too crowded when we went. Beautiful Vibrant Interesting Unique,37,Neutral,422,187,No,Pending,04-02-2024,10-04-2026
RV000220,MP038, Laishram Devi,Researcher ,Under 18,Other,India,13-11-2023,November,Autumn,Bus,Couple,Education,1.6,4,3.4,2,1.9,4.4,39,time The high here. Couple.,Not recommended for Couple. The the walking trails was unsafe and unhygienic. The entry fees are too high for what you get. I regret wasting my time here. Well-maintained Vibrant Authentic Interesting,32,Negative,53,116,No,Published,04-02-2023,01-02-2025
RV000221,MP015,Rahul Verma,Photographer,18-25,Male,India,20-07-2023,July,Monsoon,Bus,Friends,Photography,2.2,4.9,4.2,4.6,4.5,2,36,the Well-maintained recommended for ticketing,Not recommended for Friends. The the ticketing counter was unsafe and unhygienic. The entry fees are too high for what you get. I regret wasting my time here. Well-maintained Stunning Interesting Beautiful Authentic Unique,34,Negative,392,195,No,Pending,24-02-2023,10-03-2025
RV000222,MP049,Moirangthem,Foreign Tourist,Under 18,Female,India,18-04-2025,April,Spring,Walking,Corporate Group,Education,4.1,3.6,4.1,2.4,3.2,2.6,92,was counter very hours MP049,Visited MP049 last Spring. The the heritage was absolutely breathtaking. The the ticketing counter exceeded my expectations. We spent about 2 hours exploring. The locals were very friendly and helpful. Highly recommend this place to everyone. Well-maintained Vibrant Stunning Authentic,40,Positive,74,14,Yes,Hidden,02-11-2025,21-05-2026
RV000223,MP033,Rahul Verma,Researcher,Above 65,Other,India,24-02-2025,February,Winter,Car,Friends,Sightseeing,1.5,2.9,4.1,2.7,1.2,3.1,40,going Interesting encountered Avoid on,Very disappointing visit to MP033. The the heritage is in shambles. Zero management. We encountered rude staff which spoiled our day. Avoid going on weekends or during heavy rain. Interesting Well-maintained Organized Stunning Unique Vibrant,35,Negative,50,93,Yes,Hidden,07-10-2023,24-08-2025
RV000224,MP050,John Doe,Adventure Tourist,Above 65,Male,India,11-06-2025,June,Summer,Bike,Solo,Pilgrimage,1.9,1.5,2.6,4.3,2.5,4.3,43,going which Avoid on rain.,Very disappointing visit to MP050. The the local culture is in shambles. Zero management. We encountered overcrowding which spoiled our day. Avoid going on weekends or during heavy rain. Interesting Stunning Beautiful,32,Negative,1,161,Yes,Hidden,17-01-2025,04-10-2025
RV000225,MP065,Jennifer Laiton,Local Resident,36-50,Male,Thailand,04-10-2023,October,Autumn,Walking,Friends,Wildlife,6.2,3.9,2.1,3.5,1.4,2.7,62,exceeded about everyone. and to,Visited MP065 last Autumn. The the scenic beauty was absolutely breathtaking. The the parking area exceeded my expectations. We spent about 2 hours exploring. The locals were very friendly and helpful. Highly recommend this place to everyone. Vibrant Stunning Unique Interesting,41,Neutral,480,139,Yes,Hidden,02-07-2024,15-10-2026
RV000226,MP024,Aisha Rahman,Photographer,18-25,Other,India,13-02-2024,February,Winter,Bus,Couple,Wildlife,1.5,3.4,4.6,1.5,4,1.7,21,here. crowd vibe. was completely,Terrible experience at MP024. The the scenic beauty was poorly maintained and dirty. The the nearby eateries was completely overrated. The crowd and litter ruined the vibe. Not worth the effort to travel here. Stunning Unique Well-maintained Authentic,38,Negative,219,167,Yes,Hidden,14-09-2025,18-01-2025
RV000227,MP014,Riya Das,Photographer,18-25,Male,Thailand,25-01-2024,January,Winter,Bike,Friends,Wildlife,4.9,2.4,3.1,1.3,2.6,2.2,100,so amazing again. Will relaxing.,I had an amazing experience at MP014 in January. The the views is world-class. The atmosphere was so peaceful and relaxing. Perfect for Friends. Will definitely come back again. Stunning Interesting Vibrant Well-maintained,33,Positive,296,3,No,Pending,03-11-2025,14-09-2025
RV000228,MP002,Kiran Bhatt,Adventure Tourist,51-65,Female,India,19-10-2025,October,Autumn,Bus,Corporate Group,Photography,2.5,2.3,1.2,2.8,1.7,1.9,58,floating view but maintenance. season.,I visited Keibul Lamjao during Autumn and it was okay. The the floating vegetation has potential but lacks maintenance. The view is nice though. Might be better in the dry season. Well-maintained Organized Vibrant Interesting,35,Negative,370,104,No,Hidden,21-01-2023,21-07-2026
RV000229,MP005,Bimol Sharma,Foreign Tourist,51-65,Other,India,16-06-2025,June,Summer,Flight,Friends,Photography,3.3,4.6,3.9,4.8,4.4,3.8,69,better Organized market be was,I visited Ima Keithel during Summer and it was okay. The the all-women market has potential but lacks maintenance. The view is nice though. Might be better in the dry season. Organized Vibrant Stunning Beautiful Authentic,36,Neutral,121,136,No,Published,24-08-2025,09-05-2025
RV000230,MP006,Moirangthem,Adventure Tourist,36-50,Other,India,12-10-2025,October,Autumn,Bike,Solo,Pilgrimage,4.3,2,3.4,4.2,3.7,3.4,89,relaxing. Beautiful world-class. Vibrant peaceful,I had an amazing experience at MP006 in October. The the views is world-class. The atmosphere was so peaceful and relaxing. Perfect for Solo. Will definitely come back again. Unique Interesting Vibrant Beautiful Stunning Organized,35,Positive,11,174,No,Hidden,23-04-2023,15-01-2026
RV000231,MP028,Hidetoshi Tanaka,Family Tourist,Under 18,Other,India,01-01-2023,January,Winter,Bus,Family,Adventure,2.1,3.1,4,3,4.2,3.6,34,high Not entry for The,Not recommended for Family. The the parking area was unsafe and unhygienic. The entry fees are too high for what you get. I regret wasting my time here. Organized Well-maintained Stunning Beautiful Vibrant,33,Negative,461,39,No,Pending,20-12-2023,11-03-2026
RV000232,MP016,Sonam Wangdi,Travel Blogger,26-35,Female,India,17-05-2023,May,Summer,Walking,Couple,Wildlife,3.8,4,1.6,3.6,2.6,2.1,76,an The facilities okay are,"It's an okay spot. The the heritage is fine but the facilities are basic. The the walking trails was overpriced. However, the local culture around is interesting. Stunning Well-maintained Beautiful Organized",31,Neutral,42,133,Yes,Published,10-01-2025,17-07-2026
RV000233,MP054,Hidetoshi Tanaka,Family Tourist,Above 65,Female,India,21-12-2025,December,Winter,Flight,Friends,Wildlife,1.7,2.5,3.2,3.2,4.9,2,43,is Beautiful Stay safety the,Worst tourist spot I have visited in Manipur. The the views is neglected. The road to MP054 is terrible. There is no proper signage or safety measures. Stay away! Well-maintained Stunning Vibrant Beautiful,33,Negative,232,41,No,Published,06-01-2024,14-09-2025
RV000234,MP031,Rajesh Kumar,Family Tourist,Above 65,Other,India,07-07-2025,July,Monsoon,Taxi,Corporate Group,Relaxation,2.6,3,3,4.6,3.4,4.8,45,in okay. the the lacks,I visited MP031 during Monsoon and it was okay. The the local culture has potential but lacks maintenance. The view is nice though. Might be better in the dry season. Interesting Stunning Vibrant Well-maintained Beautiful Unique,36,Neutral,221,81,Yes,Pending,25-02-2024,03-12-2026
RV000235,MP036,Emily Stone,Photographer,51-65,Other,India,07-07-2023,July,Monsoon,Bike,Corporate Group,Photography,1.2,1.4,3.2,3.8,4.8,3.9,29,get. unsafe recommended Group. high,Not recommended for Corporate Group. The the nearby eateries was unsafe and unhygienic. The entry fees are too high for what you get. I regret wasting my time here. Beautiful Organized Unique Authentic,33,Negative,156,163,No,Pending,16-03-2023,14-10-2025
RV000236,MP042,Lara Croft,Student,51-65,Male,India,17-03-2025,March,Spring,Car,Solo,Nature Exploration,2.4,4.7,2.5,1.3,1.3,2.4,38,scam spoiled or visit Authentic,Very disappointing visit to MP042. The the views is in shambles. Zero management. We encountered scam guides which spoiled our day. Avoid going on weekends or during heavy rain. Interesting Authentic Well-maintained Stunning Beautiful,34,Negative,132,74,Yes,Pending,13-01-2024,10-12-2025
RV000237,MP028,David Thang,Student,26-35,Female,India,06-07-2024,July,Monsoon,Train,Couple,Adventure,1.2,4.1,1.8,5,2.2,4.7,18,for The parking unhygienic. Not,Not recommended for Couple. The the parking area was unsafe and unhygienic. The entry fees are too high for what you get. I regret wasting my time here. Unique Authentic Well-maintained,31,Negative,497,21,No,Hidden,17-12-2024,14-06-2026
RV000238,MP005,David Thang,Researcher,51-65,Female,India,19-12-2023,December,Winter,Train,Corporate Group,Festival,5,3.5,5,1.5,3.3,2.6,96,Corporate experience the The lovers.,Excellent experience at Ima Keithel. The the ticketing counter was the highlight. Very clean and organized. The entry fee is totally worth it. A must-visit for Corporate Group and nature lovers. Stunning Organized Well-maintained Vibrant,35,Positive,64,167,No,Hidden,21-11-2025,22-12-2025
RV000239,MP020,David Thang,Domestic Tourist,Above 65,Male,India,01-01-2024,January,Winter,Bike,Educational Tour,Education,2.8,2.2,2.4,3,2.3,3.2,64,The was Unique walking overpriced.,"It's an okay spot. The the scenic beauty is fine but the facilities are basic. The the walking trails was overpriced. However, the local culture around is interesting. Organized Stunning Unique Interesting Vibrant Beautiful",34,Neutral,299,40,Yes,Pending,03-10-2024,03-08-2026
RV000240,MP050,Sunita Devi,Domestic Tourist,Above 65,Other,United States,14-08-2024,August,Monsoon,Train,Couple,Sightseeing,5,2,2.7,1.3,4.7,1.4,100,Interesting Perfect August. at I,I had an amazing experience at MP050 in August. The the local culture is world-class. The atmosphere was so peaceful and relaxing. Perfect for Couple. Will definitely come back again. Unique Beautiful Interesting Organized Stunning Authentic,36,Positive,68,37,Yes,Hidden,10-12-2023,25-11-2026
RV000241,MP015,Anjan Dutta,Foreign Tourist,26-35,Other,India,10-04-2025,April,Spring,Car,Friends,Nature Exploration,3.6,2.6,3.2,2.4,3.2,4.7,78,was spot. facilities interesting. area,"It's an okay spot. The the heritage is fine but the facilities are basic. The the parking area was overpriced. However, the local culture around is interesting. Interesting Beautiful Vibrant Unique Stunning Well-maintained",33,Neutral,278,161,No,Pending,06-05-2025,06-04-2026
RV000242,MP036,Sonam Wangdi,Foreign Tourist,36-50,Male,India,09-12-2023,December,Winter,Bike,Solo,Pilgrimage,2.4,4.5,4.9,3.2,2.5,4.5,54,The away! Organized Beautiful proper,Worst tourist spot I have visited in Manipur. The the heritage is neglected. The road to MP036 is terrible. There is no proper signage or safety measures. Stay away! Beautiful Authentic Organized Stunning Interesting Unique,35,Negative,23,40,Yes,Published,04-11-2023,07-01-2026
RV000243,MP012,Jennifer Laiton,Family Tourist,Above 65,Other,France,03-08-2023,August,Monsoon,Bus,Solo,Education,3.5,1.1,3,1.7,3.1,5,75,extraordinary. could is be heritage,Average experience at MP012. The the heritage is decent but nothing extraordinary. It is good for a one-time visit. The the nearby eateries could be better maintained. Not too crowded when we went. Authentic Organized Well-maintained Interesting Unique Beautiful,39,Neutral,60,184,No,Published,01-04-2024,23-11-2026
RV000244,MP025,Sonam Wangdi,Domestic Tourist,51-65,Other,India,15-06-2025,June,Summer,Flight,Educational Tour,Nature Exploration,4.8,2.4,3,2.5,1.4,2.2,97,recommend exceeded about Summer. very,Visited MP025 last Summer. The the views was absolutely breathtaking. The the ticketing counter exceeded my expectations. We spent about 1 hours exploring. The locals were very friendly and helpful. Highly recommend this place to everyone. Beautiful Stunning Interesting Authentic Unique,41,Positive,140,65,No,Published,07-12-2024,24-12-2025
RV000245,MP002,Vikram Singh,Local Resident,51-65,Female,India,24-11-2024,November,Autumn,Bus,Couple,Adventure,3.3,4.8,4.9,2,4.5,3.5,65,view in The Beautiful I,I visited Keibul Lamjao during Autumn and it was okay. The the birdlife has potential but lacks maintenance. The view is nice though. Might be better in the dry season. Beautiful Unique Organized Authentic Interesting,35,Neutral,264,21,No,Hidden,05-04-2025,05-01-2025
RV000246,MP003,Priya Mehra,Local Resident,18-25,Male,India,15-08-2025,August,Monsoon,Walking,Solo,Sightseeing,2.6,1.1,2.1,2.7,1.8,4,49,crowded the better at a,Average experience at Kangla Fort. The the royal gateways is decent but nothing extraordinary. It is good for a one-time visit. The the walking trails could be better maintained. Not too crowded when we went. Unique Stunning Organized,38,Neutral,113,4,No,Published,11-02-2025,14-06-2025
RV000247,MP041,Sita Devi,Student,36-50,Male,India,23-03-2025,March,Spring,Bus,Corporate Group,Wildlife,2.7,3.1,1.3,1.9,2.1,2.2,50,if trails the The was,Decent place for Corporate Group. MP041 has its charm but the the walking trails was underwhelming. The surrounding area is nice. I would recommend if you have extra time. Well-maintained Organized Stunning Unique Beautiful Authentic,35,Neutral,96,134,No,Published,20-05-2025,15-07-2026
RV000248,MP049,Hidetoshi Tanaka,Solo Traveller,36-50,Male,India,12-11-2024,November,Autumn,Car,Family,Wildlife,3.3,2.6,3.1,3.6,3.1,1.8,68,be and nice season. Beautiful,I visited MP049 during Autumn and it was okay. The the heritage has potential but lacks maintenance. The view is nice though. Might be better in the dry season. Interesting Beautiful Authentic Vibrant,33,Neutral,376,189,Yes,Pending,06-12-2023,18-09-2025
RV000249,MP011,Laishram Devi,Domestic Tourist,51-65,Male,India,12-02-2024,February,Winter,Train,Corporate Group,Adventure,2.6,3.5,2,2.3,4.6,3,57,decent a for nearby eateries,Average experience at MP011. The the scenic beauty is decent but nothing extraordinary. It is good for a one-time visit. The the nearby eateries could be better maintained. Not too crowded when we went. Unique Vibrant Interesting Well-maintained Beautiful Stunning,40,Neutral,440,132,No,Pending,23-07-2024,13-02-2026
RV000250,MP047,Hidetoshi Tanaka,Travel Blogger,Above 65,Other,United States,04-07-2023,July,Monsoon,Flight,Corporate Group,Nature Exploration,3.5,1.9,2.3,2.3,3,3.3,71,interesting. fine around beauty but,"It's an okay spot. The the scenic beauty is fine but the facilities are basic. The the parking area was overpriced. However, the local culture around is interesting. Interesting Stunning Well-maintained Vibrant",32,Neutral,369,188,No,Published,18-08-2024,23-09-2026
RV000251,MP040,Kiran Bhatt,Student,26-35,Male,India,08-09-2024,September,Monsoon,Bike,Friends,Education,1.5,1.7,3,4,2.5,4.7,37,Vibrant litter completely restrooms Interesting,Terrible experience at MP040. The the scenic beauty was poorly maintained and dirty. The the restrooms was completely overrated. The crowd and litter ruined the vibe. Not worth the effort to travel here. Unique Interesting Vibrant,36,Negative,457,124,No,Pending,06-10-2024,19-08-2026
RV000252,MP027,Bimol Sharma,Solo Traveller,Above 65,Female,France,23-04-2023,April,Spring,Walking,Family,Wildlife,1.8,1.3,4,1.6,3,3.9,42,dirty. ruined The Terrible trails,Terrible experience at MP027. The the scenic beauty was poorly maintained and dirty. The the walking trails was completely overrated. The crowd and litter ruined the vibe. Not worth the effort to travel here. Stunning Unique Well-maintained,37,Negative,227,40,Yes,Published,25-04-2023,09-03-2026
RV000253,MP004,Aisha Rahman,Researcher,36-50,Other,Germany,04-02-2025,February,Winter,Train,Friends,Sightseeing,5,2.3,1.4,3.9,5,4.9,100,come back Govindajee Temple Authentic,I had an amazing experience at Govindajee Temple in February. The Govindajee Temple is world-class. The atmosphere was so peaceful and relaxing. Perfect for Friends. Will definitely come back again. Beautiful Unique Vibrant Authentic Well-maintained,35,Positive,316,16,No,Pending,18-10-2023,07-03-2025
RV000254,MP015,Sonam Wangdi,Domestic Tourist,36-50,Other,India,16-11-2023,November,Autumn,Walking,Couple,Festival,3.1,3.8,1.3,4,3.4,2.7,60,season. and it potential the,I visited MP015 during Autumn and it was okay. The the heritage has potential but lacks maintenance. The view is nice though. Might be better in the dry season. Authentic Organized Well-maintained Stunning Interesting,34,Neutral,192,53,Yes,Published,23-04-2024,02-02-2025
RV000255,MP047,John Doe,Foreign Tourist,51-65,Male,India,03-03-2025,March,Spring,Taxi,Family,Wildlife,2.2,4.5,3.1,1.4,2.3,3.7,45,heavy rude the MP047. weekends,Very disappointing visit to MP047. The the views is in shambles. Zero management. We encountered rude staff which spoiled our day. Avoid going on weekends or during heavy rain. Interesting Well-maintained Vibrant,32,Negative,177,20,No,Hidden,10-11-2025,10-03-2025
RV000256,MP017,Lara Croft,Domestic Tourist,Under 18,Other,India,04-06-2024,June,Summer,Flight,Educational Tour,Festival,2.8,3.9,1.7,1.3,3.4,3.6,66,Authentic when Not experience but,Average experience at MP017. The the local culture is decent but nothing extraordinary. It is good for a one-time visit. The the parking area could be better maintained. Not too crowded when we went. Unique Authentic Stunning Beautiful,38,Neutral,6,26,Yes,Published,09-09-2023,24-07-2026
RV000257,MP029,Sunita Devi,Adventure Tourist,Under 18,Male,India,09-05-2025,May,Summer,Bus,Family,Pilgrimage,1.9,3.2,3.6,2.2,1.2,2.3,31,ruined completely at Not Unique,Terrible experience at MP029. The the scenic beauty was poorly maintained and dirty. The the parking area was completely overrated. The crowd and litter ruined the vibe. Not worth the effort to travel here. Authentic Stunning Interesting Unique Beautiful Well-maintained,40,Negative,382,154,No,Published,16-09-2023,12-10-2026
RV000258,MP009,Jennifer Laiton,Researcher,26-35,Other,India,24-06-2025,June,Summer,Bike,Corporate Group,Photography,3.5,2.5,3.6,4.3,3.2,2.4,68,at Authentic a scenic experience,Average experience at MP009. The the scenic beauty is decent but nothing extraordinary. It is good for a one-time visit. The the parking area could be better maintained. Not too crowded when we went. Beautiful Authentic Unique Vibrant Stunning,39,Neutral,285,16,No,Published,17-05-2024,07-06-2026
RV000259,MP023,Emily Stone,Domestic Tourist,26-35,Male,India,12-02-2023,February,Winter,Taxi,Friends,Relaxation,1.9,2.4,1.3,3.1,4.4,2,31,and for unhygienic. was for,Not recommended for Friends. The the restrooms was unsafe and unhygienic. The entry fees are too high for what you get. I regret wasting my time here. Authentic Organized Unique,30,Negative,394,24,Yes,Hidden,11-11-2023,24-03-2025
RV000260,MP017,Sonam Wangdi,Student,Under 18,Male,India,21-10-2024,October,Autumn,Car,Educational Tour,Pilgrimage,4.1,2.4,4.2,4.5,1.5,1.6,89,helpful. Visited spent Authentic place,Visited MP017 last Autumn. The the local culture was absolutely breathtaking. The the restrooms exceeded my expectations. We spent about 3 hours exploring. The locals were very friendly and helpful. Highly recommend this place to everyone. Authentic Beautiful Stunning Interesting,40,Positive,229,179,Yes,Published,05-01-2025,06-01-2026
RV000261,MP018,Mary Kom,Travel Blogger,Under 18,Female,India,08-02-2025,February,Winter,Train,Corporate Group,Education,3.1,1.3,2.6,4.3,2.7,2,57,good The for is the,Average experience at MP018. The the local culture is decent but nothing extraordinary. It is good for a one-time visit. The the nearby eateries could be better maintained. Not too crowded when we went. Interesting Unique Authentic Vibrant Beautiful Stunning,40,Neutral,14,130,Yes,Pending,22-08-2024,13-09-2025
RV000262,MP042,Laishram Devi,Local Resident,Above 65,Female,India,14-12-2024,December,Winter,Walking,Friends,Pilgrimage,1.6,4.9,2.9,2.9,2,4.2,39,is our going which Unique,Very disappointing visit to MP042. The the scenic beauty is in shambles. Zero management. We encountered scam guides which spoiled our day. Avoid going on weekends or during heavy rain. Interesting Vibrant Unique Organized Stunning Well-maintained,36,Negative,77,15,No,Hidden,09-05-2025,18-09-2026
RV000263,MP012,Govind Singh,Foreign Tourist,Above 65,Male,India,12-03-2023,March,Spring,Car,Corporate Group,Adventure,5,5,3.5,1.3,4.5,1.8,100,The Vibrant is atmosphere Authentic,I had an amazing experience at MP012 in March. The the local culture is world-class. The atmosphere was so peaceful and relaxing. Perfect for Corporate Group. Will definitely come back again. Authentic Vibrant Beautiful Organized,35,Positive,179,79,No,Hidden,07-04-2023,12-12-2026
RV000264,MP001,Arun Kumar,Travel Blogger,18-25,Other,India,10-10-2023,October,Autumn,Train,Family,Nature Exploration,5,4.3,1.9,4.8,1.1,1.8,90,Vibrant and at atmosphere relaxing.,I had an amazing experience at Loktak Lake in October. The Loktak Lake is world-class. The atmosphere was so peaceful and relaxing. Perfect for Family. Will definitely come back again. Authentic Stunning Organized Vibrant Interesting,35,Positive,213,130,No,Hidden,20-07-2023,02-10-2026
RV000265,MP020,Hidetoshi Tanaka,Photographer,18-25,Male,India,19-09-2023,September,Monsoon,Taxi,Educational Tour,Nature Exploration,4.1,1.6,3,4.8,3.3,4.2,77,Beautiful Organized Interesting for facilities,A wonderful trip to MP020. The the heritage and the surrounding greenery were incredible. The facilities were well maintained. It's a hidden gem of Northeast India. Just go for it! Organized Interesting Authentic Beautiful Stunning,35,Positive,78,54,No,Hidden,01-10-2025,23-06-2025
RV000266,MP002,Sita Devi,Researcher,Above 65,Male,Malaysia,07-01-2025,January,Winter,Bus,Couple,Sightseeing,4.3,2.4,4.6,1.1,3.6,1.2,91,spent Beautiful counter 5 recommend,Visited Keibul Lamjao last Winter. The Keibul Lamjao was absolutely breathtaking. The the ticketing counter exceeded my expectations. We spent about 5 hours exploring. The locals were very friendly and helpful. Highly recommend this place to everyone. Vibrant Beautiful Stunning Well-maintained Interesting Unique,43,Positive,50,55,No,Hidden,21-08-2023,25-06-2026
RV000267,MP024,Vikram Singh,Family Tourist,36-50,Female,India,02-11-2023,November,Autumn,Bus,Friends,Research,2.4,4.1,1.1,2.1,1.3,1.4,55,completely Interesting here. scenic Terrible,Terrible experience at MP024. The the scenic beauty was poorly maintained and dirty. The the restrooms was completely overrated. The crowd and litter ruined the vibe. Not worth the effort to travel here. Interesting Unique Stunning Beautiful Vibrant,38,Negative,242,144,Yes,Published,10-05-2023,19-11-2025
RV000268,MP013,Govind Singh,Photographer,18-25,Other,India,04-06-2025,June,Summer,Bus,Corporate Group,Photography,3.2,3.7,2.3,4,1.8,4.9,66,area the is underwhelming. time.,Decent place for Corporate Group. MP013 has its charm but the the restrooms was underwhelming. The surrounding area is nice. I would recommend if you have extra time. Beautiful Organized Stunning Vibrant Interesting,33,Neutral,31,124,No,Hidden,04-10-2025,17-01-2025
RV000269,MP051,Aisha Rahman,Student,36-50,Female,India,25-01-2025,January,Winter,Bike,Corporate Group,Education,1,4.5,2.8,2.9,4.2,4.4,30,Stunning Beautiful rain. Very scenic,Very disappointing visit to MP051. The the scenic beauty is in shambles. Zero management. We encountered overcrowding which spoiled our day. Avoid going on weekends or during heavy rain. Unique Stunning Authentic Organized Vibrant Beautiful,35,Negative,127,76,No,Pending,11-03-2023,11-08-2025
RV000270,MP007,Rajesh Kumar,Adventure Tourist,Under 18,Male,India,07-03-2024,March,Spring,Flight,Educational Tour,Education,3.6,2.7,2.2,2.9,1.3,1.4,64,Beautiful extraordinary. The visit. is,Average experience at MP007. The the local culture is decent but nothing extraordinary. It is good for a one-time visit. The the walking trails could be better maintained. Not too crowded when we went. Unique Authentic Well-maintained Beautiful,38,Neutral,84,171,No,Hidden,22-07-2023,02-11-2026
RV000271,MP003,Arun Kumar,Solo Traveller,51-65,Other,India,16-07-2023,July,Monsoon,Bike,Corporate Group,Sightseeing,3,2.4,1.8,2.7,1.4,4,63,recommend extra the have Interesting,Decent place for Corporate Group. Kangla Fort has its charm but the the walking trails was underwhelming. The surrounding area is nice. I would recommend if you have extra time. Interesting Authentic Well-maintained,33,Neutral,175,104,Yes,Pending,13-07-2023,18-03-2026
RV000272,MP052,Sita Devi,Travel Blogger,Under 18,Male,United States,06-08-2024,August,Monsoon,Bike,Couple,Relaxation,1,2,3.3,2.7,2.4,1.7,16,day. We disappointing in encountered,Very disappointing visit to MP052. The the views is in shambles. Zero management. We encountered rude staff which spoiled our day. Avoid going on weekends or during heavy rain. Beautiful Vibrant Authentic,32,Negative,161,6,Yes,Hidden,15-03-2023,20-12-2025
RV000273,MP008,Hidetoshi Tanaka,Family Tourist,18-25,Other,India,02-10-2023,October,Autumn,Bus,Educational Tour,Wildlife,3.3,4.2,4.3,1.1,3.7,3.3,69,experience Authentic area Unique Interesting,Average experience at MP008. The the heritage is decent but nothing extraordinary. It is good for a one-time visit. The the parking area could be better maintained. Not too crowded when we went. Stunning Well-maintained Authentic Unique Interesting Vibrant,39,Neutral,389,128,No,Published,15-09-2024,25-08-2026
RV000274,MP002,Emily Stone,Photographer,26-35,Other,India,07-03-2024,March,Spring,Taxi,Family,Photography,5,2.7,2.5,3.1,2.8,2.2,100,come experience Vibrant at Keibul,I had an amazing experience at Keibul Lamjao in March. The the Sangai deer is world-class. The atmosphere was so peaceful and relaxing. Perfect for Family. Will definitely come back again. Well-maintained Authentic Organized Vibrant Stunning,36,Positive,19,133,Yes,Published,17-02-2025,17-01-2025
RV000275,MP019,Rajesh Kumar,Solo Traveller,51-65,Male,India,22-02-2024,February,Winter,Flight,Corporate Group,Photography,5,1.5,1.7,1.9,1.9,3,97,at must-visit and A Group,Excellent experience at MP019. The the nearby eateries was the highlight. Very clean and organized. The entry fee is totally worth it. A must-visit for Corporate Group and nature lovers. Beautiful Authentic Vibrant Interesting Stunning,35,Positive,82,108,No,Pending,02-05-2023,14-01-2026
RV000276,MP009,Jennifer Laiton,Photographer,Under 18,Other,India,02-03-2023,March,Spring,Walking,Friends,Research,1.6,2.2,1.9,2.3,1.4,1.9,39,the Interesting The get. for,Not recommended for Friends. The the nearby eateries was unsafe and unhygienic. The entry fees are too high for what you get. I regret wasting my time here. Beautiful Interesting Vibrant,31,Negative,123,200,No,Published,20-04-2023,05-07-2025
RV000277,MP016,Riya Das,Local Resident,Under 18,Other,Australia,17-07-2023,July,Monsoon,Car,Educational Tour,Wildlife,4.2,1.4,4.8,2.5,2.8,1.4,74,to were Northeast incredible. a,A wonderful trip to MP016. The the scenic beauty and the surrounding greenery were incredible. The facilities were well maintained. It's a hidden gem of Northeast India. Just go for it! Stunning Vibrant Authentic Interesting Beautiful Well-maintained,37,Positive,406,12,Yes,Hidden,05-03-2025,20-04-2026
RV000278,MP007,Bimol Sharma,Photographer,18-25,Female,India,06-07-2023,July,Monsoon,Bus,Solo,Adventure,5,1.3,1.2,4.4,1.5,2.1,100,Organized I Well-maintained back The,I had an amazing experience at MP007 in July. The the views is world-class. The atmosphere was so peaceful and relaxing. Perfect for Solo. Will definitely come back again. Unique Well-maintained Beautiful Organized Stunning,34,Positive,327,4,No,Hidden,22-07-2024,23-07-2025
RV000279,MP050,Sunita Devi,Student,26-35,Male,India,07-07-2023,July,Monsoon,Bus,Friends,Pilgrimage,2.5,3.4,1.5,1.2,3.3,2.4,54,the Interesting facilities is The,"It's an okay spot. The the local culture is fine but the facilities are basic. The the ticketing counter was overpriced. However, the local culture around is interesting. Beautiful Unique Interesting",31,Negative,278,157,Yes,Published,24-03-2023,13-06-2025
RV000280,MP015,Hidetoshi Tanaka,Family Tourist,18-25,Other,India,01-04-2024,April,Spring,Car,Couple,Wildlife,4.6,1.3,2.3,1.9,2,3.6,100,to trip facilities scenic maintained.,A wonderful trip to MP015. The the scenic beauty and the surrounding urban skyline were incredible. The facilities were well maintained. It's a hidden gem of Northeast India. Just go for it! Authentic Stunning Vibrant,35,Positive,499,139,Yes,Pending,13-04-2025,07-10-2026
RV000281,MP041,Laishram Devi,Foreign Tourist,26-35,Male,India,07-05-2025,May,Summer,Bike,Couple,Sightseeing,3.8,4.7,1.9,4.5,4.9,4.3,66,crowded the is went. decent,Average experience at MP041. The the heritage is decent but nothing extraordinary. It is good for a one-time visit. The the restrooms could be better maintained. Not too crowded when we went. Vibrant Stunning Organized,35,Neutral,487,81,Yes,Hidden,01-01-2023,17-01-2026
RV000282,MP003,Govind Singh,Researcher,Above 65,Female,India,04-05-2023,May,Summer,Car,Corporate Group,Research,3.4,1.2,1.3,4.4,2.3,1.2,77,local is interesting. are was,"It's an okay spot. The Kangla Fort is fine but the facilities are basic. The the nearby eateries was overpriced. However, the local culture around is interesting. Beautiful Stunning Authentic Interesting",31,Neutral,392,77,No,Hidden,19-11-2023,14-05-2025
RV000283,MP010,Ravi Shankar,Local Resident,Under 18,Female,India,01-03-2025,March,Spring,Flight,Family,Sightseeing,2,4.3,4.7,4.8,3.3,1.5,49,to during Authentic is MP010.,Very disappointing visit to MP010. The the local culture is in shambles. Zero management. We encountered overcrowding which spoiled our day. Avoid going on weekends or during heavy rain. Well-maintained Organized Beautiful Authentic Interesting,34,Negative,198,96,No,Hidden,22-10-2024,17-11-2025
RV000284,MP020,Jennifer Laiton,Researcher,Above 65,Female,India,15-04-2024,April,Spring,Bus,Family,Pilgrimage,1.5,1.8,4.4,2.1,4.3,1.8,39,or We is during disappointing,Very disappointing visit to MP020. The the views is in shambles. Zero management. We encountered heavy garbage which spoiled our day. Avoid going on weekends or during heavy rain. Well-maintained Stunning Interesting Organized,33,Negative,279,27,No,Pending,16-09-2023,08-11-2026
RV000285,MP053,Hidetoshi Tanaka,Family Tourist,Above 65,Male,India,22-02-2025,February,Winter,Bus,Corporate Group,Wildlife,2.8,1.5,1,3.5,4.7,4.7,47,Organized the Well-maintained around are,"It's an okay spot. The the views is fine but the facilities are basic. The the walking trails was overpriced. However, the local culture around is interesting. Stunning Well-maintained Organized Vibrant Beautiful",32,Neutral,146,7,No,Hidden,15-04-2025,08-06-2026
RV000286,MP001,Kiran Bhatt,Solo Traveller,26-35,Female,India,01-04-2024,April,Spring,Bike,Solo,Relaxation,5,1.4,3.3,1.9,1.3,1.3,98,Vibrant Highly the The 3,Visited Loktak Lake last Spring. The Loktak Lake was absolutely breathtaking. The the walking trails exceeded my expectations. We spent about 3 hours exploring. The locals were very friendly and helpful. Highly recommend this place to everyone. Unique Authentic Vibrant Well-maintained Stunning Organized,43,Positive,77,85,No,Pending,18-06-2024,19-05-2025
RV000287,MP002,Riya Das,Student,Above 65,Female,India,14-12-2023,December,Winter,Walking,Friends,Education,3.9,3.8,4.4,1.2,1.4,3.3,79,Keibul Friends. trails time. Organized,Decent place for Friends. Keibul Lamjao has its charm but the the walking trails was underwhelming. The surrounding area is nice. I would recommend if you have extra time. Interesting Well-maintained Stunning Vibrant Authentic Organized,35,Neutral,264,46,Yes,Pending,10-01-2025,23-12-2026
RV000288,MP028,Jennifer Laiton,Solo Traveller,Above 65,Female,India,15-01-2024,January,Winter,Flight,Corporate Group,Nature Exploration,3.2,2.7,3.2,1.6,4.3,4.7,65,at The be Beautiful It,Average experience at MP028. The the local culture is decent but nothing extraordinary. It is good for a one-time visit. The the restrooms could be better maintained. Not too crowded when we went. Interesting Beautiful Well-maintained Unique Vibrant Organized,39,Neutral,479,78,No,Pending,18-06-2025,17-02-2025
RV000289,MP001,Jennifer Laiton,Adventure Tourist,51-65,Female,India,09-12-2025,December,Winter,Car,Friends,Wildlife,3.3,3.7,1.4,4.5,2.3,1.1,59,okay. visited view lacks boating,I visited Loktak Lake during Winter and it was okay. The the boating experience has potential but lacks maintenance. The view is nice though. Might be better in the dry season. Authentic Stunning Organized Beautiful Vibrant,36,Neutral,385,164,No,Published,25-09-2024,19-09-2026
RV000290,MP016,Emily Stone,Researcher,26-35,Female,India,25-07-2025,July,Monsoon,Flight,Solo,Wildlife,3.7,5,3,3.3,1.9,3.2,71,the The The Not a,Average experience at MP016. The the heritage is decent but nothing extraordinary. It is good for a one-time visit. The the nearby eateries could be better maintained. Not too crowded when we went. Well-maintained Beautiful Organized Vibrant Authentic Interesting,39,Neutral,304,94,No,Published,04-05-2023,14-06-2025
RV000291,MP006,Moirangthem,Adventure Tourist,Above 65,Male,Malaysia,23-01-2025,January,Winter,Flight,Corporate Group,Education,3.4,1.8,1.9,3,2.2,4.3,78,visit. went. views better could,Average experience at MP006. The the views is decent but nothing extraordinary. It is good for a one-time visit. The the parking area could be better maintained. Not too crowded when we went. Unique Vibrant Authentic Well-maintained Stunning,38,Neutral,453,169,Yes,Hidden,06-10-2023,20-01-2025
RV000292,MP011,Hidetoshi Tanaka,Solo Traveller,18-25,Other,India,18-11-2025,November,Autumn,Car,Corporate Group,Sightseeing,1.6,3.4,2.5,4.6,4,3,22,area recommended entry you Interesting,Not recommended for Corporate Group. The the parking area was unsafe and unhygienic. The entry fees are too high for what you get. I regret wasting my time here. Unique Interesting Vibrant Well-maintained Organized,34,Negative,488,36,Yes,Pending,01-03-2023,14-07-2026
RV000293,MP040,Aisha Rahman,Travel Blogger,36-50,Other,Malaysia,02-11-2023,November,Autumn,Taxi,Educational Tour,Adventure,1.1,3.2,2.9,4.2,4.9,1.8,24,Interesting walking you The and,Not recommended for Educational Tour. The the walking trails was unsafe and unhygienic. The entry fees are too high for what you get. I regret wasting my time here. Vibrant Stunning Interesting,32,Negative,280,99,No,Pending,17-08-2025,05-10-2026
RV000294,MP012,Jennifer Laiton,Adventure Tourist,Above 65,Female,India,22-04-2024,April,Spring,Walking,Corporate Group,Relaxation,4.1,2.4,4.5,1.5,1.9,3.2,91,Well-maintained 3 helpful. the We,Visited MP012 last Spring. The the scenic beauty was absolutely breathtaking. The the nearby eateries exceeded my expectations. We spent about 3 hours exploring. The locals were very friendly and helpful. Highly recommend this place to everyone. Stunning Well-maintained Vibrant Unique Interesting Beautiful,43,Positive,425,160,Yes,Published,08-04-2025,09-08-2025
RV000295,MP007,John Doe,Domestic Tourist,18-25,Other,Australia,25-12-2025,December,Winter,Bus,Family,Wildlife,3.7,5,1.7,1.8,2.4,3.1,74,was has potential during dry,I visited MP007 during Winter and it was okay. The the local culture has potential but lacks maintenance. The view is nice though. Might be better in the dry season. Stunning Beautiful Organized Authentic Interesting,35,Neutral,464,68,Yes,Published,01-10-2025,24-01-2025
RV000296,MP020,Tongbram Singh,Solo Traveller,36-50,Male,Singapore,23-10-2023,October,Autumn,Train,Educational Tour,Festival,5,2.8,1.6,1.9,2.7,2.8,100,and 1 The the The,Visited MP020 last Autumn. The the scenic beauty was absolutely breathtaking. The the parking area exceeded my expectations. We spent about 1 hours exploring. The locals were very friendly and helpful. Highly recommend this place to everyone. Well-maintained Vibrant Organized Beautiful Authentic,42,Positive,433,36,Yes,Pending,20-03-2024,19-07-2025
RV000297,MP017,Hidetoshi Tanaka,Photographer,51-65,Other,India,21-02-2023,February,Winter,Taxi,Solo,Pilgrimage,3.5,2.4,3.7,3.1,3.5,4.9,71,Authentic eateries underwhelming. the Solo.,Decent place for Solo. MP017 has its charm but the the nearby eateries was underwhelming. The surrounding area is nice. I would recommend if you have extra time. Vibrant Authentic Stunning Unique Beautiful Interesting,34,Neutral,388,145,Yes,Pending,10-02-2024,21-04-2026
RV000298,MP030,Deepika Ningthoujam,Local Resident,Under 18,Other,India,25-06-2024,June,Summer,Car,Friends,Festival,4.7,2.4,2,4.8,4.5,2.1,87,Authentic lovers. A the The,Excellent experience at MP030. The the ticketing counter was the highlight. Very clean and organized. The entry fee is totally worth it. A must-visit for Friends and nature lovers. Unique Well-maintained Authentic Interesting Beautiful Stunning,35,Positive,80,126,No,Hidden,18-02-2025,05-08-2026
RV000299,MP046,Deepika Ningthoujam,Local Resident,Under 18,Male,India,12-12-2024,December,Winter,Bus,Family,Photography,4.5,4.8,2.2,3,4.2,4.5,80,MP046 this The about Organized,Visited MP046 last Winter. The the local culture was absolutely breathtaking. The the restrooms exceeded my expectations. We spent about 5 hours exploring. The locals were very friendly and helpful. Highly recommend this place to everyone. Unique Organized Interesting Authentic,40,Positive,227,162,No,Pending,21-10-2025,25-10-2026
RV000300,MP020,Mary Kom,Travel Blogger,51-65,Female,India,24-12-2024,December,Winter,Walking,Educational Tour,Nature Exploration,2.3,2.8,2.3,2.6,3.1,3.1,50,trails overrated. Organized and effort,Terrible experience at MP020. The the local culture was poorly maintained and dirty. The the walking trails was completely overrated. The crowd and litter ruined the vibe. Not worth the effort to travel here. Authentic Well-maintained Organized Stunning,38,Negative,265,71,Yes,Pending,17-07-2023,20-12-2025
RV000301,MP001,Rahul Verma,Solo Traveller,Under 18,Female,India,09-06-2024,June,Summer,Flight,Friends,Pilgrimage,3.2,2.4,3.6,3.9,2.2,1.6,67,maintenance. season. though. Unique boating,I visited Loktak Lake during Summer and it was okay. The the boating experience has potential but lacks maintenance. The view is nice though. Might be better in the dry season. Beautiful Unique Interesting Organized,35,Neutral,254,89,Yes,Pending,06-07-2025,07-04-2025
RV000302,MP013,Sonam Wangdi,Foreign Tourist,36-50,Other,India,13-07-2024,July,Monsoon,Walking,Family,Adventure,5,3.1,3,3.6,4,2.2,100,exploring. absolutely locals The friendly,Visited MP013 last Monsoon. The the heritage was absolutely breathtaking. The the parking area exceeded my expectations. We spent about 4 hours exploring. The locals were very friendly and helpful. Highly recommend this place to everyone. Unique Beautiful Vibrant Authentic Stunning Well-maintained,42,Positive,146,89,No,Hidden,09-01-2023,01-04-2025
RV000303,MP016,Moirangthem,Travel Blogger,36-50,Male,United Kingdom,12-01-2023,January,Winter,Bus,Corporate Group,Festival,3.8,3.2,3.7,1.4,3.8,2.2,68,culture the but interesting. facilities,"It's an okay spot. The the views is fine but the facilities are basic. The the parking area was overpriced. However, the local culture around is interesting. Organized Interesting Vibrant Beautiful",31,Neutral,76,26,No,Hidden,14-06-2023,03-04-2025
RV000304,MP026,Tongbram Singh,Travel Blogger,Under 18,Female,United States,13-01-2025,January,Winter,Flight,Friends,Research,2.5,1.1,2.7,2.8,2.1,4.9,43,the is could Stunning MP026.,Average experience at MP026. The the local culture is decent but nothing extraordinary. It is good for a one-time visit. The the walking trails could be better maintained. Not too crowded when we went. Well-maintained Stunning Vibrant,37,Negative,185,173,Yes,Published,14-08-2025,04-04-2026
RV000305,MP010,Arun Kumar,Adventure Tourist,36-50,Female,India,15-03-2025,March,Spring,Car,Couple,Research,1.5,1.3,3.1,3.8,4.7,2.6,24,was the the travel the,Terrible experience at MP010. The the heritage was poorly maintained and dirty. The the ticketing counter was completely overrated. The crowd and litter ruined the vibe. Not worth the effort to travel here. Unique Well-maintained Authentic,36,Negative,65,132,Yes,Published,21-04-2024,13-09-2025
RV000306,MP038,Sunita Devi,Researcher,18-25,Female,India,15-02-2024,February,Winter,Walking,Couple,Education,2.6,3.1,1,1.3,2.6,1.5,58,Vibrant heritage basic. restrooms the,"It's an okay spot. The the heritage is fine but the facilities are basic. The the restrooms was overpriced. However, the local culture around is interesting. Authentic Vibrant Organized Beautiful Interesting Unique",32,Neutral,401,98,Yes,Pending,19-12-2023,24-01-2025
RV000307,MP004,,,,Female,India,06-10-2025,October,Autumn,Taxi,Couple,Research,3.3,2.9,3.7,4.4,1.7,4,74,Interesting be has visited domes,I visited Govindajee Temple during Autumn and it was okay. The the twin golden domes has potential but lacks maintenance. The view is nice though. Might be better in the dry season. Organized Interesting Stunning Vibrant,36,Neutral,148,17,Yes,Published,12-11-2025,14-03-2026
RV000308,MP033,Neha Agarwal,Student,36-50,Male,India,22-09-2023,September,Monsoon,Bus,Educational Tour,Pilgrimage,4.4,4.9,4.8,2.3,3.9,3.1,85,Highly spent culture The walking,Visited MP033 last Monsoon. The the local culture was absolutely breathtaking. The the walking trails exceeded my expectations. We spent about 2 hours exploring. The locals were very friendly and helpful. Highly recommend this place to everyone. Unique Vibrant Beautiful Interesting,41,Positive,490,30,Yes,Published,10-09-2025,24-04-2026
RV000309,MP050,Riya Das,Family Tourist,Above 65,Male,India,20-06-2023,June,Summer,Car,Solo,Festival,2.9,2.5,3.4,3.7,4.7,4.4,58,recommend surrounding Authentic is but,Decent place for Solo. MP050 has its charm but the the nearby eateries was underwhelming. The surrounding area is nice. I would recommend if you have extra time. Beautiful Vibrant Authentic Well-maintained Stunning Organized,34,Neutral,423,171,Yes,Hidden,11-03-2023,09-05-2025
RV000310,MP014,Ravi Shankar,Photographer,26-35,male,India,12-07-2025,July,Monsoon,Train,Solo,Festival,2,1.9,1.1,1.1,2.9,4.5,49,crowd heritage The at litter,Terrible experience at MP014. The the heritage was poorly maintained and dirty. The the walking trails was completely overrated. The crowd and litter ruined the vibe. Not worth the effort to travel here. Interesting Stunning Well-maintained,36,Negative,397,88,Yes,Pending,21-10-2024,10-10-2026
RV000311,MP046,Sita Devi,Domestic Tourist,Above 65,Female,India,14-12-2025,December,Winter,Flight,Couple,Festival,4.6,5,3.4,2.7,1.7,1.4,100,Organized Will the again. heritage,I had an amazing experience at MP046 in December. The the heritage is world-class. The atmosphere was so peaceful and relaxing. Perfect for Couple. Will definitely come back again. Beautiful Vibrant Organized Interesting,33,Positive,23,159,Yes,Published,23-11-2025,08-10-2026
RV000312,MP008,Riya Das,Local Resident,Above 65,Male,India,16-10-2024,October,Autumn,Walking,Friends,Wildlife,2.9,2.6,2.2,1.5,3.2,2.4,58,Well-maintained restrooms local the It's,"It's an okay spot. The the local culture is fine but the facilities are basic. The the restrooms was overpriced. However, the local culture around is interesting. Interesting Vibrant Well-maintained Organized",31,Neutral,400,99,No,Pending,23-10-2024,02-12-2025
RV000313,MP067,Laishram Devi,Solo Traveller,26-35,Female,India,13-04-2025,April,Spring,Car,Solo,Education,1.5,2.2,2.1,2.8,1.7,2.7,38,Stunning wasting The time get.,Not recommended for Solo. The the parking area was unsafe and unhygienic. The entry fees are too high for what you get. I regret wasting my time here. Well-maintained Stunning Interesting,31,Negative,35,50,Yes,Hidden,16-07-2025,08-04-2026
RV000314,MP049,Laishram Devi,Local Resident,51-65,Female,India,16-03-2024,March,Spring,Car,Couple,Adventure,4.7,2.4,1.6,2.8,2.4,1.4,90,it. Well-maintained fee and The,Excellent experience at MP049. The the restrooms was the highlight. Very clean and organized. The entry fee is totally worth it. A must-visit for Couple and nature lovers. Beautiful Interesting Well-maintained,31,Positive,236,92,Yes,Pending,17-10-2024,02-03-2025
RV000315,MP064,Hidetoshi Tanaka,Solo Traveller,Under 18,Female,India,23-10-2024,October,Autumn,Bus,Educational Tour,Photography,2.8,2.1,2.3,1,2,1.6,54,spot. trails is the Well-maintained,"It's an okay spot. The the views is fine but the facilities are basic. The the walking trails was overpriced. However, the local culture around is interesting. Beautiful Organized Interesting Well-maintained Stunning",32,neutrall,438,119,Yes,Published,13-02-2023,16-04-2026
RV000316,MP043,Sanjay Leela,Photographer,18-25,Male,India,15-05-2023,May,Summer,Bus,Solo,Relaxation,3.5,4.8,3.7,4.6,4.6,4,77,charm parking Organized surrounding area,Decent place for Solo. MP043 has its charm but the the parking area was underwhelming. The surrounding area is nice. I would recommend if you have extra time. Organized Well-maintained Unique,31,Neutral,109,86,Yes,Pending,10-03-2023,19-08-2026
RV000317,MP015,Laishram Devi,Travel Blogger,Under 18,Other,India,25-07-2024,July,Monsoon,Bike,Couple,Wildlife,3.4,1.4,1.4,1.6,4.9,2.7,66,season. Might during dry nice,I visited MP015 during Monsoon and it was okay. The the heritage has potential but lacks maintenance. The view is nice though. Might be better in the dry season. Well-maintained Stunning Unique Interesting Organized Authentic,35,Neutral,232,158,No,Hidden,12-02-2024,03-09-2025
RV000318,MP018,Jennifer Laiton,Foreign Tourist,36-50,Female,Australia,23-12-2024,December,Winter,Bus,Solo,Pilgrimage,3.2,1.2,4.5,3.5,1.8,2.3,72,experience Unique Average is Not,Average experience at MP018. The the scenic beauty is decent but nothing extraordinary. It is good for a one-time visit. The the restrooms could be better maintained. Not too crowded when we went. Well-maintained Stunning Vibrant Unique Authentic Interesting,39,Neutral,499,16,Yes,Pending,06-06-2025,17-04-2026
RV000319,MP029,Deepika Ningthoujam,Photographer,Above 65,Other,India,20-11-2023,November,Autumn,Bus,Friends,Festival,4.4,2.5,3.1,3.1,1.2,1.6,89,MP029. the Authentic Friends fee,Excellent experience at MP029. The the restrooms was the highlight. Very clean and organized. The entry fee is totally worth it. A must-visit for Friends and nature lovers. Well-maintained Authentic Unique,31,Positive,281,15,Yes,Published,15-08-2023,11-06-2026
RV000320,MP069, Ravi Shankar,Solo Traveller ,51-65,Male,India,11-05-2023,May,Summer,Flight,Family,Festival,1.7,1.7,1.8,4.7,3.7,2.5,35,vibe. and the Terrible and,Terrible experience at MP069. The the views was poorly maintained and dirty. The the nearby eateries was completely overrated. The crowd and litter ruined the vibe. Not worth the effort to travel here. Authentic Stunning Vibrant Beautiful Organized,38,Negative,344,59,Yes,Pending,08-06-2024,14-11-2025
RV000321,MP012,Vikram Singh,Domestic Tourist,26-35,Male,India,24-07-2024,July,Monsoon,Bike,Couple,Relaxation,2.1,2.6,2.6,3.5,1.5,2,32,Organized Beautiful Authentic Avoid visit,Very disappointing visit to MP012. The the views is in shambles. Zero management. We encountered rude staff which spoiled our day. Avoid going on weekends or during heavy rain. Authentic Stunning Beautiful Interesting Unique Organized,35,Negative,22,150,No,Published,21-04-2024,07-05-2026
RV000322,MP038,Priya Mehra,Travel Blogger,18-25,Other,India,23-02-2025,February,Winter,Bike,Corporate Group,Festival,2.4,4,4.9,4,4.2,3,51,my Vibrant for you unsafe,Not recommended for Corporate Group. The the parking area was unsafe and unhygienic. The entry fees are too high for what you get. I regret wasting my time here. Interesting Authentic Vibrant,32,Negative,164,97,Yes,Pending,25-02-2024,05-02-2026
RV000323,MP028,Tongbram Singh,Photographer,26-35,Other,Japan,22-11-2023,November,Autumn,Car,Family,Wildlife,1.1,1.4,1.6,1.4,2.3,2.1,14,MP028. rain. weekends scenic day.,Very disappointing visit to MP028. The the scenic beauty is in shambles. Zero management. We encountered heavy garbage which spoiled our day. Avoid going on weekends or during heavy rain. Authentic Beautiful Well-maintained Vibrant,34,Negative,89,138,Yes,Pending,22-11-2024,21-03-2026
RV000324,MP057,Tongbram Singh,Solo Traveller,18-25,Female,India,02-01-2023,January,Winter,Walking,Couple,Education,1,4.2,1.7,2.9,3.5,2.1,23,recommended unsafe Unique you for,Not recommended for Couple. The the restrooms was unsafe and unhygienic. The entry fees are too high for what you get. I regret wasting my time here. Organized Well-maintained Stunning Vibrant Unique Beautiful,33,Negative,339,14,No,Published,11-02-2024,17-11-2026
RV000325,MP035,Jennifer Laiton,Family Tourist,51-65,Male,India,22-09-2024,September,Monsoon,Train,Family,Pilgrimage,6.1,2.1,1.5,4,4.4,2.3,45,this about Beautiful absolutely The,Visited MP035 last Monsoon. The the heritage was absolutely breathtaking. The the parking area exceeded my expectations. We spent about 4 hours exploring. The locals were very friendly and helpful. Highly recommend this place to everyone. Stunning Beautiful Interesting,39,Negative,181,160,No,Pending,25-03-2023,01-01-2026
RV000326,MP021,Laishram Devi,Local Resident,Under 18,Female,Thailand,11-09-2023,September,Monsoon,Car,Solo,Nature Exploration,3.5,3,4.3,4.5,2.5,4.2,60,nice. you extra Decent charm,Decent place for Solo. MP021 has its charm but the the nearby eateries was underwhelming. The surrounding area is nice. I would recommend if you have extra time. Beautiful Unique Stunning Interesting Well-maintained Authentic,34,Neutral,392,81,Yes,Published,20-05-2025,18-09-2026
RV000327,MP059,Lara Croft,Solo Traveller,18-25,Female,India,13-12-2023,December,Winter,Bike,Corporate Group,Sightseeing,2.5,1.7,2.5,1.6,3,4.6,52,is maintenance. during nice better,I visited MP059 during Winter and it was okay. The the heritage has potential but lacks maintenance. The view is nice though. Might be better in the dry season. Unique Beautiful Organized Vibrant Authentic Well-maintained,35,Negative,161,107,Yes,Hidden,02-10-2024,17-10-2025
RV000328,MP024,Arun Kumar,Family Tourist,51-65,Male,India,04-02-2024,February,Winter,Walking,Solo,Research,4.2,1.6,1.4,3.2,1.5,4.8,80,were go India. surrounding Organized,A wonderful trip to MP024. The the heritage and the surrounding hills were incredible. The facilities were well maintained. It's a hidden gem of Northeast India. Just go for it! Stunning Unique Well-maintained Organized Interesting,35,Positive,50,157,No,Published,07-05-2024,16-01-2025
RV000329,MP039,John Doe,Student,51-65,Other,Australia,24-08-2025,August,Monsoon,Car,Solo,Sightseeing,1.8,4.2,1.7,4.2,4.9,3.1,45,the here. culture The walking,Terrible experience at MP039. The the local culture was poorly maintained and dirty. The the walking trails was completely overrated. The crowd and litter ruined the vibe. Not worth the effort to travel here. Organized Vibrant Well-maintained Stunning,38,Negative,459,162,Yes,Published,17-11-2025,25-03-2025
RV000330,MP043,Riya Das,Researcher,51-65,Male,India,25-02-2023,February,Winter,Bike,Educational Tour,Relaxation,4.7,1.7,4,3.8,4.6,1.9,92,eateries recommend breathtaking. place MP043,Visited MP043 last Winter. The the scenic beauty was absolutely breathtaking. The the nearby eateries exceeded my expectations. We spent about 3 hours exploring. The locals were very friendly and helpful. Highly recommend this place to everyone. Stunning Unique Interesting Beautiful Vibrant,42,Positive,342,77,Yes,Published,06-11-2023,07-05-2025
RV000331,MP050,Aisha Rahman,Family Tourist,Under 18,Male,India,23-07-2024,July,Monsoon,Car,Solo,Festival,4.8,3.1,4,1.6,3.7,3.4,100,Solo Beautiful organized. and nature,Excellent experience at MP050. The the parking area was the highlight. Very clean and organized. The entry fee is totally worth it. A must-visit for Solo and nature lovers. Well-maintained Authentic Stunning Beautiful,33,Positive,271,171,Yes,Published,13-06-2025,22-07-2025
RV000332,MP025,Mangesh Patil,Local Resident,18-25,Male,Singapore,16-05-2023,May,Summer,Taxi,Couple,Adventure,1.8,2.9,1.6,4.3,3.4,2.1,34,my for and I Interesting,Not recommended for Couple. The the nearby eateries was unsafe and unhygienic. The entry fees are too high for what you get. I regret wasting my time here. Beautiful Vibrant Unique Authentic Interesting,33,Negative,187,10,No,Hidden,08-02-2025,08-12-2025
RV000333,MP061,David Thang,Travel Blogger,51-65,Female,India,11-01-2024,January,Winter,Taxi,Educational Tour,Photography,3.5,4.4,3.1,2,4.5,1.8,61,visited The during dry Winter,I visited MP061 during Winter and it was okay. The the local culture has potential but lacks maintenance. The view is nice though. Might be better in the dry season. Well-maintained Stunning Vibrant,33,Neutral,12,63,Yes,Published,14-06-2025,08-05-2025
RV000334,MP059,Vikram Singh,Student,26-35,Other,India,02-02-2025,February,Winter,Bus,Friends,Pilgrimage,1.9,2.6,4,2,4.6,4.8,31,neglected. away! Worst Manipur. in,Worst tourist spot I have visited in Manipur. The the local culture is neglected. The road to MP059 is terrible. There is no proper signage or safety measures. Stay away! Authentic Organized Beautiful Well-maintained Interesting,35,Negative,143,75,Yes,Published,08-07-2023,21-07-2025
RV000335,MP018,John Doe,Student,36-50,Female,Germany,22-12-2023,December,Winter,Bike,Family,Photography,4.9,2.7,4.6,1.6,2.3,1.2,100,peaceful at The and experience,I had an amazing experience at MP018 in December. The the local culture is world-class. The atmosphere was so peaceful and relaxing. Perfect for Family. Will definitely come back again. Authentic Well-maintained Unique Organized,34,Positive,125,49,Yes,Published,04-08-2023,11-12-2025
RV000336,MP006,Moirangthem,Researcher,51-65,Other,India,22-09-2025,September,Monsoon,Taxi,Couple,Festival,4.8,4,4.4,4.1,4.7,3.8,86,The my very and this,Visited MP006 last Monsoon. The the views was absolutely breathtaking. The the parking area exceeded my expectations. We spent about 2 hours exploring. The locals were very friendly and helpful. Highly recommend this place to everyone. Unique Organized Stunning Well-maintained Vibrant Interesting,42,Positive,216,76,Yes,Published,16-09-2025,16-02-2026
RV000337,MP015,Sunita Devi,Solo Traveller,Above 65,Male,India,08-07-2024,July,Monsoon,Bus,Family,Relaxation,2,3.1,1.6,2.5,3.2,5,38,here. MP015. Terrible vibe. effort,Terrible experience at MP015. The the heritage was poorly maintained and dirty. The the ticketing counter was completely overrated. The crowd and litter ruined the vibe. Not worth the effort to travel here. Unique Authentic Well-maintained,36,Negative,262,105,No,Hidden,20-11-2024,16-10-2025
RV000338,MP047,Lara Croft,Travel Blogger,26-35,Other,India,09-09-2023,September,Monsoon,Taxi,Solo,Photography,2.7,2.9,2.3,1.8,4.5,1.4,46,but dry culture Vibrant potential,I visited MP047 during Monsoon and it was okay. The the local culture has potential but lacks maintenance. The view is nice though. Might be better in the dry season. Well-maintained Authentic Interesting Vibrant Organized Stunning,36,Neutral,67,60,Yes,Published,03-05-2023,01-07-2025
RV000339,MP017,Rajesh Kumar,Domestic Tourist,Above 65,Female,India,16-10-2023,October,Autumn,Flight,Family,Nature Exploration,4.2,3.5,3.4,4,2.7,3.9,77,hidden it! to and Unique,A wonderful trip to MP017. The the local culture and the surrounding hills were incredible. The facilities were well maintained. It's a hidden gem of Northeast India. Just go for it! Stunning Beautiful Organized Vibrant Unique,36,Positive,277,189,No,Published,22-07-2023,17-09-2025
RV000340,MP033,Moirangthem,Domestic Tourist,Under 18,Male,India,14-10-2024,October,Autumn,Flight,Solo,Education,1.5,1.9,1.3,2.8,2.8,4.8,21,The Well-maintained regret too unsafe,Not recommended for Solo. The the walking trails was unsafe and unhygienic. The entry fees are too high for what you get. I regret wasting my time here. Unique Stunning Organized Well-maintained,32,Negative,249,7,No,Hidden,09-11-2023,21-10-2026
RV000341,MP040,Vikram Singh,Researcher,26-35,Male,India,06-02-2025,February,Winter,Bike,Corporate Group,Nature Exploration,2,3.1,3.7,3.3,3.8,2.3,31,the Authentic Stunning maintained was,Terrible experience at MP040. The the views was poorly maintained and dirty. The the restrooms was completely overrated. The crowd and litter ruined the vibe. Not worth the effort to travel here. Stunning Vibrant Authentic Unique,36,Negative,221,68,Yes,Hidden,03-03-2023,04-12-2025
RV000342,MP044,Riya Das,Local Resident,51-65,Male,India,07-10-2023,October,Autumn,Car,Educational Tour,Adventure,3.9,3.9,4.1,1.8,1.5,2.5,81,during Beautiful Stunning and the,I visited MP044 during Autumn and it was okay. The the views has potential but lacks maintenance. The view is nice though. Might be better in the dry season. Beautiful Stunning Interesting Organized Well-maintained Vibrant,35,Neutral,51,5,Yes,Published,08-07-2025,08-10-2026
RV000343,MP004,Deepika Ningthoujam,Photographer,Above 65,Other,India,24-10-2023,October,Autumn,Walking,Corporate Group,Wildlife,3.5,2.3,2.7,3.1,2.7,1.7,78,underwhelming. charm Well-maintained I Interesting,Decent place for Corporate Group. Govindajee Temple has its charm but the the nearby eateries was underwhelming. The surrounding area is nice. I would recommend if you have extra time. Organized Interesting Vibrant Well-maintained,34,Neutral,168,199,No,Published,23-01-2025,24-08-2026
RV000344,MP002,Neha Agarwal,Local Resident,18-25,Female,India,22-05-2023,May,Summer,Flight,Corporate Group,Sightseeing,3.9,1.3,3.2,3.1,1.5,1.2,75,we better visit. at decent,Average experience at Keibul Lamjao. The the floating vegetation is decent but nothing extraordinary. It is good for a one-time visit. The the ticketing counter could be better maintained. Not too crowded when we went. Stunning Authentic Beautiful Well-maintained Interesting Vibrant,41,Neutral,153,97,Yes,Published,20-05-2024,08-10-2026
RV000345,MP002,Sanjay Leela,Student,Under 18,Male,India,22-11-2023,November,Autumn,Taxi,Educational Tour,Adventure,4.9,3.2,3.8,3,4.4,1.1,100,Stunning the Just India. maintained.,A wonderful trip to Keibul Lamjao. The the floating vegetation and the surrounding water bodies were incredible. The facilities were well maintained. It's a hidden gem of Northeast India. Just go for it! Stunning Vibrant Organized,36,Positive,138,43,No,Published,10-06-2024,11-04-2025
RV000346,MP020,Sonam Wangdi,Adventure Tourist,51-65,Female,France,07-02-2025,February,Winter,Taxi,Family,Photography,3.9,3.3,3.6,2.3,1.1,3.8,68,recommend if MP020 Decent walking,Decent place for Family. MP020 has its charm but the the walking trails was underwhelming. The surrounding area is nice. I would recommend if you have extra time. Stunning Unique Organized,31,Neutral,450,59,Yes,Pending,11-02-2024,04-07-2026
RV000347,MP018,Riya Das,Travel Blogger,18-25,Female,Singapore,19-01-2024,January,Winter,Car,Friends,Photography,2.7,4.2,4.3,3.9,2.9,2.9,47,"culture It's However, but okay","It's an okay spot. The the views is fine but the facilities are basic. The the parking area was overpriced. However, the local culture around is interesting. Organized Authentic Vibrant Interesting",31,Neutral,156,38,No,Pending,17-10-2025,20-07-2026
RV000348,MP066,Emily Stone,Local Resident,36-50,Other,India,15-12-2023,December,Winter,Bus,Family,Sightseeing,2.5,2,2.3,4.7,4.3,2.4,60,nice I during be MP066,I visited MP066 during Winter and it was okay. The the views has potential but lacks maintenance. The view is nice though. Might be better in the dry season. Unique Interesting Authentic,32,Negative,270,89,No,Published,05-05-2025,17-07-2025
RV000349,MP067,Kiran Bhatt,Solo Traveller,Above 65,Male,India,02-01-2025,January,Winter,Flight,Family,Nature Exploration,2.4,4.2,5,3.7,2.4,1,43,management. The or during spoiled,Very disappointing visit to MP067. The the scenic beauty is in shambles. Zero management. We encountered heavy garbage which spoiled our day. Avoid going on weekends or during heavy rain. Interesting Authentic Stunning Beautiful,34,Negative,412,41,Yes,Hidden,12-10-2023,17-09-2026
RV000350,MP001,Hidetoshi Tanaka,Researcher,Above 65,Female,United States,15-01-2025,January,Winter,Taxi,Couple,Wildlife,4.1,3.2,1.1,2.9,3.4,3.8,82,and the The Beautiful trails,Excellent experience at Loktak Lake. The the walking trails was the highlight. Very clean and organized. The entry fee is totally worth it. A must-visit for Couple and nature lovers. Stunning Authentic Beautiful Unique,34,Positive,399,120,Yes,Pending,22-06-2023,10-03-2026
RV000351,MP019,David Thang,Family Tourist,51-65,Male,India,21-12-2024,December,Winter,Taxi,Solo,Research,2.8,3.2,2.3,2.5,2.7,1.1,63,the the is around The,"It's an okay spot. The the views is fine but the facilities are basic. The the parking area was overpriced. However, the local culture around is interesting. Vibrant Unique Stunning",30,Neutral,260,16,No,Pending,25-05-2025,05-06-2026
RV000352,MP011,Tongbram Singh,Foreign Tourist,36-50,Female,India,11-10-2025,October,Autumn,Bike,Family,Nature Exploration,2.4,1,4.6,4.3,2.7,3.6,55,unhygienic. high was area time,Not recommended for Family. The the parking area was unsafe and unhygienic. The entry fees are too high for what you get. I regret wasting my time here. Well-maintained Beautiful Organized Interesting,32,Negative,198,167,No,Published,18-12-2024,07-04-2026
RV000353,MP011,John Doe,Adventure Tourist,36-50,Female,United Kingdom,19-02-2024,February,Winter,Walking,Corporate Group,Photography,4.3,2.2,4.6,1.4,3.7,1.5,76,must-visit for The fee Well-maintained,Excellent experience at MP011. The the nearby eateries was the highlight. Very clean and organized. The entry fee is totally worth it. A must-visit for Corporate Group and nature lovers. Unique Authentic Interesting Well-maintained,34,Positive,245,131,No,Hidden,11-08-2025,07-12-2025
RV000354,MP026,Govind Singh,Foreign Tourist,26-35,Other,United States,25-11-2024,November,Autumn,Car,Friends,Adventure,2,2.1,4.3,1.2,1.6,1.2,49,the and Stunning dirty. Not,Terrible experience at MP026. The the scenic beauty was poorly maintained and dirty. The the nearby eateries was completely overrated. The crowd and litter ruined the vibe. Not worth the effort to travel here. Stunning Interesting Organized Unique,38,Negative,110,179,No,Pending,15-10-2023,09-05-2025
RV000355,MP063,Tongbram Singh,Domestic Tourist,51-65,Male,India,20-11-2024,November,Autumn,Taxi,Corporate Group,Relaxation,3.8,1.6,1.1,3.9,1.4,5,67,The fine around an is,"It's an okay spot. The the local culture is fine but the facilities are basic. The the restrooms was overpriced. However, the local culture around is interesting. Beautiful Well-maintained Vibrant Interesting Organized",32,Neutral,104,17,No,Hidden,12-12-2024,11-06-2026
RV000356,MP068,Ravi Shankar,Family Tourist,26-35,Male,Australia,11-09-2025,September,Monsoon,Walking,Educational Tour,Sightseeing,3.1,2.8,3.2,2.5,3.4,2.1,60,area nice. extra but has,Decent place for Educational Tour. MP068 has its charm but the the restrooms was underwhelming. The surrounding area is nice. I would recommend if you have extra time. Organized Authentic Beautiful Unique Well-maintained Interesting,34,Neutral,66,24,No,Pending,06-05-2025,19-06-2025
RV000357,MP034,Hidetoshi Tanaka,Travel Blogger,Above 65,Female,India,22-02-2025,February,Winter,Taxi,Solo,Festival,1.3,4.9,4.9,3.6,1.7,4.8,31,Manipur. or Beautiful I have,Worst tourist spot I have visited in Manipur. The the scenic beauty is neglected. The road to MP034 is terrible. There is no proper signage or safety measures. Stay away! Well-maintained Organized Beautiful Stunning Interesting Unique,36,Negative,144,169,No,Pending,22-11-2025,15-07-2026
RV000358,MP009,Anjan Dutta,Adventure Tourist,36-50,Other,India,07-09-2024,September,Monsoon,Walking,Educational Tour,Nature Exploration,3.8,2.4,1.3,3.2,3.6,2.5,75,The Stunning Vibrant is the,"It's an okay spot. The the views is fine but the facilities are basic. The the ticketing counter was overpriced. However, the local culture around is interesting. Organized Vibrant Interesting Well-maintained Stunning Authentic",33,Neutral,386,67,No,Pending,10-06-2025,16-06-2026
RV000359,MP045,Ravi Shankar,Family Tourist,Under 18,Female,India,18-07-2024,July,Monsoon,Bike,Educational Tour,Nature Exploration,1.9,3.8,2,1.4,1.1,2.2,29,Vibrant disappointing rain. management. which,Very disappointing visit to MP045. The the views is in shambles. Zero management. We encountered broken pathways which spoiled our day. Avoid going on weekends or during heavy rain. Vibrant Interesting Beautiful Well-maintained Stunning,34,Negative,330,83,No,Hidden,06-02-2025,18-06-2025
RV000360,MP044,Rahul Verma,Foreign Tourist,26-35,Other,India,19-12-2023,December,Winter,Walking,Couple,Relaxation,2.3,4.4,2.5,2.7,3.6,3.4,54,signage Stay the neglected. Manipur.,Worst tourist spot I have visited in Manipur. The the heritage is neglected. The road to MP044 is terrible. There is no proper signage or safety measures. Stay away! Organized Unique Interesting Stunning,33,Negative,160,173,No,Hidden,08-03-2023,11-05-2026
RV000361,MP059,Sita Devi,Domestic Tourist,51-65,Female,India,21-02-2024,February,Winter,Walking,Couple,Festival,3.9,1.8,4.5,4.1,1.6,1.1,85,Authentic spot. fine okay interesting.,"It's an okay spot. The the local culture is fine but the facilities are basic. The the restrooms was overpriced. However, the local culture around is interesting. Unique Interesting Organized Authentic Beautiful",32,Neutral,173,154,Yes,Pending,24-12-2023,11-03-2026
RV000362,MP015,Emily Stone,Researcher,51-65,Female,India,13-11-2025,November,Autumn,Bike,Educational Tour,Wildlife,4.5,3.9,2.2,2.8,3.8,4.7,85,trip maintained. a go India.,A wonderful trip to MP015. The the scenic beauty and the surrounding greenery were incredible. The facilities were well maintained. It's a hidden gem of Northeast India. Just go for it! Vibrant Organized Stunning,34,Positive,189,127,Yes,Published,07-02-2025,22-11-2025
RV000363,MP005,Vikram Singh,Travel Blogger,18-25,Male,India,24-03-2024,March,Spring,Bus,Couple,Relaxation,5,4.6,2.4,4.8,3.8,1.6,93,Ima hidden well gem maintained.,A wonderful trip to Ima Keithel. The the organic produce and the surrounding water bodies were incredible. The facilities were well maintained. It's a hidden gem of Northeast India. Just go for it! Stunning Unique Organized,36,Positive,441,24,No,Hidden,13-11-2025,04-12-2026
RV000364,MP002,Priya Mehra,Researcher,18-25,Other,India,07-06-2023,June,Summer,Bike,Solo,Nature Exploration,5,5,3.2,1.3,4.2,4.5,91,had relaxing. an and Perfect,I had an amazing experience at Keibul Lamjao in June. The the birdlife is world-class. The atmosphere was so peaceful and relaxing. Perfect for Solo. Will definitely come back again. Unique Interesting Well-maintained,33,Positive,34,4,No,Hidden,18-04-2025,01-01-2026
RV000365,MP027,Mangesh Patil,Travel Blogger,26-35,Male,India,16-06-2024,June,Summer,Walking,Family,Pilgrimage,4.4,3.1,4,2.1,3.2,3,98,The Unique world-class. in amazing,I had an amazing experience at MP027 in June. The the scenic beauty is world-class. The atmosphere was so peaceful and relaxing. Perfect for Family. Will definitely come back again. Interesting Unique Stunning,33,Positive,308,16,No,Published,10-07-2023,09-07-2025
RV000366,MP033,Moirangthem,Travel Blogger,Under 18,Other,India,12-11-2024,November,Autumn,Walking,Family,Photography,4.5,3.6,2,4,4.1,2.7,93,Stunning trails nature Very the,Excellent experience at MP033. The the walking trails was the highlight. Very clean and organized. The entry fee is totally worth it. A must-visit for Family and nature lovers. Stunning Unique Vibrant,32,Positive,21,0,No,Published,03-03-2023,25-12-2026
RV000367,MP039,Prakash Choudhary,Solo Traveller,Above 65,Other,India,25-02-2025,February,Winter,Car,Corporate Group,Research,3.7,3.5,4,3.7,2.7,3.8,69,experience Not be a the,Average experience at MP039. The the heritage is decent but nothing extraordinary. It is good for a one-time visit. The the parking area could be better maintained. Not too crowded when we went. Well-maintained Vibrant Organized Authentic Stunning Unique,39,Neutral,309,143,No,Pending,11-01-2025,04-12-2026
RV000368,MP021,Mary Kom,Student,Above 65,Male,Germany,25-08-2024,August,Monsoon,Walking,Family,Photography,4.1,3.3,3.5,1.9,4.9,2,92,experience atmosphere the so beauty,I had an amazing experience at MP021 in August. The the scenic beauty is world-class. The atmosphere was so peaceful and relaxing. Perfect for Family. Will definitely come back again. Organized Stunning Authentic Beautiful Well-maintained Interesting,36,Positive,155,141,No,Published,18-12-2024,08-05-2025
RV000369,MP013,Moirangthem,Local Resident,51-65,Male,Japan,13-11-2025,November,Autumn,Flight,Solo,Education,5,3,3,4.2,3.8,3.6,94,recommend Highly and hours ticketing,Visited MP013 last Autumn. The the views was absolutely breathtaking. The the ticketing counter exceeded my expectations. We spent about 2 hours exploring. The locals were very friendly and helpful. Highly recommend this place to everyone. Well-maintained Organized Vibrant Stunning,40,Positive,308,95,Yes,Published,15-10-2024,22-05-2026
RV000370,MP017,Sanjay Leela,Photographer,18-25,Female,India,12-08-2025,August,Monsoon,Walking,Friends,Wildlife,4.3,4.3,4.7,1,1.1,3.3,78,beauty Unique to last Visited,Visited MP017 last Monsoon. The the scenic beauty was absolutely breathtaking. The the ticketing counter exceeded my expectations. We spent about 5 hours exploring. The locals were very friendly and helpful. Highly recommend this place to everyone. Organized Authentic Unique Vibrant Well-maintained Beautiful,43,Positive,481,129,No,Published,20-05-2023,15-08-2026
RV000371,MP006,John Doe,Domestic Tourist,36-50,Male,India,18-05-2024,May,Summer,Car,Couple,Adventure,4.4,3.8,4.5,4.5,2.1,3.2,80,Vibrant Authentic were hills Beautiful,A wonderful trip to MP006. The the scenic beauty and the surrounding hills were incredible. The facilities were well maintained. It's a hidden gem of Northeast India. Just go for it! Interesting Unique Well-maintained Beautiful Vibrant Authentic,37,Positive,315,18,Yes,Published,11-11-2025,03-08-2025
RV000372,MP019,John Doe,Photographer,51-65,Female,India,03-02-2024,February,Winter,Walking,Family,Festival,3.3,4.4,2.7,5,3,4.8,71,the basic. is local overpriced.,"It's an okay spot. The the local culture is fine but the facilities are basic. The the parking area was overpriced. However, the local culture around is interesting. Beautiful Authentic Well-maintained Vibrant",32,Neutral,122,28,No,Published,08-09-2023,20-04-2025
RV000373,MP009,John Doe,Researcher,36-50,Male,India,12-06-2024,June,Summer,Walking,Educational Tour,Nature Exploration,4,4.4,3.9,1.8,1.3,3.5,80,the local The bodies Beautiful,A wonderful trip to MP009. The the local culture and the surrounding water bodies were incredible. The facilities were well maintained. It's a hidden gem of Northeast India. Just go for it! Authentic Interesting Beautiful Unique,36,Positive,169,175,No,Hidden,12-12-2024,20-03-2025
RV000374,MP038,Bimol Sharma,Travel Blogger,26-35,Female,India,14-03-2023,March,Spring,Flight,Family,Education,2,2,2.1,1.6,3.1,3.1,41,MP038. Beautiful during heavy weekends,Very disappointing visit to MP038. The the local culture is in shambles. Zero management. We encountered heavy garbage which spoiled our day. Avoid going on weekends or during heavy rain. Organized Interesting Well-maintained Unique Beautiful Authentic,36,Negative,425,38,No,Hidden,12-03-2024,22-04-2025
RV000375,MP065,Priya Mehra,Travel Blogger,Under 18,Male,India,19-09-2023,September,Monsoon,Car,Couple,Research,3,2.6,2.9,1.5,3.3,4.6,69,at too maintained. local could,Average experience at MP065. The the local culture is decent but nothing extraordinary. It is good for a one-time visit. The the restrooms could be better maintained. Not too crowded when we went. Vibrant Well-maintained Authentic Interesting Organized Stunning,39,Neutral,169,7,No,Pending,12-10-2023,19-07-2025
RV000376,MP018,Ravi Shankar,Foreign Tourist,26-35,Male,France,23-01-2025,January,Winter,Taxi,Couple,Education,2.6,3.6,4.7,4.1,4.2,1.5,52,overpriced. the views culture Well-maintained,"It's an okay spot. The the views is fine but the facilities are basic. The the restrooms was overpriced. However, the local culture around is interesting. Well-maintained Unique Beautiful Organized",30,Neutral,321,104,Yes,Published,03-05-2024,23-12-2026
RV000377,MP006,Sonam Wangdi,Solo Traveller,51-65,Male,India,10-09-2025,September,Monsoon,Train,Couple,Pilgrimage,2.1,3.2,2,3.5,3.4,4.6,38,Organized no the away! tourist,Worst tourist spot I have visited in Manipur. The the scenic beauty is neglected. The road to MP006 is terrible. There is no proper signage or safety measures. Stay away! Vibrant Unique Organized Authentic,34,Negative,11,31,Yes,Published,23-12-2025,14-10-2026
RV000378,MP015,Lara Croft,Researcher,Above 65,Female,India,22-08-2024,August,Monsoon,Car,Educational Tour,Adventure,3.6,3.1,3.4,3.8,4.1,2.9,82,would the have place if,Decent place for Educational Tour. MP015 has its charm but the the restrooms was underwhelming. The surrounding area is nice. I would recommend if you have extra time. Stunning Vibrant Organized,31,Neutral,180,95,Yes,Published,03-07-2023,09-04-2025
RV000379,MP062,Riya Das,Researcher,Under 18,Male,United States,02-09-2023,September,Monsoon,Train,Friends,Nature Exploration,3.6,3.3,4.6,4.8,2.2,2.8,78,view be maintenance. though. Stunning,I visited MP062 during Monsoon and it was okay. The the views has potential but lacks maintenance. The view is nice though. Might be better in the dry season. Stunning Authentic Vibrant,32,Neutral,483,142,No,Hidden,10-11-2025,05-03-2025
RV000380,MP060,Neha Agarwal,Adventure Tourist,51-65,Female,India,11-07-2025,July,Monsoon,Train,Friends,Sightseeing,3.1,3,1.3,1.8,1.9,5,56,experience Authentic the but decent,Average experience at MP060. The the scenic beauty is decent but nothing extraordinary. It is good for a one-time visit. The the nearby eateries could be better maintained. Not too crowded when we went. Authentic Unique Organized Interesting Stunning Vibrant,40,Neutral,235,21,Yes,Published,12-07-2024,13-11-2026
RV000381,MP042,Anjan Dutta,Foreign Tourist,51-65,Other,India,13-09-2025,September,Monsoon,Train,Friends,Research,2,3.3,2,2.1,3.7,3.4,38,The Stay visited Vibrant to,Worst tourist spot I have visited in Manipur. The the scenic beauty is neglected. The road to MP042 is terrible. There is no proper signage or safety measures. Stay away! Unique Authentic Beautiful Interesting Organized Vibrant,36,Negative,218,27,Yes,Published,02-04-2025,08-12-2025
RV000382,MP012,Hidetoshi Tanaka,Photographer,36-50,Female,India,14-03-2025,March,Spring,Walking,Friends,Pilgrimage,4,1.7,1.3,2.2,2.1,1.9,76,Organized Authentic India. for well,A wonderful trip to MP012. The the views and the surrounding urban skyline were incredible. The facilities were well maintained. It's a hidden gem of Northeast India. Just go for it! Organized Interesting Authentic Well-maintained Vibrant Stunning,37,Positive,343,81,No,Pending,23-06-2024,12-02-2026
RV000383,MP022,Moirangthem,Domestic Tourist,51-65,Female,India,17-02-2025,February,Winter,Car,Family,Pilgrimage,3.2,3,1.2,2.8,2.5,2.5,60,at The Unique is we,Average experience at MP022. The the local culture is decent but nothing extraordinary. It is good for a one-time visit. The the walking trails could be better maintained. Not too crowded when we went. Interesting Stunning Unique,37,Neutral,360,5,No,Published,18-02-2023,05-05-2025
RV000384,MP017,Mangesh Patil,Solo Traveller,18-25,Female,India,09-01-2023,January,Winter,Train,Friends,Education,1.6,4.7,1.7,2.5,3.4,1.8,24,to Well-maintained Manipur. the The,Worst tourist spot I have visited in Manipur. The the local culture is neglected. The road to MP017 is terrible. There is no proper signage or safety measures. Stay away! Vibrant Stunning Organized Well-maintained,34,Negative,423,0,No,Published,09-01-2023,09-11-2026
RV000385,MP024,Emily Stone,Travel Blogger,26-35,Other,India,12-04-2024,April,Spring,Walking,Educational Tour,Nature Exploration,4,4.7,4.9,4.9,2.9,1.9,71,3 Beautiful expectations. The The,Visited MP024 last Spring. The the heritage was absolutely breathtaking. The the walking trails exceeded my expectations. We spent about 3 hours exploring. The locals were very friendly and helpful. Highly recommend this place to everyone. Organized Authentic Beautiful Stunning,40,Positive,42,151,Yes,Published,20-08-2025,03-01-2026
RV000386,MP013,David Thang,Solo Traveller,51-65,Other,India,11-01-2024,January,Winter,Train,Educational Tour,Pilgrimage,4,3,1.2,1.4,1.2,2.3,87,very breathtaking. this Stunning last,Visited MP013 last Winter. The the views was absolutely breathtaking. The the parking area exceeded my expectations. We spent about 3 hours exploring. The locals were very friendly and helpful. Highly recommend this place to everyone. Stunning Beautiful Interesting,39,Positive,337,139,Yes,Hidden,12-04-2023,16-07-2026
RV000387,MP067,Jennifer Laiton,Adventure Tourist,18-25,Female,India,13-07-2024,July,Monsoon,Bike,Couple,Nature Exploration,1.5,3.8,2.5,1.5,1.7,2.2,29,MP067. crowd worth Vibrant travel,Terrible experience at MP067. The the heritage was poorly maintained and dirty. The the ticketing counter was completely overrated. The crowd and litter ruined the vibe. Not worth the effort to travel here. Vibrant Organized Unique Stunning Authentic,38,Negative,71,177,Yes,Hidden,25-05-2025,08-09-2025
RV000388,MP042,Rajesh Kumar,Photographer,18-25,Female,Australia,13-12-2025,December,Winter,Taxi,Family,Education,4,4.5,3,2.8,4.2,3.5,83,hidden It's India. to the,A wonderful trip to MP042. The the heritage and the surrounding greenery were incredible. The facilities were well maintained. It's a hidden gem of Northeast India. Just go for it! Unique Interesting Stunning Organized Well-maintained Authentic,36,Positive,58,109,Yes,Pending,19-01-2024,22-09-2025
RV000389,MP021,Mangesh Patil,Domestic Tourist,26-35,Other,Germany,19-05-2023,May,Summer,Car,Couple,Adventure,1.7,2.2,2.5,4.8,2.6,1.5,29,counter entry and ticketing regret,Not recommended for Couple. The the ticketing counter was unsafe and unhygienic. The entry fees are too high for what you get. I regret wasting my time here. Authentic Well-maintained Stunning,31,Negative,376,189,No,Pending,10-02-2025,10-11-2025
RV000390,MP034,Vikram Singh,Family Tourist,36-50,Female,India,09-08-2023,August,Monsoon,Taxi,Educational Tour,Adventure,3.8,1.1,2.9,2.1,4.5,3.7,67,be Might dry view okay.,I visited MP034 during Monsoon and it was okay. The the local culture has potential but lacks maintenance. The view is nice though. Might be better in the dry season. Beautiful Vibrant Authentic,33,Neutral,256,99,No,Pending,21-04-2023,25-08-2025
RV000391,MP045,Rahul Verma,Photographer,36-50,Female,India,12-08-2024,August,Monsoon,Flight,Friends,Research,1.1,1.8,3.8,3,3.2,4.4,24,spoiled broken Organized Zero Vibrant,Very disappointing visit to MP045. The the scenic beauty is in shambles. Zero management. We encountered broken pathways which spoiled our day. Avoid going on weekends or during heavy rain. Organized Vibrant Authentic Well-maintained Stunning Beautiful,36,Negative,130,147,Yes,Pending,08-11-2024,15-06-2026
RV000392,MP055,Hidetoshi Tanaka,Researcher,Above 65,Other,India,03-09-2025,September,Monsoon,Car,Corporate Group,Sightseeing,1.6,2.6,3.9,3.8,2.1,4.3,34,dirty. the Beautiful the Not,Terrible experience at MP055. The the heritage was poorly maintained and dirty. The the parking area was completely overrated. The crowd and litter ruined the vibe. Not worth the effort to travel here. Unique Beautiful Vibrant Organized Authentic,38,Negative,158,75,Yes,Published,16-08-2023,01-02-2026
RV000393,MP001,Arun Kumar,Student,36-50,Male,India,25-12-2023,December,Winter,Walking,Family,Wildlife,3.6,3.7,3.5,4.1,2.4,4.1,79,has dry is though. be,I visited Loktak Lake during Winter and it was okay. The the floating phumdis has potential but lacks maintenance. The view is nice though. Might be better in the dry season. Organized Beautiful Unique,34,Neutral,317,25,No,Hidden,17-02-2024,09-09-2026
RV000394,MP030,Neha Agarwal,Student,Under 18,Male,India,23-08-2025,August,Monsoon,Bus,Family,Research,2.9,1.2,4.2,1.6,1.2,4,48,MP030. but heritage maintained. extraordinary.,Average experience at MP030. The the heritage is decent but nothing extraordinary. It is good for a one-time visit. The the nearby eateries could be better maintained. Not too crowded when we went. Authentic Stunning Interesting Unique,37,Neutral,488,91,No,Hidden,15-03-2025,06-01-2026
RV000395,MP010,Tongbram Singh,Photographer,36-50,Other,India,03-03-2024,March,Spring,Walking,Educational Tour,Relaxation,1.7,4.6,1.9,2,4.2,1.7,30,terrible. tourist signage The measures.,Worst tourist spot I have visited in Manipur. The the local culture is neglected. The road to MP010 is terrible. There is no proper signage or safety measures. Stay away! Unique Vibrant Stunning Interesting Authentic,35,Negative,46,147,No,Hidden,10-08-2023,18-04-2025
RV000396,MP026,Deepika Ningthoujam,Photographer,Above 65,Female,India,19-12-2023,December,Winter,Car,Solo,Photography,1.7,2.1,3.3,2.8,4.4,4.7,41,worth dirty. crowd here. MP026.,Terrible experience at MP026. The the heritage was poorly maintained and dirty. The the walking trails was completely overrated. The crowd and litter ruined the vibe. Not worth the effort to travel here. Authentic Well-maintained Organized,36,Negative,12,177,Yes,Hidden,02-11-2023,11-12-2025
RV000397,MP014,Rahul Verma,Solo Traveller,Above 65,Other,India,20-11-2024,November,Autumn,Flight,Educational Tour,Nature Exploration,5,3.9,1.8,2.3,1,3.9,100,organized. Excellent highlight. Unique Educational,Excellent experience at MP014. The the restrooms was the highlight. Very clean and organized. The entry fee is totally worth it. A must-visit for Educational Tour and nature lovers. Authentic Well-maintained Unique Beautiful Interesting Stunning,35,Positive,150,43,No,Hidden,20-05-2024,03-07-2025
RV000398,MP056,Sita Devi,Photographer,51-65,Other,United States,19-02-2023,February,Winter,Flight,Educational Tour,Education,4.3,1.1,3.5,2.4,4.1,2.5,92,come Well-maintained Vibrant again. The,I had an amazing experience at MP056 in February. The the local culture is world-class. The atmosphere was so peaceful and relaxing. Perfect for Educational Tour. Will definitely come back again. Organized Authentic Well-maintained Beautiful Vibrant,36,Positive,217,141,No,Pending,21-02-2024,20-12-2025
RV000399,MP002,Sunita Devi,Student,Above 65,Female,India,13-09-2024,September,Monsoon,Walking,Solo,Sightseeing,3.2,2.9,3.2,3,1.6,1.8,57,maintenance. Sangai better it The,I visited Keibul Lamjao during Monsoon and it was okay. The the Sangai deer has potential but lacks maintenance. The view is nice though. Might be better in the dry season. Stunning Authentic Well-maintained Unique Vibrant,36,Neutral,435,36,Yes,Pending,23-06-2023,11-06-2026
RV000400,MP062,Sita Devi,Local Resident,51-65,Male,India,01-10-2023,October,Autumn,Taxi,Couple,Adventure,3.1,3.1,3,2.3,1.5,4.4,71,counter extra Beautiful would but,Decent place for Couple. MP062 has its charm but the the ticketing counter was underwhelming. The surrounding area is nice. I would recommend if you have extra time. Vibrant Beautiful Organized,31,Neutral,22,100,No,Published,11-10-2023,21-07-2025
RV000401,MP005,Arun Kumar,Domestic Tourist,51-65,Male,India,16-09-2023,September,Monsoon,Train,Family,Relaxation,4.4,2.6,2.6,2.9,1.6,1.3,92,Ima come Well-maintained amazing peaceful,I had an amazing experience at Ima Keithel in September. The the handloom textiles is world-class. The atmosphere was so peaceful and relaxing. Perfect for Family. Will definitely come back again. Authentic Interesting Well-maintained Unique Stunning Organized,37,Positive,78,78,No,Published,06-12-2023,17-12-2026
RV000402,MP005,Govind Singh,Domestic Tourist,18-25,Female,India,03-02-2025,February,Winter,Walking,Family,Pilgrimage,3.9,3.4,3.6,4.5,1.9,2.7,79,is Vibrant okay basic. organic,"It's an okay spot. The the organic produce is fine but the facilities are basic. The the walking trails was overpriced. However, the local culture around is interesting. Vibrant Beautiful Unique Stunning",32,Neutral,495,4,Yes,Hidden,12-11-2024,05-04-2025
RV000403,MP014,Sonam Wangdi,Adventure Tourist,26-35,Other,Japan,22-10-2023,October,Autumn,Train,Family,Pilgrimage,3.1,1.5,4.3,3.1,4.3,2,61,beauty dry lacks and Vibrant,I visited MP014 during Autumn and it was okay. The the scenic beauty has potential but lacks maintenance. The view is nice though. Might be better in the dry season. Vibrant Beautiful Well-maintained,33,Neutral,152,189,Yes,Pending,11-05-2025,05-11-2025
RV000404,MP021,Arun Kumar,Family Tourist,Under 18,Other,India,15-09-2025,September,Monsoon,Car,Family,Festival,4.5,3.6,1.6,1.5,3,2.8,98,The hidden well heritage Just,A wonderful trip to MP021. The the heritage and the surrounding greenery were incredible. The facilities were well maintained. It's a hidden gem of Northeast India. Just go for it! Vibrant Interesting Well-maintained,33,Positive,357,124,No,Hidden,23-12-2023,15-10-2026
RV000405,MP038,Prakash Choudhary,Researcher,Above 65,Other,France,01-04-2025,April,Spring,Car,Solo,Education,1.7,3.6,1.3,1.6,4,1.5,34,which Well-maintained Organized Zero to,Very disappointing visit to MP038. The the scenic beauty is in shambles. Zero management. We encountered scam guides which spoiled our day. Avoid going on weekends or during heavy rain. Organized Unique Vibrant Beautiful Well-maintained Interesting,36,Negative,129,108,No,Published,22-06-2023,07-10-2026
RV000406,MP004,Vikram Singh,Travel Blogger,51-65,Female,India,21-05-2023,May,Summer,Bus,Corporate Group,Festival,4,2.7,4.1,5,2.4,4.7,70,The helpful. The expectations. exceeded,Visited Govindajee Temple last Summer. The the twin golden domes was absolutely breathtaking. The the ticketing counter exceeded my expectations. We spent about 3 hours exploring. The locals were very friendly and helpful. Highly recommend this place to everyone. Unique Stunning Organized,42,Positive,56,13,Yes,Published,11-10-2025,06-09-2025
RV000407,MP006,,,,Male,India,24-07-2024,July,Monsoon,Bike,Friends,Wildlife,5,3.2,1.2,4.2,2.1,4,100,for Beautiful the was eateries,Excellent experience at MP006. The the nearby eateries was the highlight. Very clean and organized. The entry fee is totally worth it. A must-visit for Friends and nature lovers. Beautiful Interesting Well-maintained Organized Vibrant Unique,35,Positive,148,136,Yes,Hidden,22-08-2023,12-09-2025
RV000408,MP001,Ravi Shankar,Photographer,36-50,Female,United Kingdom,06-04-2023,April,Spring,Walking,Educational Tour,Adventure,2.6,1.5,3.2,4.4,2.3,4.3,44,the fine Authentic around okay,"It's an okay spot. The the boating experience is fine but the facilities are basic. The the ticketing counter was overpriced. However, the local culture around is interesting. Authentic Vibrant Stunning Well-maintained Organized",33,Neutral,242,151,No,Hidden,21-01-2023,24-03-2025
RV000409,MP002,Vikram Singh,Adventure Tourist,18-25,Other,India,08-07-2023,July,Monsoon,Car,Educational Tour,Research,2.6,3.9,4,3.5,3.8,4.9,44,The was but The the,"It's an okay spot. The the birdlife is fine but the facilities are basic. The the parking area was overpriced. However, the local culture around is interesting. Authentic Unique Well-maintained Stunning Interesting",32,Neutral,189,123,Yes,Published,04-12-2025,04-02-2025
RV000410,MP001,Deepika Ningthoujam,Adventure Tourist,Above 65,male,India,06-01-2024,January,Winter,Walking,Solo,Festival,4.7,1.9,3.5,4.6,2,3.2,100,January. I relaxing. definitely for,I had an amazing experience at Loktak Lake in January. The the boating experience is world-class. The atmosphere was so peaceful and relaxing. Perfect for Solo. Will definitely come back again. Authentic Vibrant Unique Well-maintained Beautiful Stunning,37,Positive,57,53,No,Pending,21-01-2023,01-11-2026
RV000411,MP005,Bimol Sharma,Foreign Tourist,Under 18,Other,India,17-11-2025,November,Autumn,Flight,Friends,Pilgrimage,5,3,2.6,1.7,2.7,2.3,100,atmosphere amazing Perfect world-class. organic,I had an amazing experience at Ima Keithel in November. The the organic produce is world-class. The atmosphere was so peaceful and relaxing. Perfect for Friends. Will definitely come back again. Well-maintained Authentic Organized Interesting,35,Positive,29,36,Yes,Published,25-12-2025,18-08-2025
RV000412,MP041,Sunita Devi,Student,51-65,Other,India,01-08-2025,August,Monsoon,Car,Corporate Group,Nature Exploration,1.9,1.1,3.2,2.9,1.5,3.9,36,safety Unique The is proper,Worst tourist spot I have visited in Manipur. The the scenic beauty is neglected. The road to MP041 is terrible. There is no proper signage or safety measures. Stay away! Beautiful Stunning Unique,33,Negative,383,115,No,Pending,15-08-2024,09-02-2026
RV000413,MP018,Hidetoshi Tanaka,Adventure Tourist,26-35,Female,India,07-11-2025,November,Autumn,Walking,Couple,Wildlife,2.5,2.9,3,4.2,2.8,2.8,50,but nearby went. Not views,Average experience at MP018. The the views is decent but nothing extraordinary. It is good for a one-time visit. The the nearby eateries could be better maintained. Not too crowded when we went. Interesting Organized Well-maintained,36,Negative,497,73,Yes,Published,04-11-2025,04-01-2025
RV000414,MP057,Rahul Verma,Foreign Tourist,18-25,Male,Germany,20-05-2023,May,Summer,Train,Solo,Education,4.2,1.5,4.9,4.7,3.3,2.2,75,in an Unique atmosphere and,I had an amazing experience at MP057 in May. The the local culture is world-class. The atmosphere was so peaceful and relaxing. Perfect for Solo. Will definitely come back again. Beautiful Well-maintained Unique,33,Positive,295,158,No,Published,13-06-2023,02-10-2025
RV000415,MP012,John Doe,Foreign Tourist,18-25,Other,India,11-05-2025,May,Summer,Train,Friends,Nature Exploration,1.5,2.4,4.5,1,3.4,1.5,31,the eateries wasting here. are,Not recommended for Friends. The the nearby eateries was unsafe and unhygienic. The entry fees are too high for what you get. I regret wasting my time here. Well-maintained Beautiful Unique Organized,32,negativ,32,77,Yes,Published,15-08-2024,21-05-2025
RV000416,MP017,Priya Mehra,Researcher,36-50,Other,India,19-12-2024,December,Winter,Bike,Couple,Relaxation,2.4,4.6,1,1.6,3.5,4.5,44,MP017 safety signage away! or,Worst tourist spot I have visited in Manipur. The the scenic beauty is neglected. The road to MP017 is terrible. There is no proper signage or safety measures. Stay away! Authentic Vibrant Organized,33,Negative,78,63,No,Pending,13-10-2023,11-11-2026
RV000417,MP020,Deepika Ningthoujam,Student,Above 65,Other,India,03-11-2023,November,Autumn,Flight,Friends,Nature Exploration,3.3,4.6,3,4.2,3.2,2.8,61,is the restrooms overpriced. the,"It's an okay spot. The the scenic beauty is fine but the facilities are basic. The the restrooms was overpriced. However, the local culture around is interesting. Vibrant Interesting Unique Beautiful Authentic",32,Neutral,411,52,No,Published,02-12-2025,19-08-2026
RV000418,MP015,Kiran Bhatt,Foreign Tourist,Above 65,Other,India,14-04-2025,April,Spring,Walking,Solo,Nature Exploration,2,1.4,3.2,3.2,3.4,4.7,39,our Beautiful rain. disappointing Organized,Very disappointing visit to MP015. The the heritage is in shambles. Zero management. We encountered rude staff which spoiled our day. Avoid going on weekends or during heavy rain. Authentic Well-maintained Organized Beautiful Unique Vibrant,35,Negative,5,41,Yes,Hidden,01-07-2024,20-11-2025
RV000419,MP053,Lara Croft,Local Resident,36-50,Female,India,01-11-2023,November,Autumn,Car,Educational Tour,Relaxation,1.8,2.1,4.8,4.8,1.8,1.5,30,rain. MP053. Interesting on during,Very disappointing visit to MP053. The the views is in shambles. Zero management. We encountered scam guides which spoiled our day. Avoid going on weekends or during heavy rain. Interesting Stunning Vibrant Beautiful Authentic Unique,35,Negative,101,193,Yes,Hidden,16-12-2024,01-10-2026
RV000420,MP055, Rahul Verma,Travel Blogger ,Under 18,Male,India,17-02-2023,February,Winter,Car,Educational Tour,Photography,1.5,3.6,1.4,4.5,4.3,1,21,and Beautiful regret Authentic the,Not recommended for Educational Tour. The the parking area was unsafe and unhygienic. The entry fees are too high for what you get. I regret wasting my time here. Beautiful Interesting Authentic,32,Negative,149,190,No,Pending,23-05-2023,21-05-2025
RV000421,MP042,Hidetoshi Tanaka,Adventure Tourist,18-25,Male,Germany,01-08-2025,August,Monsoon,Taxi,Family,Relaxation,3.6,4.3,3.8,1.4,4.1,3.5,69,beauty Authentic The season. scenic,I visited MP042 during Monsoon and it was okay. The the scenic beauty has potential but lacks maintenance. The view is nice though. Might be better in the dry season. Beautiful Well-maintained Authentic Interesting Organized,35,Neutral,155,81,No,Hidden,01-04-2023,04-09-2025
RV000422,MP043,Priya Mehra,Local Resident,18-25,Other,India,19-12-2024,December,Winter,Bus,Corporate Group,Sightseeing,4.9,4.8,4.2,1.3,2.1,2.5,89,Just India. surrounding and hidden,A wonderful trip to MP043. The the heritage and the surrounding hills were incredible. The facilities were well maintained. It's a hidden gem of Northeast India. Just go for it! Interesting Authentic Beautiful,33,Positive,271,194,No,Pending,08-04-2025,02-02-2026
RV000423,MP023,Moirangthem,Travel Blogger,Under 18,Male,India,15-04-2023,April,Spring,Train,Friends,Research,4.1,3,3.5,1.6,4,4.6,80,Vibrant scenic the exploring. to,Visited MP023 last Spring. The the scenic beauty was absolutely breathtaking. The the nearby eateries exceeded my expectations. We spent about 4 hours exploring. The locals were very friendly and helpful. Highly recommend this place to everyone. Vibrant Stunning Organized Well-maintained,41,Positive,128,144,Yes,Pending,02-03-2025,19-07-2025
RV000424,MP041,Kiran Bhatt,Local Resident,26-35,Other,India,16-05-2023,May,Summer,Flight,Corporate Group,Pilgrimage,3.9,3.9,2.8,1,2.6,3.5,87,"However, overpriced. interesting. but the","It's an okay spot. The the views is fine but the facilities are basic. The the ticketing counter was overpriced. However, the local culture around is interesting. Stunning Vibrant Authentic Beautiful Organized Interesting",33,Neutral,222,137,Yes,Published,18-01-2024,07-02-2026
RV000425,MP032,Jennifer Laiton,Student,51-65,Other,India,05-11-2023,November,Autumn,Taxi,Family,Education,6.1,2.1,2.4,3.8,3.4,3.1,82,Autumn. Organized the exploring. about,Visited MP032 last Autumn. The the scenic beauty was absolutely breathtaking. The the parking area exceeded my expectations. We spent about 2 hours exploring. The locals were very friendly and helpful. Highly recommend this place to everyone. Stunning Organized Well-maintained,40,Neutral,183,168,Yes,Pending,03-07-2023,20-05-2026
RV000426,MP037,Emily Stone,Domestic Tourist,36-50,Other,India,19-08-2025,August,Monsoon,Car,Solo,Photography,4.7,2.8,3.9,2.4,1.1,2.3,100,and surrounding of the local,A wonderful trip to MP037. The the local culture and the surrounding hills were incredible. The facilities were well maintained. It's a hidden gem of Northeast India. Just go for it! Unique Well-maintained Interesting,34,Positive,435,197,No,Hidden,01-12-2023,12-11-2026
RV000427,MP036,Rahul Verma,Researcher,Under 18,Other,India,22-08-2025,August,Monsoon,Bike,Corporate Group,Relaxation,3,2.7,1.4,3,4.8,3.2,69,I The potential dry during,I visited MP036 during Monsoon and it was okay. The the local culture has potential but lacks maintenance. The view is nice though. Might be better in the dry season. Authentic Unique Well-maintained Vibrant Organized,35,Neutral,364,200,No,Hidden,18-11-2023,06-07-2026
RV000428,MP064,John Doe,Travel Blogger,26-35,Male,India,04-08-2025,August,Monsoon,Walking,Couple,Photography,2,1.5,4.7,1.4,2.8,1.1,33,which rude visit during the,Very disappointing visit to MP064. The the heritage is in shambles. Zero management. We encountered rude staff which spoiled our day. Avoid going on weekends or during heavy rain. Beautiful Vibrant Well-maintained Unique Stunning,34,Negative,95,170,No,Published,15-11-2024,23-12-2025
RV000429,MP012,Mangesh Patil,Adventure Tourist,Under 18,Other,United Kingdom,20-01-2023,January,Winter,Bike,Couple,Pilgrimage,4.6,3.2,4.3,1.4,2.1,3.4,100,Unique trails Winter. very hours,Visited MP012 last Winter. The the scenic beauty was absolutely breathtaking. The the walking trails exceeded my expectations. We spent about 2 hours exploring. The locals were very friendly and helpful. Highly recommend this place to everyone. Unique Well-maintained Stunning Organized Authentic,42,Positive,145,43,Yes,Published,14-08-2024,24-12-2025
RV000430,MP067,Sita Devi,Domestic Tourist,18-25,Other,India,02-10-2024,October,Autumn,Train,Educational Tour,Pilgrimage,2.2,4.2,3.9,4.7,4.9,1.1,35,spoiled heavy going on in,Very disappointing visit to MP067. The the views is in shambles. Zero management. We encountered scam guides which spoiled our day. Avoid going on weekends or during heavy rain. Well-maintained Unique Beautiful Stunning,33,Negative,418,60,Yes,Pending,08-05-2024,02-03-2026
RV000431,MP013,Govind Singh,Solo Traveller,36-50,Other,India,19-06-2024,June,Summer,Train,Family,Education,4.1,3.7,4.6,4.2,4.1,3,72,I definitely is Unique the,I had an amazing experience at MP013 in June. The the heritage is world-class. The atmosphere was so peaceful and relaxing. Perfect for Family. Will definitely come back again. Well-maintained Beautiful Organized Unique Interesting,34,Positive,298,136,No,Published,17-01-2025,25-02-2025
RV000432,MP057,Hidetoshi Tanaka,Researcher,Above 65,Other,India,19-01-2024,January,Winter,Car,Family,Education,3.5,2.6,4.3,1.7,2.6,3.3,71,maintained. we nothing is decent,Average experience at MP057. The the views is decent but nothing extraordinary. It is good for a one-time visit. The the walking trails could be better maintained. Not too crowded when we went. Well-maintained Beautiful Vibrant Organized Interesting Stunning,39,Neutral,309,156,Yes,Published,10-11-2023,25-08-2026
RV000433,MP025,Lara Croft,Local Resident,36-50,Female,India,13-08-2023,August,Monsoon,Car,Couple,Pilgrimage,3.5,3.9,3.5,1.8,4.1,4.5,63,it maintenance. Stunning Organized visited,I visited MP025 during Monsoon and it was okay. The the views has potential but lacks maintenance. The view is nice though. Might be better in the dry season. Well-maintained Authentic Beautiful Stunning Organized Interesting,35,Neutral,228,136,No,Hidden,16-01-2024,24-01-2026
RV000434,MP021,Hidetoshi Tanaka,Travel Blogger,Above 65,Female,India,17-11-2023,November,Autumn,Flight,Family,Nature Exploration,2,3.5,2.9,3,1.7,1.1,50,disappointing rain. to which heavy,Very disappointing visit to MP021. The the heritage is in shambles. Zero management. We encountered rude staff which spoiled our day. Avoid going on weekends or during heavy rain. Authentic Unique Organized,32,Negative,99,25,Yes,Published,24-03-2024,12-11-2026
RV000435,MP052,Deepika Ningthoujam,Local Resident,18-25,Other,India,15-12-2025,December,Winter,Walking,Couple,Festival,3.6,4.3,3.3,3.4,3.2,3.7,79,Vibrant The when for Stunning,Average experience at MP052. The the views is decent but nothing extraordinary. It is good for a one-time visit. The the restrooms could be better maintained. Not too crowded when we went. Organized Beautiful Unique Vibrant Stunning,37,Neutral,256,3,Yes,Published,18-12-2025,15-05-2025
RV000436,MP031,Sita Devi,Foreign Tourist,Under 18,Other,India,16-01-2025,January,Winter,Train,Friends,Education,2.7,4.7,1.3,1.1,2,1.2,48,extraordinary. be It a we,Average experience at MP031. The the local culture is decent but nothing extraordinary. It is good for a one-time visit. The the parking area could be better maintained. Not too crowded when we went. Beautiful Authentic Interesting Well-maintained Vibrant Unique,40,Neutral,147,83,No,Pending,18-12-2023,06-08-2026
RV000437,MP009,Rajesh Kumar,Adventure Tourist,51-65,Female,India,17-05-2025,May,Summer,Walking,Friends,Adventure,1.6,4.8,3.7,1.4,1.1,3.1,30,going shambles. The Beautiful or,Very disappointing visit to MP009. The the scenic beauty is in shambles. Zero management. We encountered rude staff which spoiled our day. Avoid going on weekends or during heavy rain. Beautiful Organized Authentic Vibrant,34,Negative,313,99,No,Published,05-09-2024,08-02-2026
RV000438,MP024,Aisha Rahman,Photographer,Above 65,Female,India,13-02-2025,February,Winter,Bike,Corporate Group,Nature Exploration,3.8,2.6,4,3.5,1.9,3,66,The visited and be in,I visited MP024 during Winter and it was okay. The the views has potential but lacks maintenance. The view is nice though. Might be better in the dry season. Vibrant Beautiful Authentic Stunning Well-maintained Organized,35,Neutral,137,42,Yes,Published,22-09-2025,22-04-2026
RV000439,MP058,David Thang,Researcher,18-25,Female,Australia,04-03-2023,March,Spring,Train,Solo,Photography,2.8,2.6,3.3,3.4,3.2,3.8,66,Stunning Solo. the Organized Unique,Decent place for Solo. MP058 has its charm but the the nearby eateries was underwhelming. The surrounding area is nice. I would recommend if you have extra time. Organized Unique Well-maintained Stunning,32,Neutral,390,155,Yes,Hidden,23-10-2025,13-03-2025
RV000440,MP033,Prakash Choudhary,Adventure Tourist,26-35,Female,India,20-05-2025,May,Summer,Flight,Friends,Research,3,1.6,4.6,1.9,4.2,3.7,65,was I during okay. the,I visited MP033 during Summer and it was okay. The the local culture has potential but lacks maintenance. The view is nice though. Might be better in the dry season. Well-maintained Organized Authentic,33,Neutral,88,58,Yes,Pending,02-04-2025,13-05-2025
RV000441,MP027,Bimol Sharma,Solo Traveller,Under 18,Female,India,13-12-2025,December,Winter,Bike,Solo,Festival,2.8,1.9,3.7,1,3.7,4.8,51,was would have Vibrant Decent,Decent place for Solo. MP027 has its charm but the the restrooms was underwhelming. The surrounding area is nice. I would recommend if you have extra time. Organized Vibrant Well-maintained Beautiful Unique Stunning,33,Neutral,0,105,No,Pending,02-11-2023,12-09-2025
RV000442,MP029,Mary Kom,Family Tourist,36-50,Male,Singapore,23-12-2024,December,Winter,Bike,Educational Tour,Photography,3.5,2.8,4.7,4.1,4,4.7,65,Vibrant extra Decent Educational is,Decent place for Educational Tour. MP029 has its charm but the the restrooms was underwhelming. The surrounding area is nice. I would recommend if you have extra time. Well-maintained Interesting Organized Vibrant,32,Neutral,236,27,Yes,Published,13-08-2025,01-02-2025
RV000443,MP009,Sanjay Leela,Solo Traveller,26-35,Female,India,24-04-2025,April,Spring,Bus,Corporate Group,Relaxation,2.6,1.4,3.1,4.5,2.3,4.5,57,local overpriced. facilities The the,"It's an okay spot. The the local culture is fine but the facilities are basic. The the parking area was overpriced. However, the local culture around is interesting. Beautiful Unique Stunning Vibrant Authentic",33,Neutral,22,65,Yes,Pending,19-02-2023,13-09-2025
RV000444,MP025,Moirangthem,Student,Above 65,Male,India,07-03-2024,March,Spring,Walking,Educational Tour,Sightseeing,3.6,3.2,1.1,4.9,2.8,1.1,80,Authentic Unique The an the,"It's an okay spot. The the heritage is fine but the facilities are basic. The the parking area was overpriced. However, the local culture around is interesting. Beautiful Authentic Vibrant Interesting Unique Organized",33,Neutral,274,128,Yes,Pending,19-09-2023,06-01-2025
RV000445,MP003,Rahul Verma,Solo Traveller,36-50,Other,India,15-11-2024,November,Autumn,Walking,Corporate Group,Photography,2.8,1.9,4.2,1.1,1.6,4.6,46,gateways Interesting Organized overpriced. but,"It's an okay spot. The the royal gateways is fine but the facilities are basic. The the ticketing counter was overpriced. However, the local culture around is interesting. Beautiful Organized Interesting Well-maintained Stunning Unique",34,Neutral,496,157,No,Published,15-04-2025,21-02-2025
RV000446,MP029,Laishram Devi,Solo Traveller,51-65,Other,India,20-03-2023,March,Spring,Taxi,Solo,Nature Exploration,3.3,4,2,3.6,3,2.6,76,season. is maintenance. the Unique,I visited MP029 during Spring and it was okay. The the views has potential but lacks maintenance. The view is nice though. Might be better in the dry season. Stunning Organized Unique,32,Neutral,498,181,Yes,Published,25-06-2023,24-02-2026
RV000447,MP023,Sunita Devi,Travel Blogger,26-35,Other,India,08-01-2024,January,Winter,Car,Educational Tour,Sightseeing,2.3,2.4,3,1.8,1.5,2.9,40,Beautiful road have The the,Worst tourist spot I have visited in Manipur. The the heritage is neglected. The road to MP023 is terrible. There is no proper signage or safety measures. Stay away! Authentic Organized Well-maintained Beautiful Unique,34,Negative,190,162,Yes,Published,16-08-2025,13-05-2026
RV000448,MP011,Priya Mehra,Family Tourist,Under 18,Female,India,09-08-2024,August,Monsoon,Bike,Educational Tour,Festival,4.1,1.9,3.1,4.1,2.3,3.4,91,back world-class. is Educational the,I had an amazing experience at MP011 in August. The the scenic beauty is world-class. The atmosphere was so peaceful and relaxing. Perfect for Educational Tour. Will definitely come back again. Vibrant Authentic Stunning Unique Well-maintained Organized,37,Positive,229,87,Yes,Pending,13-02-2024,20-04-2025
RV000449,MP040,Bimol Sharma,Foreign Tourist,51-65,Female,India,04-03-2025,March,Spring,Bike,Solo,Sightseeing,3.5,2.1,4.8,2.2,1.9,4.2,77,Spring and Interesting Authentic okay.,I visited MP040 during Spring and it was okay. The the local culture has potential but lacks maintenance. The view is nice though. Might be better in the dry season. Authentic Vibrant Organized Interesting Beautiful Well-maintained,36,Neutral,464,199,No,Pending,09-09-2025,19-11-2026
RV000450,MP008,Bimol Sharma,Travel Blogger,51-65,Female,Malaysia,23-09-2025,September,Monsoon,Taxi,Family,Wildlife,4.2,2,2.3,3.4,1.9,3.5,91,I atmosphere world-class. Will come,I had an amazing experience at MP008 in September. The the views is world-class. The atmosphere was so peaceful and relaxing. Perfect for Family. Will definitely come back again. Stunning Unique Organized Beautiful,33,Positive,106,15,No,Published,12-01-2024,08-11-2025
RV000451,MP003,Jennifer Laiton,Foreign Tourist,Above 65,Male,India,18-04-2025,April,Spring,Bike,Family,Nature Exploration,2.1,3.8,3.2,4,3.4,3,40,the wasting fees Not The,Not recommended for Family. The the nearby eateries was unsafe and unhygienic. The entry fees are too high for what you get. I regret wasting my time here. Organized Interesting Vibrant,31,Negative,347,119,Yes,Hidden,03-01-2025,22-07-2025
RV000452,MP040,Aisha Rahman,Photographer,26-35,Male,India,18-01-2023,January,Winter,Train,Couple,Festival,4.5,3.1,3.5,1.3,3.7,2.1,92,eateries worth Stunning Interesting lovers.,Excellent experience at MP040. The the nearby eateries was the highlight. Very clean and organized. The entry fee is totally worth it. A must-visit for Couple and nature lovers. Well-maintained Interesting Stunning Authentic Vibrant Organized,35,Positive,380,56,No,Pending,11-08-2024,05-11-2025
RV000453,MP016,Govind Singh,Domestic Tourist,36-50,Other,India,17-07-2025,July,Monsoon,Train,Family,Pilgrimage,4.3,3.1,1.9,3.4,4,1.6,89,entry Authentic The and and,Excellent experience at MP016. The the walking trails was the highlight. Very clean and organized. The entry fee is totally worth it. A must-visit for Family and nature lovers. Beautiful Vibrant Unique Organized Authentic Stunning,35,Positive,26,23,No,Hidden,13-05-2025,18-12-2026
RV000454,MP022,Aisha Rahman,Local Resident,36-50,Female,India,16-06-2023,June,Summer,Bus,Couple,Research,2.9,4.3,2,4.2,2.7,4.8,63,MP022 view potential lacks dry,I visited MP022 during Summer and it was okay. The the local culture has potential but lacks maintenance. The view is nice though. Might be better in the dry season. Stunning Interesting Well-maintained,33,Neutral,355,172,No,Pending,25-10-2025,17-12-2026
RV000455,MP013,Lara Croft,Researcher,26-35,Female,Japan,17-11-2024,November,Autumn,Bike,Solo,Adventure,3.2,2.6,2.1,2.2,3.3,4.2,58,area Interesting the The basic.,"It's an okay spot. The the heritage is fine but the facilities are basic. The the parking area was overpriced. However, the local culture around is interesting. Well-maintained Stunning Interesting",30,Neutral,332,157,Yes,Hidden,20-05-2024,16-10-2026
RV000456,MP054,Vikram Singh,Adventure Tourist,26-35,Male,Australia,13-11-2024,November,Autumn,Train,Solo,Photography,3.4,1.5,2.4,1.8,1.2,1.9,67,in but and has heritage,I visited MP054 during Autumn and it was okay. The the heritage has potential but lacks maintenance. The view is nice though. Might be better in the dry season. Beautiful Authentic Well-maintained Organized Interesting,34,Neutral,489,98,Yes,Pending,17-04-2024,21-09-2025
RV000457,MP011,Mangesh Patil,Student,Under 18,Male,India,12-04-2025,April,Spring,Train,Couple,Sightseeing,4.3,4.3,4.9,1.1,1.1,2.7,88,The Interesting the exploring. MP011,Visited MP011 last Spring. The the scenic beauty was absolutely breathtaking. The the walking trails exceeded my expectations. We spent about 3 hours exploring. The locals were very friendly and helpful. Highly recommend this place to everyone. Interesting Organized Vibrant Unique Stunning,42,Positive,489,107,Yes,Pending,06-07-2024,18-06-2026
RV000458,MP013,Sita Devi,Local Resident,51-65,Female,India,24-06-2025,June,Summer,Car,Couple,Relaxation,3.2,1.7,1.9,2.9,1.4,4.4,56,the better area experience for,Average experience at MP013. The the heritage is decent but nothing extraordinary. It is good for a one-time visit. The the parking area could be better maintained. Not too crowded when we went. Beautiful Stunning Organized Authentic Well-maintained,38,Neutral,354,4,No,Published,06-10-2024,09-02-2025
RV000459,MP007,Aisha Rahman,Family Tourist,36-50,Female,India,02-03-2023,March,Spring,Taxi,Educational Tour,Research,5,2,4.6,1.1,3.7,2.6,93,ticketing Very must-visit worth is,Excellent experience at MP007. The the ticketing counter was the highlight. Very clean and organized. The entry fee is totally worth it. A must-visit for Educational Tour and nature lovers. Authentic Beautiful Unique Organized,34,Positive,335,118,No,Pending,07-02-2024,07-10-2026
RV000460,MP011,Sanjay Leela,Student,36-50,Other,India,09-06-2024,June,Summer,Flight,Educational Tour,Sightseeing,1.8,3.5,2.9,3.3,4.5,3.4,46,counter worth and Unique completely,Terrible experience at MP011. The the views was poorly maintained and dirty. The the ticketing counter was completely overrated. The crowd and litter ruined the vibe. Not worth the effort to travel here. Well-maintained Unique Authentic Interesting,37,Negative,382,10,No,Pending,22-06-2024,06-04-2025
RV000461,MP031,Aisha Rahman,Photographer,51-65,Other,India,15-01-2023,January,Winter,Flight,Educational Tour,Adventure,3.6,1.8,1.2,2.1,1.6,1.7,63,was the Interesting around is,"It's an okay spot. The the local culture is fine but the facilities are basic. The the nearby eateries was overpriced. However, the local culture around is interesting. Well-maintained Interesting Vibrant",31,Neutral,143,111,Yes,Published,25-01-2023,18-03-2026
RV000462,MP008,Sunita Devi,Travel Blogger,Under 18,Female,India,18-08-2023,August,Monsoon,Flight,Educational Tour,Sightseeing,3.1,3.5,1.1,4.9,3.6,4.9,59,culture the okay the Organized,"It's an okay spot. The the local culture is fine but the facilities are basic. The the ticketing counter was overpriced. However, the local culture around is interesting. Well-maintained Organized Stunning Beautiful Authentic",33,Neutral,389,141,No,Hidden,07-11-2025,23-04-2026
RV000463,MP007,Kiran Bhatt,Domestic Tourist,Under 18,Female,India,20-02-2025,February,Winter,Walking,Couple,Education,4.3,2.2,1.6,2.2,1.5,1.3,76,Beautiful a go wonderful MP007.,A wonderful trip to MP007. The the views and the surrounding hills were incredible. The facilities were well maintained. It's a hidden gem of Northeast India. Just go for it! Organized Vibrant Beautiful Authentic Interesting,35,Positive,82,109,No,Hidden,23-05-2024,02-07-2025
RV000464,MP044,Bimol Sharma,Foreign Tourist,Under 18,Other,India,02-05-2025,May,Summer,Bus,Educational Tour,Research,3.9,3.6,3.5,1.1,3,3.4,71,Beautiful if have but counter,Decent place for Educational Tour. MP044 has its charm but the the ticketing counter was underwhelming. The surrounding area is nice. I would recommend if you have extra time. Beautiful Well-maintained Organized Interesting,33,Neutral,62,52,Yes,Published,11-10-2023,06-06-2025
RV000465,MP023,Govind Singh,Family Tourist,Above 65,Male,India,02-08-2024,August,Monsoon,Taxi,Corporate Group,Sightseeing,1.2,3.2,2.5,4.6,2.4,2.8,24,MP023. We disappointing on spoiled,Very disappointing visit to MP023. The the views is in shambles. Zero management. We encountered broken pathways which spoiled our day. Avoid going on weekends or during heavy rain. Well-maintained Beautiful Unique Authentic,33,Negative,487,181,No,Published,22-12-2024,04-03-2026
RV000466,MP018,Priya Mehra,Foreign Tourist,51-65,Male,India,12-05-2025,May,Summer,Taxi,Corporate Group,Education,2.2,3.8,4.1,4.8,2.7,4.3,39,and unsafe are for recommended,Not recommended for Corporate Group. The the walking trails was unsafe and unhygienic. The entry fees are too high for what you get. I regret wasting my time here. Authentic Organized Stunning,32,Negative,366,60,No,Pending,10-03-2023,09-07-2026
RV000467,MP009,Mary Kom,Researcher,18-25,Female,India,23-01-2025,January,Winter,Train,Friends,Nature Exploration,1.9,3.4,3,2.9,3.2,1.1,32,Not the to The effort,Terrible experience at MP009. The the local culture was poorly maintained and dirty. The the restrooms was completely overrated. The crowd and litter ruined the vibe. Not worth the effort to travel here. Authentic Vibrant Stunning,36,Negative,202,200,No,Pending,06-11-2025,01-04-2025
RV000468,MP017,Neha Agarwal,Solo Traveller,51-65,Female,India,01-08-2024,August,Monsoon,Bus,Couple,Sightseeing,5,3.4,3.3,1.4,3.8,1.1,100,the 2 this Vibrant ticketing,Visited MP017 last Monsoon. The the local culture was absolutely breathtaking. The the ticketing counter exceeded my expectations. We spent about 2 hours exploring. The locals were very friendly and helpful. Highly recommend this place to everyone. Authentic Vibrant Unique Beautiful Organized,42,Positive,306,153,Yes,Hidden,05-09-2024,25-03-2026
RV000469,MP018,Lara Croft,Researcher,Above 65,Female,India,03-06-2024,June,Summer,Bike,Couple,Sightseeing,4.1,3,4.8,2,4.8,1.2,91,heritage an and June. so,I had an amazing experience at MP018 in June. The the heritage is world-class. The atmosphere was so peaceful and relaxing. Perfect for Couple. Will definitely come back again. Organized Stunning Unique Authentic Well-maintained Interesting,35,Positive,53,100,Yes,Pending,17-03-2025,25-03-2025
RV000470,MP010,Govind Singh,Travel Blogger,36-50,Male,India,05-10-2025,October,Autumn,Bike,Solo,Photography,4.8,2.9,2.9,4,1.6,4.8,100,The experience for was the,I had an amazing experience at MP010 in October. The the heritage is world-class. The atmosphere was so peaceful and relaxing. Perfect for Solo. Will definitely come back again. Stunning Interesting Vibrant,32,Positive,37,195,Yes,Pending,12-12-2024,10-01-2026
RV000471,MP039,Lara Croft,Family Tourist,26-35,Female,Thailand,05-06-2024,June,Summer,Flight,Couple,Photography,1.7,1,4.4,2.9,3.7,3.7,33,I time Organized too get.,Not recommended for Couple. The the restrooms was unsafe and unhygienic. The entry fees are too high for what you get. I regret wasting my time here. Vibrant Authentic Interesting Well-maintained Organized,32,Negative,466,38,No,Pending,06-01-2023,01-06-2026
RV000472,MP017,Sonam Wangdi,Domestic Tourist,36-50,Other,India,08-06-2025,June,Summer,Bike,Friends,Wildlife,4.9,3.2,4.6,2.7,4.6,2,100,atmosphere Authentic come The world-class.,I had an amazing experience at MP017 in June. The the local culture is world-class. The atmosphere was so peaceful and relaxing. Perfect for Friends. Will definitely come back again. Unique Organized Beautiful Vibrant Authentic,35,Positive,198,121,No,Hidden,13-10-2023,16-10-2025
RV000473,MP055,Anjan Dutta,Foreign Tourist,Under 18,Female,India,01-01-2023,January,Winter,Walking,Educational Tour,Education,2,4.5,3.7,2.6,3,3.3,33,overrated. effort ruined vibe. The,Terrible experience at MP055. The the heritage was poorly maintained and dirty. The the nearby eateries was completely overrated. The crowd and litter ruined the vibe. Not worth the effort to travel here. Stunning Beautiful Unique Interesting Vibrant,38,Negative,167,27,Yes,Hidden,20-02-2025,19-11-2026
RV000474,MP024,Laishram Devi,Local Resident,Above 65,Other,India,05-03-2024,March,Spring,Flight,Educational Tour,Relaxation,1.5,2.3,1.5,2.1,2.5,2.5,32,tourist spot Manipur. MP024 is,Worst tourist spot I have visited in Manipur. The the local culture is neglected. The road to MP024 is terrible. There is no proper signage or safety measures. Stay away! Organized Beautiful Well-maintained Authentic Vibrant Stunning,36,Negative,292,187,Yes,Hidden,04-08-2023,02-12-2025
RV000475,MP054,Kiran Bhatt,Local Resident,51-65,Female,India,21-05-2025,May,Summer,Bus,Corporate Group,Pilgrimage,1.5,1.7,4.6,4.2,4.5,1.8,32,tourist to signage I or,Worst tourist spot I have visited in Manipur. The the local culture is neglected. The road to MP054 is terrible. There is no proper signage or safety measures. Stay away! Organized Well-maintained Unique,33,Negative,474,84,No,Published,01-05-2024,10-05-2026
RV000476,MP017,Aisha Rahman,Family Tourist,36-50,Male,Japan,18-12-2023,December,Winter,Car,Corporate Group,Pilgrimage,4.6,2.9,2.8,1.8,2.2,1.3,91,Vibrant fee trails Well-maintained Corporate,Excellent experience at MP017. The the walking trails was the highlight. Very clean and organized. The entry fee is totally worth it. A must-visit for Corporate Group and nature lovers. Organized Authentic Stunning Interesting Well-maintained Vibrant,36,Positive,150,13,No,Pending,25-09-2024,22-02-2026
RV000477,MP047,Govind Singh,Student,36-50,Other,India,02-10-2023,October,Autumn,Walking,Corporate Group,Wildlife,3.1,4.2,3.8,1.3,3.1,2.5,61,extraordinary. walking The for at,Average experience at MP047. The the views is decent but nothing extraordinary. It is good for a one-time visit. The the walking trails could be better maintained. Not too crowded when we went. Unique Organized Beautiful Stunning Vibrant Interesting,39,Neutral,324,176,No,Published,14-11-2025,09-04-2025
RV000478,MP064,Mary Kom,Travel Blogger,26-35,Female,India,09-01-2025,January,Winter,Walking,Family,Wildlife,1,4.9,1.4,1.7,5,1.5,25,Terrible poorly The walking vibe.,Terrible experience at MP064. The the views was poorly maintained and dirty. The the walking trails was completely overrated. The crowd and litter ruined the vibe. Not worth the effort to travel here. Beautiful Vibrant Authentic Organized Interesting Stunning,39,Negative,90,197,No,Pending,13-12-2024,01-09-2026
RV000479,MP005,Govind Singh,Solo Traveller,51-65,Female,Thailand,10-12-2025,December,Winter,Train,Family,Wildlife,4.4,3.4,3.6,2.7,1.9,2.9,91,Interesting this Organized walking Winter.,Visited Ima Keithel last Winter. The the organic produce was absolutely breathtaking. The the walking trails exceeded my expectations. We spent about 5 hours exploring. The locals were very friendly and helpful. Highly recommend this place to everyone. Interesting Organized Beautiful Vibrant,42,Positive,330,7,Yes,Pending,12-10-2024,10-06-2026
RV000480,MP040,Mangesh Patil,Researcher,Above 65,Female,India,07-06-2024,June,Summer,Train,Family,Pilgrimage,2.8,2.6,3.5,1.6,2.8,1.2,61,visit. extraordinary. area The parking,Average experience at MP040. The the scenic beauty is decent but nothing extraordinary. It is good for a one-time visit. The the parking area could be better maintained. Not too crowded when we went. Vibrant Interesting Organized,37,Neutral,218,143,No,Pending,17-10-2025,17-10-2026
RV000481,MP005,Govind Singh,Family Tourist,Above 65,Other,India,04-03-2024,March,Spring,Train,Solo,Adventure,4.1,1.3,4.7,4.9,1.3,1,74,March. at back Unique is,I had an amazing experience at Ima Keithel in March. The the handloom textiles is world-class. The atmosphere was so peaceful and relaxing. Perfect for Solo. Will definitely come back again. Authentic Well-maintained Unique Interesting Vibrant Beautiful,37,Positive,367,166,Yes,Hidden,08-07-2024,16-11-2026
RV000482,MP053,Vikram Singh,Photographer,18-25,Other,India,11-03-2023,March,Spring,Bus,Couple,Pilgrimage,3,1.2,1.2,2.7,4.1,4.3,51,though. Organized Authentic was Might,I visited MP053 during Spring and it was okay. The the local culture has potential but lacks maintenance. The view is nice though. Might be better in the dry season. Vibrant Authentic Stunning Well-maintained Organized Unique,36,Neutral,477,36,Yes,Published,10-12-2025,08-05-2026
RV000483,MP018,Priya Mehra,Researcher,Above 65,Other,India,22-07-2023,July,Monsoon,Taxi,Family,Sightseeing,5,1.4,1.2,3.5,3.4,1.8,99,Monsoon. about Visited friendly were,Visited MP018 last Monsoon. The the local culture was absolutely breathtaking. The the nearby eateries exceeded my expectations. We spent about 5 hours exploring. The locals were very friendly and helpful. Highly recommend this place to everyone. Well-maintained Interesting Organized Beautiful Stunning,42,Positive,192,198,No,Pending,18-11-2024,07-12-2026
RV000484,MP009,John Doe,Adventure Tourist,51-65,Male,India,02-08-2025,August,Monsoon,Bus,Couple,Sightseeing,4.1,4.1,2.9,1,3.2,1.5,81,Well-maintained Will peaceful is Beautiful,I had an amazing experience at MP009 in August. The the heritage is world-class. The atmosphere was so peaceful and relaxing. Perfect for Couple. Will definitely come back again. Beautiful Vibrant Well-maintained,32,Positive,250,160,Yes,Hidden,17-11-2024,20-04-2026
RV000485,MP012,Bimol Sharma,Adventure Tourist,Under 18,Male,India,22-08-2024,August,Monsoon,Flight,Educational Tour,Photography,2,1.1,2.7,2.8,4.6,1.1,34,I unhygienic. Stunning you regret,Not recommended for Educational Tour. The the nearby eateries was unsafe and unhygienic. The entry fees are too high for what you get. I regret wasting my time here. Beautiful Stunning Well-maintained,32,Negative,21,3,Yes,Hidden,09-09-2025,08-08-2026
RV000486,MP051,Anjan Dutta,Adventure Tourist,Under 18,Female,India,01-12-2025,December,Winter,Flight,Educational Tour,Wildlife,2.1,3,5,1.4,1.6,2.7,52,away! MP051 Beautiful is is,Worst tourist spot I have visited in Manipur. The the views is neglected. The road to MP051 is terrible. There is no proper signage or safety measures. Stay away! Unique Beautiful Organized Vibrant,33,Negative,386,192,Yes,Published,06-08-2024,13-12-2026
RV000487,MP044,Mary Kom,Domestic Tourist,26-35,Female,India,21-12-2024,December,Winter,Taxi,Corporate Group,Festival,4.8,4.7,3.9,3.4,2.6,1.1,100,nature must-visit is it. Excellent,Excellent experience at MP044. The the parking area was the highlight. Very clean and organized. The entry fee is totally worth it. A must-visit for Corporate Group and nature lovers. Stunning Authentic Vibrant Beautiful,34,Positive,206,113,No,Hidden,18-09-2023,09-03-2025
RV000488,MP039,David Thang,Domestic Tourist,51-65,Other,India,06-05-2023,May,Summer,Taxi,Corporate Group,Research,1,1.6,4.1,4.2,3.9,2.3,26,and views to Stunning was,Terrible experience at MP039. The the views was poorly maintained and dirty. The the parking area was completely overrated. The crowd and litter ruined the vibe. Not worth the effort to travel here. Stunning Authentic Organized Well-maintained,37,Negative,482,142,No,Pending,07-06-2024,13-03-2026
RV000489,MP021,Laishram Devi,Travel Blogger,18-25,Male,India,24-04-2024,April,Spring,Flight,Corporate Group,Education,4.6,4.7,3.7,3.6,2.2,1.4,94,was about the everyone. culture,Visited MP021 last Spring. The the local culture was absolutely breathtaking. The the nearby eateries exceeded my expectations. We spent about 4 hours exploring. The locals were very friendly and helpful. Highly recommend this place to everyone. Unique Authentic Stunning Vibrant Well-maintained Beautiful,43,Positive,159,23,Yes,Pending,24-09-2024,12-08-2026
RV000490,MP018,Tongbram Singh,Solo Traveller,Above 65,Other,India,24-05-2023,May,Summer,Walking,Couple,Photography,1.8,2,3,1.1,3,1.3,43,worth Unique and culture maintained,Terrible experience at MP018. The the local culture was poorly maintained and dirty. The the ticketing counter was completely overrated. The crowd and litter ruined the vibe. Not worth the effort to travel here. Unique Authentic Organized Interesting Well-maintained Vibrant,40,Negative,36,71,Yes,Hidden,24-07-2023,09-03-2025
RV000491,MP061,Mangesh Patil,Family Tourist,26-35,Male,Germany,10-06-2025,June,Summer,Bus,Educational Tour,Research,4.6,3.1,4.9,1.8,4.8,4.2,84,friendly Visited Beautiful parking exceeded,Visited MP061 last Summer. The the heritage was absolutely breathtaking. The the parking area exceeded my expectations. We spent about 3 hours exploring. The locals were very friendly and helpful. Highly recommend this place to everyone. Beautiful Unique Stunning,39,Positive,291,168,No,Published,17-09-2024,14-06-2026
RV000492,MP024,Rahul Verma,Family Tourist,Above 65,Other,India,24-09-2024,September,Monsoon,Bus,Educational Tour,Nature Exploration,1.8,3.9,2.7,1.8,2.9,1.1,35,the for unhygienic. and I,Not recommended for Educational Tour. The the ticketing counter was unsafe and unhygienic. The entry fees are too high for what you get. I regret wasting my time here. Stunning Interesting Unique Beautiful Authentic,34,Negative,334,19,No,Hidden,17-11-2023,14-01-2026
RV000493,MP011,David Thang,Travel Blogger,26-35,Other,India,08-03-2025,March,Spring,Train,Friends,Sightseeing,1.7,2.8,4.7,4.4,2.6,5,25,Authentic litter the effort ruined,Terrible experience at MP011. The the scenic beauty was poorly maintained and dirty. The the ticketing counter was completely overrated. The crowd and litter ruined the vibe. Not worth the effort to travel here. Beautiful Authentic Well-maintained,37,Negative,229,138,Yes,Hidden,23-08-2024,17-04-2026
RV000494,MP012,John Doe,Photographer,Under 18,Female,India,14-05-2024,May,Summer,Car,Couple,Photography,2,1.9,3.9,2.7,4.9,2.9,40,our to visit on is,Very disappointing visit to MP012. The the local culture is in shambles. Zero management. We encountered heavy garbage which spoiled our day. Avoid going on weekends or during heavy rain. Interesting Vibrant Stunning Well-maintained Beautiful Unique,36,Negative,128,120,Yes,Pending,05-08-2024,04-01-2025
RV000495,MP001,Sita Devi,Adventure Tourist,51-65,Female,India,21-01-2023,January,Winter,Taxi,Friends,Pilgrimage,3,2.5,1.6,3.5,1.3,2.8,58,have Loktak the nice. I,Decent place for Friends. Loktak Lake has its charm but the the restrooms was underwhelming. The surrounding area is nice. I would recommend if you have extra time. Interesting Stunning Organized Beautiful,32,Neutral,349,7,Yes,Published,05-05-2025,19-01-2026
RV000496,MP020,Rajesh Kumar,Researcher,36-50,Female,India,09-05-2025,May,Summer,Bike,Educational Tour,Wildlife,1.8,3.1,2,3.4,2.1,1.2,37,Organized completely the Unique ruined,Terrible experience at MP020. The the local culture was poorly maintained and dirty. The the restrooms was completely overrated. The crowd and litter ruined the vibe. Not worth the effort to travel here. Beautiful Interesting Organized Unique,37,Negative,154,125,Yes,Published,01-09-2023,16-02-2025
RV000497,MP032,Priya Mehra,Adventure Tourist,26-35,Other,India,04-06-2023,June,Summer,Car,Educational Tour,Education,4.7,4.5,2.6,3.6,2.5,3.5,99,spent We Authentic recommend absolutely,Visited MP032 last Summer. The the heritage was absolutely breathtaking. The the restrooms exceeded my expectations. We spent about 4 hours exploring. The locals were very friendly and helpful. Highly recommend this place to everyone. Unique Interesting Authentic Well-maintained Stunning,40,Positive,286,84,Yes,Pending,21-05-2023,23-01-2026
RV000498,MP052,Mangesh Patil,Foreign Tourist,Above 65,Female,India,08-04-2025,April,Spring,Flight,Solo,Relaxation,4.5,1,2.6,1.4,5,4.9,97,hidden MP052. gem the to,A wonderful trip to MP052. The the views and the surrounding hills were incredible. The facilities were well maintained. It's a hidden gem of Northeast India. Just go for it! Authentic Beautiful Unique,33,Positive,287,65,Yes,Published,19-08-2025,16-09-2025
RV000499,MP046,Tongbram Singh,Adventure Tourist,36-50,Female,India,01-09-2023,September,Monsoon,Car,Family,Education,1.6,3.9,1.9,2.6,1.4,3.4,29,going We Interesting Zero encountered,Very disappointing visit to MP046. The the local culture is in shambles. Zero management. We encountered scam guides which spoiled our day. Avoid going on weekends or during heavy rain. Vibrant Unique Interesting Beautiful Authentic Well-maintained,36,Negative,109,126,Yes,Hidden,25-05-2023,10-05-2026
RV000500,MP070,Neha Agarwal,Student,36-50,Other,India,13-01-2023,January,Winter,Taxi,Family,Education,1.6,1.9,3.4,2.9,3.7,2.9,36,disappointing to Authentic Interesting which,Very disappointing visit to MP070. The the heritage is in shambles. Zero management. We encountered scam guides which spoiled our day. Avoid going on weekends or during heavy rain. Interesting Authentic Unique Beautiful,33,Negative,55,115,No,Pending,20-12-2025,23-10-2026
RV000501,MP043,Sanjay Leela,Domestic Tourist,36-50,Other,India,03-02-2025,February,Winter,Flight,Corporate Group,Pilgrimage,3.5,4.6,3.7,4.2,3.8,2.9,70,Vibrant for too experience extraordinary.,Average experience at MP043. The the scenic beauty is decent but nothing extraordinary. It is good for a one-time visit. The the ticketing counter could be better maintained. Not too crowded when we went. Well-maintained Vibrant Authentic Beautiful Stunning Interesting,40,Neutral,12,154,No,Published,19-07-2025,09-11-2025
RV000502,MP017,Emily Stone,Foreign Tourist,26-35,Other,India,12-03-2024,March,Spring,Bike,Couple,Pilgrimage,5,3.1,4.3,3.2,2.2,3.8,96,of for a the it!,A wonderful trip to MP017. The the views and the surrounding water bodies were incredible. The facilities were well maintained. It's a hidden gem of Northeast India. Just go for it! Interesting Organized Authentic Unique,35,Positive,205,134,Yes,Pending,16-12-2025,24-11-2026
RV000503,MP058,Sanjay Leela,Foreign Tourist,Above 65,Other,India,25-07-2025,July,Monsoon,Flight,Couple,Education,3.3,2.8,4.5,2.1,1.7,5,58,scenic is basic. the It's,"It's an okay spot. The the scenic beauty is fine but the facilities are basic. The the parking area was overpriced. However, the local culture around is interesting. Well-maintained Beautiful Authentic Stunning",32,Neutral,153,2,No,Published,22-08-2025,18-07-2026
RV000504,MP049,Prakash Choudhary,Foreign Tourist,51-65,Other,India,22-03-2023,March,Spring,Taxi,Corporate Group,Pilgrimage,3.5,1,1.3,4.7,2.7,1.7,64,It good Well-maintained better maintained.,Average experience at MP049. The the heritage is decent but nothing extraordinary. It is good for a one-time visit. The the nearby eateries could be better maintained. Not too crowded when we went. Authentic Organized Interesting Well-maintained Unique Stunning,39,Neutral,500,63,Yes,Pending,08-08-2023,14-01-2026
RV000505,MP015,Deepika Ningthoujam,Family Tourist,Above 65,Other,India,04-11-2023,November,Autumn,Train,Friends,Photography,2.7,4.4,1.9,3.7,2.9,3.3,61,"Stunning Organized Well-maintained are However,","It's an okay spot. The the heritage is fine but the facilities are basic. The the restrooms was overpriced. However, the local culture around is interesting. Well-maintained Interesting Organized Stunning Beautiful Unique",32,Neutral,409,151,No,Published,08-11-2025,25-08-2026
RV000506,MP001,Lara Croft,Solo Traveller,51-65,Other,India,11-08-2023,August,Monsoon,Walking,Friends,Wildlife,4.1,1.1,4.6,2.6,3.7,4.7,77,trails The the friendly breathtaking.,Visited Loktak Lake last Monsoon. The the sunset view was absolutely breathtaking. The the walking trails exceeded my expectations. We spent about 4 hours exploring. The locals were very friendly and helpful. Highly recommend this place to everyone. Organized Vibrant Beautiful,41,Positive,326,10,No,Pending,21-09-2023,21-02-2025
RV000507,MP004,David Thang,Foreign Tourist,51-65,Other,India,04-02-2023,February,Winter,Walking,Friends,Education,4.3,2,1.8,2.1,3.8,3.8,92,the bodies maintained. surrounding of,A wonderful trip to Govindajee Temple. The Govindajee Temple and the surrounding water bodies were incredible. The facilities were well maintained. It's a hidden gem of Northeast India. Just go for it! Authentic Unique Well-maintained,35,Positive,310,110,Yes,Hidden,08-02-2023,12-07-2025
RV000508,MP019,Sita Devi,Photographer,26-35,Female,Malaysia,24-06-2025,June,Summer,Flight,Educational Tour,Sightseeing,2.4,1.3,3.7,1.7,1.7,1.8,48,terrible. Vibrant to measures. in,Worst tourist spot I have visited in Manipur. The the views is neglected. The road to MP019 is terrible. There is no proper signage or safety measures. Stay away! Stunning Vibrant Organized,32,Negative,309,0,Yes,Pending,25-07-2023,18-12-2025
RV000509,MP027,Sunita Devi,Domestic Tourist,26-35,Male,France,05-10-2025,October,Autumn,Taxi,Couple,Adventure,1.6,3.8,2.4,2.3,4.1,2.5,30,worth was here. Beautiful The,Terrible experience at MP027. The the scenic beauty was poorly maintained and dirty. The the nearby eateries was completely overrated. The crowd and litter ruined the vibe. Not worth the effort to travel here. Well-maintained Interesting Organized Vibrant Beautiful,39,Negative,365,163,Yes,Published,19-05-2025,16-03-2026
RV000510,MP019,Rahul Verma,Solo Traveller,Under 18,Male,India,13-08-2023,August,Monsoon,Train,Family,Education,4.8,3.3,2.8,2.9,3.9,1.3,94,must-visit Authentic A The Interesting,Excellent experience at MP019. The the walking trails was the highlight. Very clean and organized. The entry fee is totally worth it. A must-visit for Family and nature lovers. Vibrant Organized Authentic Stunning Interesting,34,Positive,375,125,No,Hidden,17-01-2025,01-03-2025
RV000511,MP007,John Doe,Adventure Tourist,Above 65,Female,India,12-07-2025,July,Monsoon,Car,Friends,Sightseeing,2.3,3.3,3.1,1.6,3.6,3.8,38,the vibe. overrated. the and,Terrible experience at MP007. The the scenic beauty was poorly maintained and dirty. The the walking trails was completely overrated. The crowd and litter ruined the vibe. Not worth the effort to travel here. Interesting Authentic Well-maintained Stunning,38,Negative,83,29,Yes,Pending,06-12-2025,22-05-2025
RV000512,MP033,Mary Kom,Researcher,36-50,Female,India,16-05-2023,May,Summer,Flight,Educational Tour,Sightseeing,3.9,4.8,2.5,2.2,4.9,3.5,86,nice Beautiful Well-maintained The The,I visited MP033 during Summer and it was okay. The the local culture has potential but lacks maintenance. The view is nice though. Might be better in the dry season. Interesting Vibrant Beautiful Unique Stunning Well-maintained,36,Neutral,126,75,No,Published,12-09-2024,07-05-2025
RV000513,MP038,Govind Singh,Student,26-35,Female,India,16-06-2023,June,Summer,Flight,Educational Tour,Research,2.8,1.7,1.4,1.9,4,1.6,50,is culture trails The the,"It's an okay spot. The the scenic beauty is fine but the facilities are basic. The the walking trails was overpriced. However, the local culture around is interesting. Beautiful Authentic Well-maintained",31,Neutral,204,75,Yes,Pending,24-02-2023,18-03-2026
RV000514,MP026,Mary Kom,Family Tourist,Above 65,Other,India,15-11-2025,November,Autumn,Flight,Educational Tour,Research,3.8,1.2,2.5,3.5,2.6,3.6,77,interesting. overpriced. the The Vibrant,"It's an okay spot. The the views is fine but the facilities are basic. The the nearby eateries was overpriced. However, the local culture around is interesting. Beautiful Vibrant Stunning",30,Neutral,62,78,Yes,Published,08-07-2025,04-04-2025
RV000515,MP021,Bimol Sharma,Researcher,26-35,Female,Singapore,15-06-2024,June,Summer,Bike,Friends,Pilgrimage,1.1,4.6,3,3,5,3.6,29,which Zero day. or in,Very disappointing visit to MP021. The the views is in shambles. Zero management. We encountered heavy garbage which spoiled our day. Avoid going on weekends or during heavy rain. Beautiful Stunning Vibrant Unique,33,Negative,426,89,No,Hidden,23-04-2023,08-06-2026
RV000516,MP010,Aisha Rahman,Photographer,36-50,Other,India,07-08-2024,August,Monsoon,Bus,Friends,Pilgrimage,3.3,1.3,4.7,4.5,1.5,1.5,58,nice maintenance. was view potential,I visited MP010 during Monsoon and it was okay. The the local culture has potential but lacks maintenance. The view is nice though. Might be better in the dry season. Vibrant Well-maintained Beautiful Interesting Organized Authentic,36,Neutral,61,63,No,Pending,07-04-2023,05-04-2025
RV000517,MP011,Ravi Shankar,Foreign Tourist,18-25,Male,Germany,19-01-2025,January,Winter,Walking,Friends,Research,4.1,2.8,1.7,1.4,1.8,1.7,84,the beauty January. peaceful MP011,I had an amazing experience at MP011 in January. The the scenic beauty is world-class. The atmosphere was so peaceful and relaxing. Perfect for Friends. Will definitely come back again. Organized Authentic Unique Well-maintained Beautiful Interesting,36,Positive,65,30,Yes,Pending,19-01-2023,19-02-2026
RV000518,MP011,Rajesh Kumar,Researcher,Under 18,Other,India,08-06-2024,June,Summer,Train,Couple,Photography,2.8,1.8,1,2.5,5,1.8,53,Vibrant The the Summer maintenance.,I visited MP011 during Summer and it was okay. The the scenic beauty has potential but lacks maintenance. The view is nice though. Might be better in the dry season. Interesting Vibrant Unique Authentic,34,Neutral,311,50,Yes,Hidden,03-03-2024,13-03-2025
RV000519,MP003,Riya Das,Solo Traveller,26-35,Other,India,12-08-2025,August,Monsoon,Bus,Educational Tour,Festival,5,3.1,3.8,4.2,1,2.5,97,Interesting and Unique experience A,Excellent experience at Kangla Fort. The the walking trails was the highlight. Very clean and organized. The entry fee is totally worth it. A must-visit for Educational Tour and nature lovers. Unique Stunning Authentic Interesting Well-maintained Organized,37,Positive,267,81,Yes,Pending,18-10-2024,16-08-2025
RV000520,MP019,Sanjay Leela,Local Resident,18-25,Other,India,15-08-2025,August,Monsoon,Bike,Solo,Wildlife,3.5,1.6,1.1,4.9,1.1,2.8,64,Organized place but was extra,Decent place for Solo. MP019 has its charm but the the walking trails was underwhelming. The surrounding area is nice. I would recommend if you have extra time. Vibrant Beautiful Unique Organized Authentic Stunning,34,Neutral,389,39,No,Pending,24-07-2023,17-08-2025
RV000521,MP034,Vikram Singh,Solo Traveller,18-25,Female,Australia,19-08-2024,August,Monsoon,Flight,Couple,Research,2.3,3.5,4.1,4.2,1.9,1.4,48,is encountered Vibrant in We,Very disappointing visit to MP034. The the local culture is in shambles. Zero management. We encountered broken pathways which spoiled our day. Avoid going on weekends or during heavy rain. Authentic Organized Beautiful Well-maintained Stunning Vibrant,36,Negative,246,173,No,Published,17-06-2025,13-02-2026
RV000522,MP036,John Doe,Foreign Tourist,51-65,Other,Malaysia,10-10-2025,October,Autumn,Car,Educational Tour,Festival,4.7,1.5,3.5,1.3,4.3,3.8,100,helpful. We Vibrant Beautiful 5,Visited MP036 last Autumn. The the heritage was absolutely breathtaking. The the walking trails exceeded my expectations. We spent about 5 hours exploring. The locals were very friendly and helpful. Highly recommend this place to everyone. Unique Vibrant Beautiful Well-maintained Interesting Organized,42,Positive,76,5,No,Hidden,16-07-2024,11-11-2026
RV000523,MP054,Riya Das,Travel Blogger,36-50,Other,India,24-02-2025,February,Winter,Bus,Corporate Group,Nature Exploration,1.4,1.2,2.8,4.6,3.5,4.1,24,completely the the The vibe.,Terrible experience at MP054. The the local culture was poorly maintained and dirty. The the restrooms was completely overrated. The crowd and litter ruined the vibe. Not worth the effort to travel here. Stunning Authentic Interesting Beautiful Organized,38,Negative,23,170,No,Published,25-04-2025,14-09-2025
RV000524,MP049,Moirangthem,Student,Under 18,Other,India,09-04-2024,April,Spring,Bike,Friends,Sightseeing,4.5,3.5,4.4,1,4.8,1.9,94,beauty relaxing. an so April.,I had an amazing experience at MP049 in April. The the scenic beauty is world-class. The atmosphere was so peaceful and relaxing. Perfect for Friends. Will definitely come back again. Stunning Organized Unique,33,Positive,239,151,Yes,Pending,14-09-2024,14-04-2026
RV000525,MP040,Aisha Rahman,Adventure Tourist,18-25,Other,India,19-03-2023,March,Spring,Flight,Friends,Wildlife,2.8,2.4,1.3,4.9,3,4.4,56,okay facilities trails was Stunning,"It's an okay spot. The the heritage is fine but the facilities are basic. The the walking trails was overpriced. However, the local culture around is interesting. Stunning Interesting Authentic Beautiful Vibrant Organized",33,Neutral,370,2,Yes,Published,05-07-2023,13-09-2025
RV000526,MP025,Tongbram Singh,Travel Blogger,18-25,Male,India,15-04-2023,April,Spring,Bike,Corporate Group,Research,2.5,3.2,1.9,4.3,3.1,4.2,42,facilities is fine the but,"It's an okay spot. The the scenic beauty is fine but the facilities are basic. The the walking trails was overpriced. However, the local culture around is interesting. Unique Stunning Interesting Beautiful Vibrant",33,Negative,123,116,Yes,Published,09-01-2023,07-09-2025
RV000527,MP008,Mangesh Patil,Student,Under 18,Other,United States,24-01-2023,January,Winter,Bus,Couple,Research,2.4,4.9,1.9,3.7,4.8,1.3,43,the away! Stay Authentic Unique,Worst tourist spot I have visited in Manipur. The the views is neglected. The road to MP008 is terrible. There is no proper signage or safety measures. Stay away! Beautiful Stunning Interesting Unique Organized Authentic,35,Negative,243,10,No,Pending,16-11-2023,23-10-2025
RV000528,MP012,Vikram Singh,Family Tourist,Above 65,Female,India,23-08-2025,August,Monsoon,Flight,Educational Tour,Nature Exploration,4.9,3.4,4.2,4.1,3.4,4.3,100,highlight. experience must-visit nature The,Excellent experience at MP012. The the walking trails was the highlight. Very clean and organized. The entry fee is totally worth it. A must-visit for Educational Tour and nature lovers. Well-maintained Organized Stunning Beautiful Interesting Vibrant,36,Positive,192,4,Yes,Pending,03-01-2025,17-05-2026
RV000529,MP070,Lara Croft,Travel Blogger,Above 65,Female,India,13-01-2024,January,Winter,Taxi,Solo,Pilgrimage,4.2,1.4,2.2,4.4,1.4,1.9,83,was The atmosphere back for,I had an amazing experience at MP070 in January. The the heritage is world-class. The atmosphere was so peaceful and relaxing. Perfect for Solo. Will definitely come back again. Interesting Beautiful Stunning,32,Positive,498,90,No,Pending,14-02-2023,08-05-2025
RV000530,MP003,Vikram Singh,Foreign Tourist,Under 18,Male,India,23-04-2023,April,Spring,Taxi,Corporate Group,Adventure,4.1,1.6,3.7,3.4,4.7,1.4,90,it! Kangla Stunning the maintained.,A wonderful trip to Kangla Fort. The the royal gateways and the surrounding urban skyline were incredible. The facilities were well maintained. It's a hidden gem of Northeast India. Just go for it! Well-maintained Organized Stunning Unique Interesting Vibrant,39,Positive,24,9,No,Pending,18-05-2024,12-11-2025
RV000531,MP022,Prakash Choudhary,Solo Traveller,51-65,Female,United States,14-08-2023,August,Monsoon,Flight,Friends,Adventure,3.7,3.6,2.4,4.5,4.4,2.2,76,be maintained. local Average crowded,Average experience at MP022. The the local culture is decent but nothing extraordinary. It is good for a one-time visit. The the walking trails could be better maintained. Not too crowded when we went. Vibrant Well-maintained Authentic Stunning Organized Interesting,40,Neutral,328,171,No,Published,12-02-2025,03-02-2025
RV000532,MP013,Tongbram Singh,Student,18-25,Male,India,24-02-2023,February,Winter,Car,Corporate Group,Nature Exploration,3,1.9,1.8,2.4,2.2,1.7,69,Vibrant Authentic Not ticketing the,Average experience at MP013. The the heritage is decent but nothing extraordinary. It is good for a one-time visit. The the ticketing counter could be better maintained. Not too crowded when we went. Unique Organized Authentic Vibrant Beautiful,38,Neutral,256,98,Yes,Pending,25-07-2023,22-06-2026
RV000533,MP064,Tongbram Singh,Photographer,Under 18,Female,Singapore,24-04-2024,April,Spring,Bike,Friends,Education,1,3.2,1.4,4.8,1.7,3.7,10,Interesting local poorly travel area,Terrible experience at MP064. The the local culture was poorly maintained and dirty. The the parking area was completely overrated. The crowd and litter ruined the vibe. Not worth the effort to travel here. Organized Beautiful Interesting Stunning Vibrant,39,Negative,46,142,Yes,Hidden,24-06-2023,18-08-2025
RV000534,MP014,Mary Kom,Researcher,18-25,Other,India,23-09-2024,September,Monsoon,Flight,Friends,Education,5,3,1,3,4.1,4.3,95,place Vibrant was Unique very,Visited MP014 last Monsoon. The the local culture was absolutely breathtaking. The the restrooms exceeded my expectations. We spent about 3 hours exploring. The locals were very friendly and helpful. Highly recommend this place to everyone. Vibrant Beautiful Stunning Unique,40,Positive,279,43,Yes,Pending,04-06-2024,21-12-2025
RV000535,MP019,Rahul Verma,Adventure Tourist,Above 65,Female,India,01-01-2025,January,Winter,Bus,Educational Tour,Adventure,3.8,3.6,1.1,1.4,4,4.2,72,has Interesting recommend I but,Decent place for Educational Tour. MP019 has its charm but the the walking trails was underwhelming. The surrounding area is nice. I would recommend if you have extra time. Organized Interesting Stunning Beautiful Well-maintained,34,Neutral,490,43,No,Pending,07-11-2024,05-05-2025
RV000536,MP050,Arun Kumar,Foreign Tourist,36-50,Female,India,15-08-2024,August,Monsoon,Walking,Couple,Adventure,2.4,3.8,4,2.4,4.9,3.3,50,MP050. The spoiled going Zero,Very disappointing visit to MP050. The the scenic beauty is in shambles. Zero management. We encountered overcrowding which spoiled our day. Avoid going on weekends or during heavy rain. Beautiful Authentic Vibrant Unique,33,Negative,412,17,No,Published,24-06-2023,03-11-2026
RV000537,MP031,Emily Stone,Photographer,26-35,Female,Thailand,16-10-2023,October,Autumn,Car,Educational Tour,Pilgrimage,1.9,1.9,2.1,3.1,3,1.8,44,recommended unsafe for regret entry,Not recommended for Educational Tour. The the ticketing counter was unsafe and unhygienic. The entry fees are too high for what you get. I regret wasting my time here. Vibrant Interesting Beautiful Unique,33,Negative,392,41,Yes,Hidden,09-01-2025,07-01-2025
RV000538,MP070,Mangesh Patil,Travel Blogger,Under 18,Female,Japan,03-03-2025,March,Spring,Bike,Friends,Photography,1.4,3.8,3.8,1.1,4.1,1.9,34,MP070. heavy Avoid the which,Very disappointing visit to MP070. The the heritage is in shambles. Zero management. We encountered heavy garbage which spoiled our day. Avoid going on weekends or during heavy rain. Well-maintained Interesting Authentic,32,Negative,161,166,Yes,Published,17-02-2025,21-09-2026
RV000539,MP012,Anjan Dutta,Travel Blogger,51-65,Other,India,10-08-2025,August,Monsoon,Bike,Corporate Group,Photography,2.8,3.8,4.2,2.7,1,2.2,62,spot. okay The fine an,"It's an okay spot. The the scenic beauty is fine but the facilities are basic. The the walking trails was overpriced. However, the local culture around is interesting. Authentic Vibrant Beautiful",31,Neutral,185,91,No,Published,20-10-2025,20-12-2026
RV000540,MP020,Govind Singh,Student,18-25,Female,Germany,11-07-2024,July,Monsoon,Taxi,Family,Research,1.9,2.1,2.6,1.8,3.6,1.8,29,Interesting time Family. entry walking,Not recommended for Family. The the walking trails was unsafe and unhygienic. The entry fees are too high for what you get. I regret wasting my time here. Organized Unique Vibrant Interesting,32,Negative,247,115,No,Published,16-02-2025,13-10-2025
RV000541,MP068,Arun Kumar,Adventure Tourist,51-65,Other,India,05-12-2024,December,Winter,Flight,Educational Tour,Photography,4.2,3.3,1.5,3.9,1.2,1.9,76,highlight. nature and Organized ticketing,Excellent experience at MP068. The the ticketing counter was the highlight. Very clean and organized. The entry fee is totally worth it. A must-visit for Educational Tour and nature lovers. Organized Beautiful Authentic Interesting,34,Positive,323,11,No,Pending,20-01-2025,08-02-2026
RV000542,MP002,Anjan Dutta,Foreign Tourist,51-65,Female,India,23-01-2023,January,Winter,Bike,Solo,Research,5,4.7,4.8,1.2,1.2,4.8,100,exceeded The hours place eateries,Visited Keibul Lamjao last Winter. The the birdlife was absolutely breathtaking. The the nearby eateries exceeded my expectations. We spent about 3 hours exploring. The locals were very friendly and helpful. Highly recommend this place to everyone. Authentic Vibrant Stunning Interesting,41,Positive,434,112,Yes,Hidden,17-04-2025,13-06-2026
RV000543,MP002,Sunita Devi,Family Tourist,36-50,Other,India,21-05-2025,May,Summer,Walking,Friends,Festival,2.7,1.6,3,3.3,1.1,1.7,55,has you Beautiful extra The,Decent place for Friends. Keibul Lamjao has its charm but the the ticketing counter was underwhelming. The surrounding area is nice. I would recommend if you have extra time. Unique Beautiful Stunning,32,Neutral,307,37,No,Pending,11-11-2024,25-12-2026
RV000544,MP003,Vikram Singh,Travel Blogger,Above 65,Male,India,20-12-2025,December,Winter,Taxi,Corporate Group,Education,5,3.1,2.3,1.6,3.2,2.3,92,entry at organized. Kangla Excellent,Excellent experience at Kangla Fort. The the ticketing counter was the highlight. Very clean and organized. The entry fee is totally worth it. A must-visit for Corporate Group and nature lovers. Vibrant Organized Beautiful,34,Positive,240,179,No,Hidden,03-07-2023,11-03-2025
RV000545,MP014,Rahul Verma,Local Resident,51-65,Female,India,20-11-2024,November,Autumn,Bus,Solo,Pilgrimage,5,3.8,4.4,3.1,1.7,4,100,Unique relaxing. I The beauty,I had an amazing experience at MP014 in November. The the scenic beauty is world-class. The atmosphere was so peaceful and relaxing. Perfect for Solo. Will definitely come back again. Vibrant Stunning Well-maintained Authentic Unique Interesting,36,Positive,389,67,Yes,Pending,13-01-2024,12-07-2025
RV000546,MP013,Aisha Rahman,Solo Traveller,51-65,Other,India,02-09-2025,September,Monsoon,Flight,Solo,Adventure,2.6,4.7,3.3,2.6,2.6,3.2,42,Stunning Vibrant area surrounding charm,Decent place for Solo. MP013 has its charm but the the parking area was underwhelming. The surrounding area is nice. I would recommend if you have extra time. Beautiful Well-maintained Vibrant Stunning Unique,33,Neutral,388,116,Yes,Published,17-11-2024,25-02-2025
RV000547,MP008,Tongbram Singh,Student,Above 65,Male,India,14-05-2023,May,Summer,Bike,Solo,Photography,4.6,4.1,1,3.2,1.7,2.2,90,The MP008 the Beautiful an,I had an amazing experience at MP008 in May. The the scenic beauty is world-class. The atmosphere was so peaceful and relaxing. Perfect for Solo. Will definitely come back again. Beautiful Unique Authentic Organized,34,Positive,389,69,No,Hidden,02-09-2024,03-11-2026
RV000548,MP021,Hidetoshi Tanaka,Student,18-25,Other,India,23-04-2023,April,Spring,Train,Educational Tour,Research,4,2.7,2.1,2.5,4.8,2.9,87,The facilities maintained. gem Unique,A wonderful trip to MP021. The the views and the surrounding greenery were incredible. The facilities were well maintained. It's a hidden gem of Northeast India. Just go for it! Unique Vibrant Beautiful,33,Positive,93,75,Yes,Pending,10-01-2024,15-04-2026
RV000549,MP069,Sonam Wangdi,Foreign Tourist,Above 65,Other,India,03-11-2025,November,Autumn,Taxi,Family,Education,1.6,4.6,2.2,4.6,2.6,1.7,37,Stay Worst The The no,Worst tourist spot I have visited in Manipur. The the local culture is neglected. The road to MP069 is terrible. There is no proper signage or safety measures. Stay away! Beautiful Well-maintained Unique Vibrant Stunning,35,Negative,394,28,No,Pending,13-07-2025,06-08-2025
RV000550,MP001,Emily Stone,Adventure Tourist,Under 18,Male,United States,14-04-2024,April,Spring,Taxi,Corporate Group,Research,2.1,1.6,1.5,2.4,3.9,1.8,33,We the heavy disappointing Zero,Very disappointing visit to Loktak Lake. The the sunset view is in shambles. Zero management. We encountered rude staff which spoiled our day. Avoid going on weekends or during heavy rain. Stunning Well-maintained Beautiful Interesting Vibrant,36,Negative,422,161,No,Hidden,25-03-2025,09-07-2026
RV000551,MP060,Aisha Rahman,Foreign Tourist,Under 18,Female,India,01-08-2024,August,Monsoon,Bike,Friends,Sightseeing,3.7,2.3,4,3.1,2.8,3.7,73,it MP060 lacks view Vibrant,I visited MP060 during Monsoon and it was okay. The the heritage has potential but lacks maintenance. The view is nice though. Might be better in the dry season. Unique Interesting Vibrant Organized Well-maintained Stunning,35,Neutral,17,26,No,Hidden,08-03-2025,02-03-2026
RV000552,MP030,Jennifer Laiton,Adventure Tourist,18-25,Female,India,14-01-2025,January,Winter,Bus,Couple,Research,4.4,4.6,3.7,4.9,1.9,2,89,Beautiful Organized of The for,A wonderful trip to MP030. The the views and the surrounding greenery were incredible. The facilities were well maintained. It's a hidden gem of Northeast India. Just go for it! Well-maintained Organized Authentic Interesting Beautiful Vibrant,36,Positive,51,155,Yes,Pending,22-01-2023,19-08-2026
RV000553,MP042,Anjan Dutta,Foreign Tourist,36-50,Male,India,18-07-2024,July,Monsoon,Flight,Friends,Adventure,2.8,3.6,2.3,4.9,2.6,2.4,49,but views during Vibrant and,I visited MP042 during Monsoon and it was okay. The the views has potential but lacks maintenance. The view is nice though. Might be better in the dry season. Stunning Beautiful Well-maintained Organized Vibrant,34,Neutral,143,21,No,Pending,19-11-2025,09-10-2025
RV000554,MP070,John Doe,Student,18-25,Female,India,16-03-2024,March,Spring,Taxi,Family,Education,4.6,2.6,3.8,1.5,1.4,2.9,95,Perfect the was for had,I had an amazing experience at MP070 in March. The the local culture is world-class. The atmosphere was so peaceful and relaxing. Perfect for Family. Will definitely come back again. Beautiful Interesting Stunning Organized Unique,35,Positive,343,185,Yes,Hidden,03-05-2025,24-07-2025
RV000555,MP010,Deepika Ningthoujam,Researcher,18-25,Other,Japan,05-11-2023,November,Autumn,Walking,Educational Tour,Adventure,5,3.9,2,1.7,3.3,4.4,94,trip Interesting facilities wonderful A,A wonderful trip to MP010. The the scenic beauty and the surrounding urban skyline were incredible. The facilities were well maintained. It's a hidden gem of Northeast India. Just go for it! Beautiful Interesting Organized Stunning Vibrant,37,Positive,2,75,No,Published,02-11-2025,12-07-2025
RV000556,MP008,Prakash Choudhary,Adventure Tourist,51-65,Other,United States,15-08-2023,August,Monsoon,Train,Educational Tour,Sightseeing,5,3.2,1.8,1.7,1.7,3.9,100,August. peaceful I for atmosphere,I had an amazing experience at MP008 in August. The the scenic beauty is world-class. The atmosphere was so peaceful and relaxing. Perfect for Educational Tour. Will definitely come back again. Interesting Stunning Well-maintained Beautiful Vibrant Organized,37,Positive,322,120,Yes,Published,04-09-2024,06-06-2026
RV000557,MP013,John Doe,Student,36-50,Female,India,25-08-2024,August,Monsoon,Walking,Friends,Relaxation,2.7,3.2,3.5,4.3,2.8,1.5,63,"is local the However, but","It's an okay spot. The the scenic beauty is fine but the facilities are basic. The the ticketing counter was overpriced. However, the local culture around is interesting. Vibrant Interesting Unique",31,Neutral,451,6,No,Hidden,24-06-2023,09-02-2026
RV000558,MP008,Mary Kom,Photographer,26-35,Other,France,04-04-2023,April,Spring,Bike,Solo,Wildlife,2.6,3.1,4,4,1.6,5,46,good could too Unique experience,Average experience at MP008. The the scenic beauty is decent but nothing extraordinary. It is good for a one-time visit. The the parking area could be better maintained. Not too crowded when we went. Interesting Stunning Unique Authentic,38,Neutral,414,6,No,Pending,22-08-2025,24-03-2025
RV000559,MP004,Sita Devi,Local Resident,26-35,Other,Malaysia,08-07-2025,July,Monsoon,Bus,Friends,Nature Exploration,3.2,3.8,3.1,4.5,2.4,1.9,60,decent nothing Govindajee when Temple.,Average experience at Govindajee Temple. The the spiritual ambiance is decent but nothing extraordinary. It is good for a one-time visit. The the nearby eateries could be better maintained. Not too crowded when we went. Stunning Interesting Vibrant Organized,39,Neutral,463,14,No,Published,22-09-2025,25-05-2025
RV000560,MP027,Aisha Rahman,Researcher,Under 18,Male,India,25-11-2025,November,Autumn,Train,Friends,Photography,4.9,1.3,3.1,2.7,4.9,1.3,100,restrooms The Stunning organized. fee,Excellent experience at MP027. The the restrooms was the highlight. Very clean and organized. The entry fee is totally worth it. A must-visit for Friends and nature lovers. Beautiful Interesting Unique Authentic Organized Stunning,34,Positive,450,63,No,Pending,24-12-2025,04-08-2026
RV000561,MP047,Moirangthem,Travel Blogger,51-65,Other,India,23-09-2023,September,Monsoon,Flight,Solo,Photography,3.7,1.5,4.4,3.6,3.2,4.5,67,when be experience one-time Stunning,Average experience at MP047. The the local culture is decent but nothing extraordinary. It is good for a one-time visit. The the ticketing counter could be better maintained. Not too crowded when we went. Stunning Well-maintained Beautiful Authentic Vibrant Interesting,40,Neutral,163,185,No,Pending,17-06-2023,05-08-2026
RV000562,MP003,Sonam Wangdi,Local Resident,Above 65,Male,India,01-02-2024,February,Winter,Taxi,Corporate Group,Sightseeing,1.9,3.6,2.3,2.4,3.7,2.2,31,Stay Fort is visited Stunning,Worst tourist spot I have visited in Manipur. The the royal gateways is neglected. The road to Kangla Fort is terrible. There is no proper signage or safety measures. Stay away! Stunning Authentic Vibrant Organized,35,Negative,436,111,No,Pending,24-06-2025,10-07-2026
RV000563,MP005,Sanjay Leela,Researcher,18-25,Female,India,21-01-2025,January,Winter,Flight,Educational Tour,Festival,2.3,3.1,2.1,3.4,1.1,4,44,neglected. The signage or away!,Worst tourist spot I have visited in Manipur. The the organic produce is neglected. The road to Ima Keithel is terrible. There is no proper signage or safety measures. Stay away! Unique Well-maintained Vibrant Organized Authentic,36,Negative,347,126,Yes,Pending,04-01-2025,07-12-2025
RV000564,MP012,Aisha Rahman,Adventure Tourist,18-25,Male,India,09-08-2024,August,Monsoon,Bike,Educational Tour,Adventure,2.4,4.5,1.2,4.6,2.8,4.8,39,Organized high you The Vibrant,Not recommended for Educational Tour. The the nearby eateries was unsafe and unhygienic. The entry fees are too high for what you get. I regret wasting my time here. Organized Interesting Beautiful Authentic Vibrant,34,Negative,311,156,No,Hidden,11-01-2023,16-07-2026
RV000565,MP018,Tongbram Singh,Travel Blogger,Under 18,Female,India,18-05-2024,May,Summer,Taxi,Corporate Group,Pilgrimage,5,3.9,3,3.2,4.1,3,100,Beautiful amazing MP018 Vibrant the,I had an amazing experience at MP018 in May. The the heritage is world-class. The atmosphere was so peaceful and relaxing. Perfect for Corporate Group. Will definitely come back again. Unique Beautiful Well-maintained Vibrant Organized,35,Positive,253,19,No,Pending,19-04-2024,19-08-2025
RV000566,MP005,Rahul Verma,Student,Above 65,Female,India,16-11-2023,November,Autumn,Bus,Friends,Pilgrimage,1.6,4.8,4.4,1.8,3,4.1,35,was Friends. are entry wasting,Not recommended for Friends. The the restrooms was unsafe and unhygienic. The entry fees are too high for what you get. I regret wasting my time here. Vibrant Beautiful Well-maintained Interesting Unique,32,Negative,338,102,Yes,Published,08-01-2023,23-04-2026
RV000567,MP022,Tongbram Singh,Family Tourist,Above 65,Male,United Kingdom,18-11-2024,November,Autumn,Taxi,Educational Tour,Photography,1.9,2.2,4.6,4.8,5,3.6,28,unhygienic. The regret get. Stunning,Not recommended for Educational Tour. The the ticketing counter was unsafe and unhygienic. The entry fees are too high for what you get. I regret wasting my time here. Stunning Organized Beautiful,32,Negative,283,81,Yes,Hidden,05-03-2024,07-06-2026
RV000568,MP015,John Doe,Travel Blogger,18-25,Female,India,22-01-2023,January,Winter,Bike,Couple,Relaxation,5,1.2,3.6,3,2.7,2.8,92,were and surrounding wonderful Just,A wonderful trip to MP015. The the views and the surrounding greenery were incredible. The facilities were well maintained. It's a hidden gem of Northeast India. Just go for it! Authentic Stunning Well-maintained,33,Positive,349,193,Yes,Hidden,05-07-2025,02-07-2025
RV000569,MP007,Anjan Dutta,Local Resident,26-35,Other,India,19-09-2024,September,Monsoon,Flight,Educational Tour,Photography,2.3,4.2,3.9,1.6,1.8,4,53,The Unique or Vibrant spot,Worst tourist spot I have visited in Manipur. The the heritage is neglected. The road to MP007 is terrible. There is no proper signage or safety measures. Stay away! Beautiful Unique Interesting Organized Vibrant,34,Negative,182,165,No,Hidden,15-05-2023,15-04-2026
RV000570,MP005,Rahul Verma,Photographer,51-65,Male,India,24-07-2023,July,Monsoon,Bus,Family,Sightseeing,4.6,3.4,4.8,2.4,3.3,1.1,92,atmosphere produce The world-class. Family.,I had an amazing experience at Ima Keithel in July. The the organic produce is world-class. The atmosphere was so peaceful and relaxing. Perfect for Family. Will definitely come back again. Unique Well-maintained Authentic,34,Positive,197,151,No,Hidden,09-07-2023,09-09-2026
RV000571,MP067,Jennifer Laiton,Foreign Tourist,Above 65,Female,India,13-04-2025,April,Spring,Flight,Corporate Group,Pilgrimage,2.5,1.9,3.3,4.7,3.8,3.2,40,is but is okay fine,"It's an okay spot. The the views is fine but the facilities are basic. The the walking trails was overpriced. However, the local culture around is interesting. Well-maintained Unique Stunning Interesting Beautiful",32,Negative,498,153,No,Hidden,14-10-2023,06-09-2026
RV000572,MP043,Rajesh Kumar,Photographer,Under 18,Male,India,19-08-2023,August,Monsoon,Walking,Couple,Education,1.1,1.9,1.6,4.4,1.9,2.8,26,time unhygienic. nearby Authentic here.,Not recommended for Couple. The the nearby eateries was unsafe and unhygienic. The entry fees are too high for what you get. I regret wasting my time here. Unique Authentic Stunning Vibrant Organized,33,Negative,371,60,No,Published,16-11-2024,18-05-2026
RV000573,MP017,Sita Devi,Foreign Tourist,36-50,Other,India,22-07-2023,July,Monsoon,Car,Solo,Wildlife,4.4,3.7,4.1,3.2,2.1,5,91,organized. nature The experience worth,Excellent experience at MP017. The the parking area was the highlight. Very clean and organized. The entry fee is totally worth it. A must-visit for Solo and nature lovers. Vibrant Well-maintained Stunning,32,Positive,162,103,No,Hidden,09-05-2024,14-11-2026
RV000574,MP052,Ravi Shankar,Student,26-35,Male,India,05-10-2023,October,Autumn,Bike,Friends,Pilgrimage,3.7,2.7,3.3,1.1,2.1,3.8,84,Vibrant Stunning Decent recommend if,Decent place for Friends. MP052 has its charm but the the walking trails was underwhelming. The surrounding area is nice. I would recommend if you have extra time. Vibrant Organized Stunning Unique Beautiful Interesting,34,Neutral,22,119,Yes,Pending,24-06-2023,20-04-2026
RV000575,MP005,Tongbram Singh,Domestic Tourist,Above 65,Female,India,16-10-2024,October,Autumn,Train,Solo,Wildlife,1.7,3.7,3.7,1.5,3,2,41,I nearby Stunning The wasting,Not recommended for Solo. The the nearby eateries was unsafe and unhygienic. The entry fees are too high for what you get. I regret wasting my time here. Interesting Vibrant Stunning,31,Negative,90,136,Yes,Hidden,22-11-2024,15-06-2026
RV000576,MP049,Moirangthem,Foreign Tourist,26-35,Other,India,06-08-2024,August,Monsoon,Train,Couple,Sightseeing,4.2,4.9,3,2.5,3.8,4.3,94,views exceeded Vibrant expectations. parking,Visited MP049 last Monsoon. The the views was absolutely breathtaking. The the parking area exceeded my expectations. We spent about 3 hours exploring. The locals were very friendly and helpful. Highly recommend this place to everyone. Unique Well-maintained Vibrant Stunning,40,Positive,324,29,Yes,Hidden,15-09-2023,02-07-2025
RV000577,MP018,Deepika Ningthoujam,Foreign Tourist,26-35,Female,Germany,07-11-2025,November,Autumn,Flight,Friends,Festival,4.3,4.6,2.8,4.1,2.4,1,77,MP018 peaceful relaxing. come Will,I had an amazing experience at MP018 in November. The the local culture is world-class. The atmosphere was so peaceful and relaxing. Perfect for Friends. Will definitely come back again. Unique Vibrant Beautiful Organized,34,Positive,412,61,Yes,Hidden,03-03-2024,22-10-2026
RV000578,MP023,Hidetoshi Tanaka,Domestic Tourist,51-65,Male,India,05-08-2025,August,Monsoon,Train,Solo,Relaxation,2.3,4.7,3.6,2.8,2.6,2.9,51,get. trails Stunning Not I,Not recommended for Solo. The the walking trails was unsafe and unhygienic. The entry fees are too high for what you get. I regret wasting my time here. Organized Stunning Authentic Interesting Unique,33,Negative,188,196,No,Hidden,02-10-2024,13-01-2025
RV000579,MP060,Deepika Ningthoujam,Foreign Tourist,26-35,Female,India,03-02-2024,February,Winter,Train,Couple,Research,1.1,3.4,2.8,1.2,3.7,4.6,14,ticketing Vibrant The wasting entry,Not recommended for Couple. The the ticketing counter was unsafe and unhygienic. The entry fees are too high for what you get. I regret wasting my time here. Well-maintained Interesting Vibrant,31,Negative,304,1,Yes,Hidden,01-04-2023,13-10-2025
RV000580,MP018,Neha Agarwal,Family Tourist,18-25,Male,India,15-12-2023,December,Winter,Bus,Solo,Education,4,3.2,2.5,1.4,1.6,1.3,90,Beautiful well Vibrant were Unique,A wonderful trip to MP018. The the heritage and the surrounding hills were incredible. The facilities were well maintained. It's a hidden gem of Northeast India. Just go for it! Well-maintained Stunning Beautiful Unique Vibrant Organized,36,Positive,115,162,No,Published,11-06-2023,15-12-2025
RV000581,MP039,Vikram Singh,Researcher,36-50,Female,India,04-10-2024,October,Autumn,Bus,Family,Nature Exploration,4.3,1.8,3.6,3.3,3.3,4.8,77,the a It's it! well,A wonderful trip to MP039. The the views and the surrounding water bodies were incredible. The facilities were well maintained. It's a hidden gem of Northeast India. Just go for it! Organized Vibrant Stunning,34,Positive,141,9,No,Pending,22-03-2025,15-02-2025
RV000582,MP001,Sunita Devi,Solo Traveller,Above 65,Other,India,02-08-2024,August,Monsoon,Walking,Solo,Wildlife,3.9,4.6,3.1,3.1,1.6,3.6,74,Unique Authentic overpriced. Stunning okay,"It's an okay spot. The the boating experience is fine but the facilities are basic. The the nearby eateries was overpriced. However, the local culture around is interesting. Interesting Authentic Unique Stunning",32,Neutral,243,76,No,Hidden,10-01-2024,03-09-2026
RV000583,MP010,Neha Agarwal,Solo Traveller,Above 65,Other,India,21-02-2023,February,Winter,Car,Couple,Research,5,1.5,4.9,1.6,4.7,4.9,100,The Well-maintained about were eateries,Visited MP010 last Winter. The the scenic beauty was absolutely breathtaking. The the nearby eateries exceeded my expectations. We spent about 5 hours exploring. The locals were very friendly and helpful. Highly recommend this place to everyone. Well-maintained Organized Vibrant Unique,41,Positive,205,27,No,Pending,05-07-2023,02-02-2026
RV000584,MP022,Govind Singh,Student,Under 18,Other,India,04-10-2023,October,Autumn,Car,Solo,Education,3.8,4,1.5,3,2.8,5,86,Interesting Solo. the but MP022,Decent place for Solo. MP022 has its charm but the the ticketing counter was underwhelming. The surrounding area is nice. I would recommend if you have extra time. Beautiful Interesting Authentic Unique Stunning,33,Neutral,225,165,No,Published,22-10-2025,25-06-2025
RV000585,MP059,Vikram Singh,Adventure Tourist,Above 65,Other,India,20-02-2025,February,Winter,Train,Couple,Education,3.7,2.3,1.4,3.6,2.8,3.9,82,charm is underwhelming. Decent surrounding,Decent place for Couple. MP059 has its charm but the the walking trails was underwhelming. The surrounding area is nice. I would recommend if you have extra time. Interesting Authentic Well-maintained,31,Neutral,469,39,No,Hidden,22-07-2025,01-11-2026
RV000586,MP063,Emily Stone,Family Tourist,Under 18,Male,India,04-11-2025,November,Autumn,Flight,Educational Tour,Nature Exploration,2.9,1.9,1.9,2.3,3.6,3.7,54,potential though. Stunning Unique The,I visited MP063 during Autumn and it was okay. The the heritage has potential but lacks maintenance. The view is nice though. Might be better in the dry season. Stunning Unique Beautiful,32,Neutral,68,198,Yes,Pending,24-05-2024,08-09-2026
RV000587,MP058,Kiran Bhatt,Adventure Tourist,Under 18,Other,Singapore,19-07-2025,July,Monsoon,Bus,Solo,Relaxation,2,3.8,4.6,1.6,3.5,4.3,31,or which Vibrant Organized is,Very disappointing visit to MP058. The the scenic beauty is in shambles. Zero management. We encountered rude staff which spoiled our day. Avoid going on weekends or during heavy rain. Well-maintained Vibrant Beautiful Organized,34,Negative,38,105,No,Published,02-03-2025,08-02-2025
RV000588,MP057,Lara Croft,Travel Blogger,18-25,Female,India,18-03-2025,March,Spring,Bike,Friends,Photography,4.1,4.1,1.3,5,2.4,4.1,91,and a Northeast the MP057.,A wonderful trip to MP057. The the views and the surrounding hills were incredible. The facilities were well maintained. It's a hidden gem of Northeast India. Just go for it! Unique Beautiful Well-maintained Organized Stunning,35,Positive,207,94,No,Published,15-01-2023,03-06-2025
RV000589,MP030,Tongbram Singh,Solo Traveller,51-65,Other,Germany,04-08-2025,August,Monsoon,Flight,Solo,Research,2,3.1,1.8,4.2,4.4,3.8,49,counter litter views and the,Terrible experience at MP030. The the views was poorly maintained and dirty. The the ticketing counter was completely overrated. The crowd and litter ruined the vibe. Not worth the effort to travel here. Vibrant Beautiful Well-maintained Stunning Unique,38,Negative,107,148,Yes,Published,16-12-2023,08-12-2025
RV000590,MP026,Arun Kumar,Foreign Tourist,36-50,Male,United Kingdom,13-02-2024,February,Winter,Train,Solo,Photography,4.7,1.2,2.4,4.9,3.9,3.7,93,Stunning A maintained. Unique Northeast,A wonderful trip to MP026. The the views and the surrounding greenery were incredible. The facilities were well maintained. It's a hidden gem of Northeast India. Just go for it! Stunning Organized Authentic Interesting Beautiful Unique,36,Positive,386,138,Yes,Published,12-03-2024,18-01-2026
RV000591,MP045,Emily Stone,Photographer,51-65,Female,United States,20-07-2024,July,Monsoon,Taxi,Family,Sightseeing,4.9,1.5,2.9,3.1,4.5,4.9,96,were India. Unique bodies A,A wonderful trip to MP045. The the heritage and the surrounding water bodies were incredible. The facilities were well maintained. It's a hidden gem of Northeast India. Just go for it! Beautiful Unique Organized,34,Positive,24,126,No,Hidden,17-12-2024,16-09-2025
RV000592,MP013,David Thang,Foreign Tourist,Above 65,Female,India,05-10-2024,October,Autumn,Bike,Solo,Relaxation,3.6,1.9,4.5,2.9,1.8,3.4,64,is Organized culture the overpriced.,"It's an okay spot. The the scenic beauty is fine but the facilities are basic. The the restrooms was overpriced. However, the local culture around is interesting. Stunning Organized Well-maintained Authentic Beautiful Vibrant",33,Neutral,290,66,No,Hidden,12-03-2024,18-01-2025
RV000593,MP002,Ravi Shankar,Photographer,Above 65,Female,India,09-06-2023,June,Summer,Bike,Family,Festival,4.4,3.5,4.6,3.4,2.7,4.2,95,organized. for worth Stunning clean,Excellent experience at Keibul Lamjao. The the restrooms was the highlight. Very clean and organized. The entry fee is totally worth it. A must-visit for Family and nature lovers. Organized Interesting Authentic Stunning Unique Vibrant,35,Positive,204,116,No,Pending,18-11-2024,23-12-2025
RV000594,MP058,Vikram Singh,Researcher,36-50,Other,India,17-07-2023,July,Monsoon,Flight,Couple,Education,1.7,1.3,4.4,3,2.8,3.8,35,scam Vibrant which Organized or,Very disappointing visit to MP058. The the local culture is in shambles. Zero management. We encountered scam guides which spoiled our day. Avoid going on weekends or during heavy rain. Organized Unique Beautiful Vibrant Interesting Authentic,36,Negative,370,83,No,Published,03-11-2024,12-11-2026
RV000595,MP004,Laishram Devi,Researcher,Under 18,Female,India,17-05-2023,May,Summer,Car,Family,Relaxation,4.3,3.3,2.7,3,4.8,4.8,94,last The and helpful. Govindajee,Visited Govindajee Temple last Summer. The the evening aarti was absolutely breathtaking. The the nearby eateries exceeded my expectations. We spent about 4 hours exploring. The locals were very friendly and helpful. Highly recommend this place to everyone. Organized Vibrant Unique,41,Positive,85,174,No,Published,17-09-2025,06-08-2025
RV000596,MP001,John Doe,Photographer,36-50,Male,India,09-08-2024,August,Monsoon,Taxi,Solo,Festival,2.9,2,4.7,2,1.1,4.9,55,could when the nothing The,Average experience at Loktak Lake. The Loktak Lake is decent but nothing extraordinary. It is good for a one-time visit. The the walking trails could be better maintained. Not too crowded when we went. Stunning Interesting Authentic Vibrant Organized,39,Neutral,166,186,No,Published,16-06-2024,25-10-2025
RV000597,MP019,John Doe,Solo Traveller,Under 18,Male,India,24-09-2023,September,Monsoon,Bike,Solo,Relaxation,4.3,4,2.9,1.2,2,2.5,80,Just bodies The hidden water,A wonderful trip to MP019. The the local culture and the surrounding water bodies were incredible. The facilities were well maintained. It's a hidden gem of Northeast India. Just go for it! Vibrant Authentic Interesting Beautiful,36,Positive,311,27,Yes,Published,04-10-2023,18-10-2026
RV000598,MP022,Bimol Sharma,Foreign Tourist,Above 65,Female,India,02-03-2024,March,Spring,Walking,Friends,Festival,3.6,3.9,3.3,1.5,3.6,3,77,is dry lacks maintenance. visited,I visited MP022 during Spring and it was okay. The the views has potential but lacks maintenance. The view is nice though. Might be better in the dry season. Beautiful Well-maintained Unique Organized,33,Neutral,59,121,No,Pending,12-04-2023,02-04-2026
RV000599,MP036,Bimol Sharma,Solo Traveller,51-65,Female,India,12-11-2025,November,Autumn,Walking,Corporate Group,Wildlife,1.8,1.9,4.4,2.1,1.9,3.1,31,you wasting too time what,Not recommended for Corporate Group. The the restrooms was unsafe and unhygienic. The entry fees are too high for what you get. I regret wasting my time here. Unique Stunning Beautiful Organized Authentic Vibrant,34,Negative,482,129,Yes,Published,05-02-2025,21-09-2025
RV000600,MP070,Sunita Devi,Family Tourist,Above 65,Male,India,07-04-2024,April,Spring,Car,Solo,Sightseeing,2,1.9,1.6,1.3,2.8,2.2,38,here. and Stunning to ticketing,Terrible experience at MP070. The the heritage was poorly maintained and dirty. The the ticketing counter was completely overrated. The crowd and litter ruined the vibe. Not worth the effort to travel here. Well-maintained Interesting Organized Vibrant Stunning Unique,39,Negative,188,31,No,Hidden,24-03-2024,09-02-2026
RV000601,MP035,Rahul Verma,Travel Blogger,Under 18,Male,India,21-02-2023,February,Winter,Train,Corporate Group,Adventure,3.6,3.6,2.8,2.3,2.3,4.3,74,an basic. are fine It's,"It's an okay spot. The the views is fine but the facilities are basic. The the restrooms was overpriced. However, the local culture around is interesting. Beautiful Unique Organized",29,Neutral,46,39,Yes,Published,19-06-2025,15-12-2025
RV000602,MP065,Kiran Bhatt,Local Resident,18-25,Male,Singapore,23-11-2023,November,Autumn,Taxi,Couple,Photography,2.2,2.4,2.2,4.1,1.8,4.7,34,The the experience Vibrant poorly,Terrible experience at MP065. The the views was poorly maintained and dirty. The the nearby eateries was completely overrated. The crowd and litter ruined the vibe. Not worth the effort to travel here. Interesting Well-maintained Vibrant Organized,37,Negative,474,188,Yes,Pending,13-09-2024,09-01-2026
RV000603,MP015,Vikram Singh,Domestic Tourist,Under 18,Male,India,19-08-2025,August,Monsoon,Car,Family,Adventure,2.4,1.4,4,3.2,2.1,3.3,38,Terrible was counter Not The,Terrible experience at MP015. The the views was poorly maintained and dirty. The the ticketing counter was completely overrated. The crowd and litter ruined the vibe. Not worth the effort to travel here. Well-maintained Beautiful Unique Organized Authentic Stunning,39,Negative,334,184,No,Hidden,13-06-2023,02-12-2026
RV000604,MP038,Mangesh Patil,Local Resident,26-35,Male,India,03-06-2023,June,Summer,Flight,Educational Tour,Pilgrimage,1.6,1.9,2.6,3.9,2.5,3.1,22,no or to proper Manipur.,Worst tourist spot I have visited in Manipur. The the views is neglected. The road to MP038 is terrible. There is no proper signage or safety measures. Stay away! Beautiful Stunning Organized Authentic,33,Negative,120,123,Yes,Pending,21-09-2024,06-07-2026
RV000605,MP042,Rajesh Kumar,Researcher,Under 18,Other,Australia,19-02-2025,February,Winter,Flight,Solo,Education,2.4,4.1,1.1,4.8,3.3,4.8,40,scenic Beautiful encountered The our,Very disappointing visit to MP042. The the scenic beauty is in shambles. Zero management. We encountered scam guides which spoiled our day. Avoid going on weekends or during heavy rain. Authentic Unique Interesting Beautiful Stunning,35,Negative,104,157,Yes,Hidden,05-05-2023,21-06-2025
RV000606,MP023,Priya Mehra,Photographer,36-50,Female,India,13-12-2024,December,Winter,Train,Educational Tour,Sightseeing,3.6,4.9,4.2,3.4,1.5,3.4,78,it The and Interesting has,I visited MP023 during Winter and it was okay. The the heritage has potential but lacks maintenance. The view is nice though. Might be better in the dry season. Vibrant Authentic Stunning Interesting Well-maintained Unique,35,Neutral,291,63,Yes,Pending,20-08-2025,03-02-2026
RV000607,MP033,Laishram Devi,Foreign Tourist,26-35,Other,India,17-10-2024,October,Autumn,Bike,Friends,Photography,1.2,4.8,4.4,2.4,1.8,3.6,32,management. heritage encountered spoiled disappointing,Very disappointing visit to MP033. The the heritage is in shambles. Zero management. We encountered broken pathways which spoiled our day. Avoid going on weekends or during heavy rain. Beautiful Vibrant Stunning,32,Negative,205,90,No,Hidden,18-06-2025,02-07-2025
RV000608,MP005,Laishram Devi,Adventure Tourist,Above 65,Other,India,11-01-2024,January,Winter,Flight,Couple,Photography,4.9,2,1.5,3.5,3.9,1.5,94,walking the Excellent was it.,Excellent experience at Ima Keithel. The the walking trails was the highlight. Very clean and organized. The entry fee is totally worth it. A must-visit for Couple and nature lovers. Beautiful Well-maintained Organized,33,Positive,392,182,Yes,Hidden,20-03-2024,17-11-2026
RV000609,MP052,Mangesh Patil,Domestic Tourist,Above 65,Other,India,25-03-2023,March,Spring,Bus,Solo,Wildlife,1.2,4.3,2.8,4.7,3.2,4.6,27,day. to rain. on Avoid,Very disappointing visit to MP052. The the views is in shambles. Zero management. We encountered scam guides which spoiled our day. Avoid going on weekends or during heavy rain. Authentic Beautiful Unique Stunning Vibrant,34,Negative,18,113,Yes,Hidden,02-04-2025,09-04-2025
RV000610,MP010,Mangesh Patil,Domestic Tourist,Under 18,Female,Singapore,24-06-2023,June,Summer,Car,Educational Tour,Festival,4.4,3.3,1.1,2.5,4.1,2.6,95,Stunning the Well-maintained Educational highlight.,Excellent experience at MP010. The the ticketing counter was the highlight. Very clean and organized. The entry fee is totally worth it. A must-visit for Educational Tour and nature lovers. Well-maintained Organized Interesting Stunning Beautiful,35,Positive,265,42,No,Pending,08-04-2024,15-06-2026
RV000611,MP058,Mary Kom,Foreign Tourist,Under 18,Male,India,10-04-2024,April,Spring,Taxi,Educational Tour,Photography,1,3.1,1.2,4.7,1.9,1.7,17,MP058. at Not travel vibe.,Terrible experience at MP058. The the views was poorly maintained and dirty. The the ticketing counter was completely overrated. The crowd and litter ruined the vibe. Not worth the effort to travel here. Stunning Organized Vibrant,36,Negative,422,119,Yes,Pending,06-07-2024,07-03-2026
RV000612,MP001,Jennifer Laiton,Travel Blogger,26-35,Male,India,22-10-2023,October,Autumn,Flight,Family,Sightseeing,4.9,4.2,2,4,4.7,4.4,100,come Perfect Beautiful atmosphere Interesting,I had an amazing experience at Loktak Lake in October. The Loktak Lake is world-class. The atmosphere was so peaceful and relaxing. Perfect for Family. Will definitely come back again. Authentic Interesting Beautiful,33,Positive,68,112,No,Hidden,06-11-2025,18-04-2025
RV000613,MP030,Kiran Bhatt,Foreign Tourist,36-50,Other,United States,24-09-2025,September,Monsoon,Train,Corporate Group,Adventure,3.8,1.4,3.6,1.3,3.3,2,70,is have but Stunning its,Decent place for Corporate Group. MP030 has its charm but the the restrooms was underwhelming. The surrounding area is nice. I would recommend if you have extra time. Interesting Stunning Unique,31,Neutral,158,191,No,Pending,16-01-2024,07-08-2026
RV000614,MP067,Govind Singh,Family Tourist,26-35,Male,India,23-09-2025,September,Monsoon,Bus,Corporate Group,Festival,4.4,3.4,1.6,3.2,4.3,2.4,82,in I so back had,I had an amazing experience at MP067 in September. The the heritage is world-class. The atmosphere was so peaceful and relaxing. Perfect for Corporate Group. Will definitely come back again. Interesting Beautiful Authentic Organized,34,Positive,478,84,Yes,Hidden,18-05-2024,03-09-2025
RV000615,MP051,Bimol Sharma,Foreign Tourist,Above 65,Other,India,12-06-2024,June,Summer,Taxi,Friends,Relaxation,1.2,4.9,2,3.4,2.5,3.8,17,management. Authentic encountered which to,Very disappointing visit to MP051. The the local culture is in shambles. Zero management. We encountered overcrowding which spoiled our day. Avoid going on weekends or during heavy rain. Organized Stunning Authentic Beautiful Vibrant,34,Negative,324,159,No,Published,16-03-2024,03-11-2025
RV000616,MP007,Prakash Choudhary,Foreign Tourist,36-50,Other,Thailand,18-10-2025,October,Autumn,Flight,Couple,Photography,1.9,2.9,3.9,1.1,3.5,3.9,34,The was Not dirty. local,Terrible experience at MP007. The the local culture was poorly maintained and dirty. The the parking area was completely overrated. The crowd and litter ruined the vibe. Not worth the effort to travel here. Authentic Vibrant Unique Interesting Organized Beautiful,40,Negative,213,91,Yes,Hidden,15-08-2025,02-03-2026
RV000617,MP045,David Thang,Researcher,51-65,Other,India,08-05-2024,May,Summer,Train,Solo,Wildlife,3.2,4.6,1.4,4.6,2,1.7,58,is the crowded the extraordinary.,Average experience at MP045. The the scenic beauty is decent but nothing extraordinary. It is good for a one-time visit. The the ticketing counter could be better maintained. Not too crowded when we went. Beautiful Stunning Unique,37,Neutral,254,97,Yes,Hidden,11-10-2023,15-02-2026
RV000618,MP049,Rahul Verma,Adventure Tourist,Above 65,Other,India,19-10-2024,October,Autumn,Bus,Solo,Festival,2.4,1,3.1,2.3,1.5,2,40,my entry and unhygienic. Stunning,Not recommended for Solo. The the nearby eateries was unsafe and unhygienic. The entry fees are too high for what you get. I regret wasting my time here. Beautiful Stunning Unique Authentic Vibrant,33,Negative,264,57,Yes,Hidden,17-05-2024,13-05-2025
RV000619,MP019,Neha Agarwal,Local Resident,26-35,Other,India,07-02-2025,February,Winter,Taxi,Corporate Group,Festival,3.4,1.8,4.2,4.9,3.5,2.7,59,but local an overpriced. It's,"It's an okay spot. The the views is fine but the facilities are basic. The the restrooms was overpriced. However, the local culture around is interesting. Unique Organized Beautiful Stunning",30,Neutral,306,95,No,Hidden,08-01-2024,04-01-2025
RV000620,MP019,Vikram Singh,Researcher,36-50,Other,India,20-01-2025,January,Winter,Walking,Family,Photography,5,4.4,4.5,4.2,2.3,1.8,97,MP019 Authentic views world-class. Beautiful,I had an amazing experience at MP019 in January. The the views is world-class. The atmosphere was so peaceful and relaxing. Perfect for Family. Will definitely come back again. Beautiful Stunning Authentic Well-maintained Organized,34,Positive,156,72,No,Hidden,04-06-2023,09-12-2026
RV000621,MP007,Ravi Shankar,Local Resident,26-35,Other,India,06-05-2025,May,Summer,Flight,Friends,Relaxation,2.1,4.3,2.7,1.6,3.6,2.7,32,wasting high I Vibrant Well-maintained,Not recommended for Friends. The the ticketing counter was unsafe and unhygienic. The entry fees are too high for what you get. I regret wasting my time here. Vibrant Beautiful Stunning Well-maintained,32,Negative,375,50,No,Published,02-01-2024,15-03-2025
RV000622,MP048,Aisha Rahman,Solo Traveller,Under 18,Other,India,25-06-2023,June,Summer,Walking,Educational Tour,Pilgrimage,2.9,4.4,4.3,2.6,3.6,4.9,49,is experience we could the,Average experience at MP048. The the views is decent but nothing extraordinary. It is good for a one-time visit. The the parking area could be better maintained. Not too crowded when we went. Organized Beautiful Vibrant Well-maintained,37,Neutral,48,42,No,Hidden,25-01-2024,08-11-2025
RV000623,MP029,Ravi Shankar,Family Tourist,36-50,Female,United States,20-01-2025,January,Winter,Walking,Corporate Group,Nature Exploration,1.2,1,1.4,3.5,3.9,4,28,no in proper The terrible.,Worst tourist spot I have visited in Manipur. The the views is neglected. The road to MP029 is terrible. There is no proper signage or safety measures. Stay away! Unique Interesting Stunning Beautiful Organized,34,Negative,260,18,No,Hidden,15-07-2024,12-10-2025
RV000624,MP006,Rajesh Kumar,Solo Traveller,36-50,Other,Singapore,25-07-2024,July,Monsoon,Car,Friends,Sightseeing,1.9,1.4,2.1,3.4,2.1,4.9,47,during pathways Zero Authentic Organized,Very disappointing visit to MP006. The the heritage is in shambles. Zero management. We encountered broken pathways which spoiled our day. Avoid going on weekends or during heavy rain. Authentic Vibrant Stunning Interesting Organized,34,Negative,254,94,No,Published,07-01-2024,19-09-2025
RV000625,MP021,Sunita Devi,Domestic Tourist,18-25,Male,India,03-04-2023,April,Spring,Bus,Corporate Group,Adventure,4.1,2.3,1.3,2.3,3.9,4.3,90,The locals counter place Visited,Visited MP021 last Spring. The the local culture was absolutely breathtaking. The the ticketing counter exceeded my expectations. We spent about 2 hours exploring. The locals were very friendly and helpful. Highly recommend this place to everyone. Organized Beautiful Authentic,40,Positive,190,186,Yes,Pending,16-02-2025,12-10-2026
RV000626,MP003,Hidetoshi Tanaka,Researcher,26-35,Other,India,02-08-2024,August,Monsoon,Walking,Friends,Pilgrimage,2.2,3.9,2.4,2.4,2.9,2.2,34,Terrible to trails poorly travel,Terrible experience at Kangla Fort. The the historical ruins was poorly maintained and dirty. The the walking trails was completely overrated. The crowd and litter ruined the vibe. Not worth the effort to travel here. Organized Stunning Well-maintained Unique Authentic Vibrant,41,Negative,427,61,Yes,Pending,02-06-2025,11-02-2026
RV000627,MP015,Riya Das,Family Tourist,Above 65,Other,India,02-05-2024,May,Summer,Car,Family,Sightseeing,4.5,2,4.1,3.1,4,4.2,83,and Unique incredible. wonderful A,A wonderful trip to MP015. The the heritage and the surrounding water bodies were incredible. The facilities were well maintained. It's a hidden gem of Northeast India. Just go for it! Beautiful Unique Interesting Well-maintained Vibrant Authentic,37,Positive,50,67,Yes,Hidden,01-02-2025,03-02-2025
RV000628,MP039,Prakash Choudhary,Student,Under 18,Female,India,20-10-2023,October,Autumn,Train,Corporate Group,Education,1.8,4.4,2.5,3.4,3.4,3.6,36,in The or Well-maintained Interesting,Very disappointing visit to MP039. The the scenic beauty is in shambles. Zero management. We encountered overcrowding which spoiled our day. Avoid going on weekends or during heavy rain. Well-maintained Interesting Organized,32,Negative,192,169,Yes,Published,09-07-2023,21-09-2026
RV000629,MP007,Jennifer Laiton,Travel Blogger,Under 18,Female,India,04-05-2023,May,Summer,Train,Corporate Group,Nature Exploration,3.9,1.9,3.1,1.2,1.7,1.4,69,Might maintenance. season. during dry,I visited MP007 during Summer and it was okay. The the heritage has potential but lacks maintenance. The view is nice though. Might be better in the dry season. Interesting Authentic Unique,32,Neutral,381,47,Yes,Hidden,06-08-2024,12-11-2026
RV000630,MP019,Prakash Choudhary,Photographer,36-50,Other,India,02-03-2024,March,Spring,Walking,Educational Tour,Research,1.6,1.5,2.9,5,4.8,4.3,25,are unhygienic. regret what high,Not recommended for Educational Tour. The the restrooms was unsafe and unhygienic. The entry fees are too high for what you get. I regret wasting my time here. Well-maintained Stunning Authentic Vibrant Unique Beautiful,34,Negative,470,166,No,Published,25-03-2025,25-06-2025
RV000631,MP013,Emily Stone,Adventure Tourist,51-65,Male,India,24-01-2024,January,Winter,Train,Educational Tour,Festival,3.6,3.5,4.6,4,4,4.5,62,but nearby Well-maintained local is,"It's an okay spot. The the heritage is fine but the facilities are basic. The the nearby eateries was overpriced. However, the local culture around is interesting. Stunning Unique Well-maintained Interesting Authentic Vibrant",33,Neutral,44,198,Yes,Hidden,03-03-2025,16-07-2026
RV000632,MP005,Vikram Singh,Travel Blogger,Under 18,Other,India,11-01-2023,January,Winter,Walking,Educational Tour,Festival,2.2,3.6,1.7,2.8,3.5,4.3,42,safety neglected. The I road,Worst tourist spot I have visited in Manipur. The the handloom textiles is neglected. The road to Ima Keithel is terrible. There is no proper signage or safety measures. Stay away! Interesting Organized Vibrant Authentic Well-maintained Beautiful,37,Negative,338,95,Yes,Hidden,22-01-2023,01-12-2026
RV000633,MP037,David Thang,Local Resident,Above 65,Male,France,08-06-2023,June,Summer,Taxi,Friends,Research,4.6,2.1,3,1.9,3.6,3.3,97,for lovers. and entry worth,Excellent experience at MP037. The the restrooms was the highlight. Very clean and organized. The entry fee is totally worth it. A must-visit for Friends and nature lovers. Beautiful Unique Organized,31,Positive,417,36,No,Hidden,17-05-2023,07-12-2025
RV000634,MP039,Emily Stone,Travel Blogger,18-25,Male,France,21-08-2023,August,Monsoon,Train,Friends,Pilgrimage,1.8,3.5,3.5,2.1,1.7,1.6,45,the the the litter Not,Terrible experience at MP039. The the heritage was poorly maintained and dirty. The the walking trails was completely overrated. The crowd and litter ruined the vibe. Not worth the effort to travel here. Organized Beautiful Well-maintained Vibrant Stunning,38,Negative,210,46,Yes,Pending,24-03-2024,11-09-2026
RV000635,MP019,John Doe,Foreign Tourist,26-35,Female,India,19-12-2024,December,Winter,Bus,Solo,Nature Exploration,2.7,4.8,2.3,4,2.8,1.7,54,but though. culture local the,I visited MP019 during Winter and it was okay. The the local culture has potential but lacks maintenance. The view is nice though. Might be better in the dry season. Unique Vibrant Authentic Beautiful Organized,35,Neutral,104,81,No,Published,18-07-2025,06-10-2025
RV000636,MP002,Anjan Dutta,Family Tourist,36-50,Male,Malaysia,12-06-2025,June,Summer,Bike,Corporate Group,Nature Exploration,3,3,2.1,1.7,3.8,1.8,57,the place Decent its underwhelming.,Decent place for Corporate Group. Keibul Lamjao has its charm but the the restrooms was underwhelming. The surrounding area is nice. I would recommend if you have extra time. Organized Unique Authentic Beautiful Stunning,34,Neutral,23,119,Yes,Pending,10-10-2024,21-03-2025
RV000637,MP005,John Doe,Local Resident,26-35,Female,India,16-09-2025,September,Monsoon,Train,Solo,Adventure,3.7,4.4,3.8,4.2,3.9,2,76,has have recommend Keithel Interesting,Decent place for Solo. Ima Keithel has its charm but the the restrooms was underwhelming. The surrounding area is nice. I would recommend if you have extra time. Authentic Interesting Unique Organized,32,Neutral,302,30,Yes,Published,22-02-2024,03-07-2026
RV000638,MP023,Laishram Devi,Local Resident,Under 18,Male,India,09-03-2025,March,Spring,Train,Family,Education,1.3,4.7,3.9,4.1,2.3,1.9,23,proper views I is tourist,Worst tourist spot I have visited in Manipur. The the views is neglected. The road to MP023 is terrible. There is no proper signage or safety measures. Stay away! Authentic Organized Well-maintained Unique Vibrant Beautiful,35,Negative,189,15,Yes,Published,03-12-2025,06-07-2026
RV000639,MP020,John Doe,Local Resident,51-65,Female,India,18-02-2024,February,Winter,Bike,Corporate Group,Wildlife,3,1.8,4.7,1.9,4.4,2.1,70,its but charm MP020 the,Decent place for Corporate Group. MP020 has its charm but the the ticketing counter was underwhelming. The surrounding area is nice. I would recommend if you have extra time. Unique Organized Beautiful,32,Neutral,276,131,Yes,Published,08-02-2023,23-09-2025
RV000640,MP031,Prakash Choudhary,Domestic Tourist,51-65,Male,Malaysia,03-06-2024,June,Summer,Walking,Couple,Pilgrimage,1.2,1.3,1.2,2.3,3.5,4,34,in have terrible. tourist MP031,Worst tourist spot I have visited in Manipur. The the heritage is neglected. The road to MP031 is terrible. There is no proper signage or safety measures. Stay away! Well-maintained Organized Authentic Beautiful,33,Negative,28,164,Yes,Published,04-02-2023,07-08-2025
RV000641,MP053,Mangesh Patil,Local Resident,Above 65,Male,India,16-09-2024,September,Monsoon,Flight,Solo,Wildlife,3.2,4.8,2.7,3.6,4.8,1.5,61,maintenance. be nice lacks The,I visited MP053 during Monsoon and it was okay. The the scenic beauty has potential but lacks maintenance. The view is nice though. Might be better in the dry season. Vibrant Stunning Organized,33,Neutral,475,169,No,Hidden,24-05-2023,10-10-2026
RV000642,MP047,Anjan Dutta,Local Resident,18-25,Female,United States,22-04-2023,April,Spring,Bus,Corporate Group,Sightseeing,3.5,2.1,2.1,5,2.4,3.9,62,interesting. around spot. beauty the,"It's an okay spot. The the scenic beauty is fine but the facilities are basic. The the restrooms was overpriced. However, the local culture around is interesting. Beautiful Interesting Vibrant Well-maintained Unique Authentic",33,Neutral,34,76,Yes,Published,06-05-2023,22-05-2025
RV000643,MP020,Anjan Dutta,Travel Blogger,Above 65,Female,India,25-04-2023,April,Spring,Bike,Friends,Nature Exploration,5,2.1,2.1,3,2.7,1.3,95,Organized absolutely local helpful. 5,Visited MP020 last Spring. The the local culture was absolutely breathtaking. The the restrooms exceeded my expectations. We spent about 5 hours exploring. The locals were very friendly and helpful. Highly recommend this place to everyone. Organized Unique Beautiful Interesting,40,Positive,149,41,Yes,Hidden,19-05-2025,15-06-2026
RV000644,MP008,Deepika Ningthoujam,Adventure Tourist,18-25,Male,India,18-06-2024,June,Summer,Taxi,Friends,Adventure,2.6,3.9,2.3,1.4,3.3,3.2,45,"The are the However, Interesting","It's an okay spot. The the heritage is fine but the facilities are basic. The the walking trails was overpriced. However, the local culture around is interesting. Organized Interesting Well-maintained Unique Stunning",32,Neutral,329,24,No,Hidden,15-10-2023,04-12-2026
RV000645,MP008,Rahul Verma,Foreign Tourist,26-35,Male,India,05-05-2023,May,Summer,Train,Corporate Group,Sightseeing,5,3.7,1.7,4.4,4.7,3.4,100,exploring. Stunning to recommend exceeded,Visited MP008 last Summer. The the local culture was absolutely breathtaking. The the restrooms exceeded my expectations. We spent about 3 hours exploring. The locals were very friendly and helpful. Highly recommend this place to everyone. Stunning Well-maintained Unique,39,Positive,312,125,Yes,Hidden,24-05-2025,25-09-2025
RV000646,MP005,Govind Singh,Travel Blogger,18-25,Other,India,24-07-2024,July,Monsoon,Bike,Family,Sightseeing,4.2,4.6,2.5,1.5,2.8,3.5,80,I at again. handloom amazing,I had an amazing experience at Ima Keithel in July. The the handloom textiles is world-class. The atmosphere was so peaceful and relaxing. Perfect for Family. Will definitely come back again. Well-maintained Beautiful Vibrant Stunning Organized,36,Positive,3,119,Yes,Published,06-09-2023,06-05-2025
RV000647,MP017,Deepika Ningthoujam,Family Tourist,Under 18,Male,India,20-01-2023,January,Winter,Flight,Couple,Research,3.7,2.9,4.5,2.6,3.4,1.2,80,its Decent is extra place,Decent place for Couple. MP017 has its charm but the the parking area was underwhelming. The surrounding area is nice. I would recommend if you have extra time. Unique Organized Vibrant,31,Neutral,68,57,Yes,Published,12-07-2023,25-12-2026
RV000648,MP014,Kiran Bhatt,Solo Traveller,26-35,Female,India,22-05-2024,May,Summer,Car,Friends,Photography,2.6,3.8,2.8,1.3,3.9,2.2,51,Stunning but it in okay.,I visited MP014 during Summer and it was okay. The the heritage has potential but lacks maintenance. The view is nice though. Might be better in the dry season. Organized Unique Stunning Beautiful,33,Neutral,82,162,Yes,Pending,02-01-2024,10-04-2025
RV000649,MP046,Aisha Rahman,Domestic Tourist,Under 18,Male,India,18-08-2023,August,Monsoon,Walking,Solo,Festival,3.2,2.3,4.6,3.7,3.8,2.2,60,view has is lacks in,I visited MP046 during Monsoon and it was okay. The the scenic beauty has potential but lacks maintenance. The view is nice though. Might be better in the dry season. Organized Vibrant Interesting,33,Neutral,24,163,Yes,Hidden,10-01-2025,25-05-2025
RV000650,MP044,Emily Stone,Researcher,Under 18,Male,India,08-10-2024,October,Autumn,Car,Educational Tour,Education,1.3,1.5,4.3,3.3,3.5,4.9,30,worth Beautiful The Well-maintained Not,Terrible experience at MP044. The the local culture was poorly maintained and dirty. The the ticketing counter was completely overrated. The crowd and litter ruined the vibe. Not worth the effort to travel here. Stunning Interesting Beautiful Unique Well-maintained,39,Negative,419,189,Yes,Pending,17-08-2024,23-05-2026
RV000651,MP040,Sanjay Leela,Researcher,Under 18,Male,Germany,08-07-2023,July,Monsoon,Taxi,Corporate Group,Wildlife,3.2,2.7,2.4,2.6,4.4,3.1,71,visit. scenic the too good,Average experience at MP040. The the scenic beauty is decent but nothing extraordinary. It is good for a one-time visit. The the ticketing counter could be better maintained. Not too crowded when we went. Well-maintained Interesting Stunning Organized Authentic,39,Neutral,197,10,Yes,Published,10-09-2023,02-12-2025
RV000652,MP048,Kiran Bhatt,Solo Traveller,51-65,Male,Malaysia,15-04-2024,April,Spring,Bike,Corporate Group,Education,3,1.7,1.8,1.4,1.5,2.2,63,Spring nice the during it,I visited MP048 during Spring and it was okay. The the views has potential but lacks maintenance. The view is nice though. Might be better in the dry season. Stunning Beautiful Organized Unique Vibrant Well-maintained,35,Neutral,227,4,Yes,Hidden,21-01-2025,09-09-2026
RV000653,MP035,Rahul Verma,Researcher,36-50,Other,India,03-07-2025,July,Monsoon,Walking,Friends,Education,3.5,4.8,3.6,4,4.2,3.1,80,nothing parking Beautiful Organized at,Average experience at MP035. The the scenic beauty is decent but nothing extraordinary. It is good for a one-time visit. The the parking area could be better maintained. Not too crowded when we went. Well-maintained Interesting Authentic Stunning Beautiful Organized,40,Neutral,375,116,Yes,Published,16-04-2025,11-04-2025
RV000654,MP035,Lara Croft,Foreign Tourist,26-35,Other,United Kingdom,20-06-2023,June,Summer,Taxi,Solo,Sightseeing,1.4,4.6,3.9,2.3,3.6,1.9,26,what my unhygienic. time I,Not recommended for Solo. The the ticketing counter was unsafe and unhygienic. The entry fees are too high for what you get. I regret wasting my time here. Stunning Vibrant Beautiful Well-maintained,32,Negative,357,179,Yes,Pending,20-05-2025,22-05-2025
RV000655,MP006,Tongbram Singh,Solo Traveller,26-35,Female,India,12-10-2024,October,Autumn,Bike,Family,Festival,2.5,3,1.3,1.1,3.2,3.1,58,beauty The Beautiful Authentic Well-maintained,"It's an okay spot. The the scenic beauty is fine but the facilities are basic. The the restrooms was overpriced. However, the local culture around is interesting. Interesting Unique Stunning Well-maintained Authentic Beautiful",33,Negative,57,69,Yes,Pending,22-08-2024,21-07-2025
RV000656,MP001,Moirangthem,Travel Blogger,Under 18,Male,India,01-04-2023,April,Spring,Bus,Solo,Photography,3.1,1.3,4.7,2.5,2.5,1.8,61,dry it though. has Loktak,I visited Loktak Lake during Spring and it was okay. The Loktak Lake has potential but lacks maintenance. The view is nice though. Might be better in the dry season. Interesting Authentic Stunning Organized Beautiful,35,Neutral,40,165,No,Published,16-08-2023,10-01-2025
RV000657,MP020,Tongbram Singh,Researcher,Above 65,Female,India,03-02-2023,February,Winter,Walking,Educational Tour,Pilgrimage,4,1.2,4.4,3.6,3.5,4.3,83,incredible. of Northeast urban the,A wonderful trip to MP020. The the local culture and the surrounding urban skyline were incredible. The facilities were well maintained. It's a hidden gem of Northeast India. Just go for it! Beautiful Authentic Well-maintained Unique Interesting,37,Positive,405,127,Yes,Published,21-11-2024,09-05-2025
RV000658,MP059,David Thang,Travel Blogger,Above 65,Other,Thailand,05-06-2025,June,Summer,Bike,Corporate Group,Adventure,1.7,4.1,3.1,2.6,4.9,4.8,25,Authentic tourist local away! Beautiful,Worst tourist spot I have visited in Manipur. The the local culture is neglected. The road to MP059 is terrible. There is no proper signage or safety measures. Stay away! Unique Beautiful Organized Authentic Interesting Stunning,36,Negative,346,10,Yes,Published,09-03-2023,13-10-2025
RV000659,MP009,Mary Kom,Photographer,Above 65,Female,India,13-05-2023,May,Summer,Walking,Couple,Photography,4.3,4.3,2.1,3.5,3.3,4,95,nature The experience ticketing counter,Excellent experience at MP009. The the ticketing counter was the highlight. Very clean and organized. The entry fee is totally worth it. A must-visit for Couple and nature lovers. Authentic Beautiful Stunning Unique Vibrant Well-maintained,35,Positive,228,164,No,Published,14-09-2023,08-04-2026
RV000660,MP007,Aisha Rahman,Student,Under 18,Other,India,17-12-2024,December,Winter,Train,Friends,Festival,4,3.3,4,4.8,2.2,4.2,76,worth fee Very Authentic nature,Excellent experience at MP007. The the walking trails was the highlight. Very clean and organized. The entry fee is totally worth it. A must-visit for Friends and nature lovers. Vibrant Well-maintained Stunning Organized Authentic Interesting,35,Positive,91,46,No,Hidden,23-03-2025,05-04-2025
RV000661,MP015,Jennifer Laiton,Solo Traveller,Under 18,Male,India,16-04-2023,April,Spring,Walking,Corporate Group,Research,3.6,2.2,4.9,1.3,1,4.1,68,the crowded but views could,Average experience at MP015. The the views is decent but nothing extraordinary. It is good for a one-time visit. The the nearby eateries could be better maintained. Not too crowded when we went. Interesting Well-maintained Stunning Beautiful Organized Authentic,39,Neutral,131,180,Yes,Published,12-07-2023,21-02-2025
RV000662,MP004,Laishram Devi,Local Resident,18-25,Female,Singapore,20-06-2023,June,Summer,Car,Solo,Education,5,1.9,1,4.5,1.3,2.5,98,for Perfect relaxing. peaceful Vibrant,I had an amazing experience at Govindajee Temple in June. The Govindajee Temple is world-class. The atmosphere was so peaceful and relaxing. Perfect for Solo. Will definitely come back again. Unique Interesting Authentic Well-maintained Vibrant,35,Positive,183,68,No,Pending,11-12-2023,02-06-2026
RV000663,MP046,Jennifer Laiton,Student,36-50,Male,India,25-11-2023,November,Autumn,Walking,Family,Relaxation,1.9,1.1,2.4,1.1,4.9,3.1,43,in is road Stay neglected.,Worst tourist spot I have visited in Manipur. The the views is neglected. The road to MP046 is terrible. There is no proper signage or safety measures. Stay away! Interesting Authentic Vibrant Unique Organized,34,Negative,164,93,No,Hidden,05-04-2023,07-05-2026
RV000664,MP068,Laishram Devi,Travel Blogger,26-35,Female,Singapore,13-11-2024,November,Autumn,Bike,Solo,Sightseeing,4.2,1.5,3.7,1.4,5,4.8,90,maintained. skyline it! the Just,A wonderful trip to MP068. The the heritage and the surrounding urban skyline were incredible. The facilities were well maintained. It's a hidden gem of Northeast India. Just go for it! Well-maintained Beautiful Authentic Stunning,35,Positive,82,67,No,Published,17-05-2025,18-06-2025
RV000665,MP042,Rajesh Kumar,Family Tourist,18-25,Other,India,22-03-2025,March,Spring,Flight,Family,Relaxation,4.7,1.8,3,4.1,3.8,2.5,100,exceeded and very spent this,Visited MP042 last Spring. The the local culture was absolutely breathtaking. The the ticketing counter exceeded my expectations. We spent about 5 hours exploring. The locals were very friendly and helpful. Highly recommend this place to everyone. Well-maintained Interesting Authentic Stunning,41,Positive,272,152,Yes,Pending,07-11-2023,09-12-2026
RV000666,MP011,Sunita Devi,Domestic Tourist,Above 65,Other,India,02-02-2023,February,Winter,Flight,Solo,Research,2.7,4.7,3.7,2.8,2.3,3.5,50,have I has place for,Decent place for Solo. MP011 has its charm but the the ticketing counter was underwhelming. The surrounding area is nice. I would recommend if you have extra time. Vibrant Well-maintained Authentic,31,Neutral,494,109,No,Hidden,23-05-2025,12-04-2025
RV000667,MP059,Deepika Ningthoujam,Photographer,26-35,Female,India,05-02-2025,February,Winter,Car,Corporate Group,Nature Exploration,1,1.3,4.9,4.9,3.1,3.6,13,here. high time get. fees,Not recommended for Corporate Group. The the nearby eateries was unsafe and unhygienic. The entry fees are too high for what you get. I regret wasting my time here. Interesting Beautiful Well-maintained,32,Negative,130,51,Yes,Published,07-08-2024,05-08-2026
RV000668,MP035,Sonam Wangdi,Domestic Tourist,26-35,Other,India,08-06-2023,June,Summer,Flight,Corporate Group,Education,1.7,2.5,1.9,1.5,3.1,4.8,31,was entry Group. here. what,Not recommended for Corporate Group. The the parking area was unsafe and unhygienic. The entry fees are too high for what you get. I regret wasting my time here. Interesting Unique Vibrant Well-maintained Beautiful Organized,35,Negative,279,81,No,Published,05-03-2025,01-09-2025
RV000669,MP020,Ravi Shankar,Researcher,Under 18,Male,India,20-09-2023,September,Monsoon,Taxi,Corporate Group,Photography,2.6,2.2,3.8,2.5,4.4,3.2,44,has was and better in,I visited MP020 during Monsoon and it was okay. The the local culture has potential but lacks maintenance. The view is nice though. Might be better in the dry season. Organized Beautiful Unique Vibrant Stunning,35,Neutral,318,94,Yes,Published,07-06-2023,11-01-2025
RV000670,MP041,Mary Kom,Family Tourist,51-65,Other,India,25-12-2023,December,Winter,Flight,Corporate Group,Wildlife,3,4,3.6,5,4.2,1.5,52,Corporate underwhelming. nearby the Decent,Decent place for Corporate Group. MP041 has its charm but the the nearby eateries was underwhelming. The surrounding area is nice. I would recommend if you have extra time. Authentic Unique Interesting Organized Beautiful,34,Neutral,142,41,No,Published,07-02-2025,05-12-2025
RV000671,MP025,Vikram Singh,Researcher,51-65,Male,India,24-02-2023,February,Winter,Walking,Solo,Wildlife,2.2,3.3,2.8,3.2,3.1,1.3,43,entry I here. regret Solo.,Not recommended for Solo. The the walking trails was unsafe and unhygienic. The entry fees are too high for what you get. I regret wasting my time here. Interesting Beautiful Organized Authentic Vibrant Stunning,34,Negative,213,58,Yes,Published,25-11-2024,04-07-2026
RV000672,MP007,Rahul Verma,Domestic Tourist,Above 65,Female,India,25-11-2023,November,Autumn,Bike,Educational Tour,Wildlife,1.6,2.5,4.5,2.8,1.5,5,40,the visited The terrible. or,Worst tourist spot I have visited in Manipur. The the local culture is neglected. The road to MP007 is terrible. There is no proper signage or safety measures. Stay away! Stunning Authentic Organized Unique Beautiful,35,Negative,446,167,No,Pending,10-07-2025,02-01-2026
RV000673,MP020,Govind Singh,Student,Above 65,Other,India,16-08-2024,August,Monsoon,Flight,Solo,Pilgrimage,1.8,1.1,1.9,4.6,2.8,2.1,42,staff scenic to Very Zero,Very disappointing visit to MP020. The the scenic beauty is in shambles. Zero management. We encountered rude staff which spoiled our day. Avoid going on weekends or during heavy rain. Well-maintained Stunning Beautiful,33,Negative,332,160,Yes,Pending,08-07-2023,18-01-2026
RV000674,MP046,Sunita Devi,Foreign Tourist,Above 65,Female,Thailand,17-11-2025,November,Autumn,Walking,Educational Tour,Pilgrimage,4.7,2,1.2,1.1,2.9,1.6,100,eateries Vibrant for fee The,Excellent experience at MP046. The the nearby eateries was the highlight. Very clean and organized. The entry fee is totally worth it. A must-visit for Educational Tour and nature lovers. Vibrant Stunning Unique,33,Positive,461,190,Yes,Pending,06-02-2023,12-09-2025
RV000675,MP009,Sanjay Leela,Student,26-35,Male,Germany,25-10-2023,October,Autumn,Car,Friends,Sightseeing,2.3,5,4.8,1.8,4.1,1.3,48,safety The Interesting There measures.,Worst tourist spot I have visited in Manipur. The the scenic beauty is neglected. The road to MP009 is terrible. There is no proper signage or safety measures. Stay away! Well-maintained Organized Interesting,33,Negative,180,71,No,Pending,24-07-2024,04-10-2025
RV000676,MP004,David Thang,Student,36-50,Other,Malaysia,07-10-2025,October,Autumn,Walking,Solo,Adventure,4.9,1.2,5,4.1,1.5,3,92,eateries Autumn. locals was this,Visited Govindajee Temple last Autumn. The the evening aarti was absolutely breathtaking. The the nearby eateries exceeded my expectations. We spent about 5 hours exploring. The locals were very friendly and helpful. Highly recommend this place to everyone. Unique Stunning Organized Interesting Beautiful Authentic,44,Positive,226,175,Yes,Pending,16-02-2025,19-06-2025
RV000677,MP009,Sita Devi,Photographer,36-50,Male,India,05-03-2023,March,Spring,Flight,Educational Tour,Relaxation,1.9,2.3,2.8,2.1,3.9,2.3,39,MP009. rain. Very going garbage,Very disappointing visit to MP009. The the local culture is in shambles. Zero management. We encountered heavy garbage which spoiled our day. Avoid going on weekends or during heavy rain. Organized Beautiful Unique,33,Negative,275,14,No,Pending,15-07-2024,04-10-2025
RV000678,MP019,Rahul Verma,Family Tourist,18-25,Female,India,07-09-2024,September,Monsoon,Bike,Friends,Photography,2.1,1.4,1,1.4,3.6,3.4,45,away! MP019 scenic Stay safety,Worst tourist spot I have visited in Manipur. The the scenic beauty is neglected. The road to MP019 is terrible. There is no proper signage or safety measures. Stay away! Vibrant Organized Unique Authentic,34,Negative,5,56,No,Published,04-06-2025,16-12-2025
RV000679,MP039,Jennifer Laiton,Adventure Tourist,Above 65,Female,India,08-10-2025,October,Autumn,Bike,Friends,Relaxation,4.2,4.8,3.2,1.5,2.8,3.7,83,Interesting experience is beauty at,I had an amazing experience at MP039 in October. The the scenic beauty is world-class. The atmosphere was so peaceful and relaxing. Perfect for Friends. Will definitely come back again. Well-maintained Interesting Authentic,33,Positive,218,199,No,Pending,01-08-2023,07-02-2026
RV000680,MP014,Neha Agarwal,Travel Blogger,Above 65,Female,India,20-05-2025,May,Summer,Bus,Corporate Group,Adventure,5,1.7,2.9,4.2,3.5,3.3,100,the were The greenery Unique,A wonderful trip to MP014. The the heritage and the surrounding greenery were incredible. The facilities were well maintained. It's a hidden gem of Northeast India. Just go for it! Unique Authentic Well-maintained,33,Positive,417,59,No,Pending,22-02-2023,24-12-2026
RV000681,MP038,Bimol Sharma,Travel Blogger,Under 18,Female,Japan,21-09-2024,September,Monsoon,Train,Corporate Group,Education,2.1,3.2,5,4.3,4.2,4.1,37,high Stunning entry wasting my,Not recommended for Corporate Group. The the nearby eateries was unsafe and unhygienic. The entry fees are too high for what you get. I regret wasting my time here. Well-maintained Stunning Authentic Vibrant Organized,34,Negative,8,73,No,Pending,03-06-2024,09-12-2026
RV000682,MP069,Mary Kom,Domestic Tourist,51-65,Other,India,11-09-2025,September,Monsoon,Bus,Couple,Relaxation,1,3.5,2.6,1.8,1.2,2.1,10,Stay road proper tourist in,Worst tourist spot I have visited in Manipur. The the heritage is neglected. The road to MP069 is terrible. There is no proper signage or safety measures. Stay away! Organized Unique Beautiful,32,Negative,233,1,No,Published,16-04-2024,08-05-2025
RV000683,MP009,Aisha Rahman,Photographer,26-35,Female,India,06-06-2025,June,Summer,Car,Educational Tour,Nature Exploration,3.1,2.1,4.2,1.2,4.7,1.9,59,interesting. the The fine Interesting,"It's an okay spot. The the views is fine but the facilities are basic. The the walking trails was overpriced. However, the local culture around is interesting. Authentic Well-maintained Interesting Organized Stunning Beautiful",33,Neutral,72,195,Yes,Pending,10-07-2023,21-01-2025
RV000684,MP038,Laishram Devi,Student,36-50,Male,India,03-12-2024,December,Winter,Walking,Friends,Relaxation,4.4,1.3,1.2,3.4,2.9,3.8,95,The locals The Unique Highly,Visited MP038 last Winter. The the local culture was absolutely breathtaking. The the restrooms exceeded my expectations. We spent about 5 hours exploring. The locals were very friendly and helpful. Highly recommend this place to everyone. Interesting Beautiful Well-maintained Organized Unique,41,Positive,165,95,No,Pending,16-02-2025,01-06-2026
RV000685,MP003,Arun Kumar,Domestic Tourist,26-35,Male,Germany,11-11-2023,November,Autumn,Car,Solo,Research,5,2.6,4.5,3.2,2.6,4.9,100,at gateways atmosphere in again.,I had an amazing experience at Kangla Fort in November. The the royal gateways is world-class. The atmosphere was so peaceful and relaxing. Perfect for Solo. Will definitely come back again. Organized Unique Vibrant,34,Positive,264,152,Yes,Pending,04-11-2023,04-12-2026
RV000686,MP042,Emily Stone,Travel Blogger,18-25,Other,India,16-09-2024,September,Monsoon,Bus,Couple,Pilgrimage,2.7,1.9,2.8,2.7,4.9,3.1,62,Unique has Stunning visited okay.,I visited MP042 during Monsoon and it was okay. The the local culture has potential but lacks maintenance. The view is nice though. Might be better in the dry season. Unique Organized Authentic Beautiful Stunning,35,Neutral,274,47,No,Pending,14-01-2024,07-07-2025
RV000687,MP004,Mangesh Patil,Researcher,Under 18,Male,India,14-05-2023,May,Summer,Bus,Solo,Relaxation,2.2,3.4,2.3,2.7,3,4.9,43,is heavy Organized disappointing visit,Very disappointing visit to Govindajee Temple. The the evening aarti is in shambles. Zero management. We encountered rude staff which spoiled our day. Avoid going on weekends or during heavy rain. Vibrant Stunning Organized,34,Negative,211,24,Yes,Published,23-04-2025,24-12-2026
RV000688,MP068,Neha Agarwal,Solo Traveller,Above 65,Male,India,24-10-2025,October,Autumn,Walking,Solo,Relaxation,2.7,4.5,2.1,3.8,2,1.7,50,are overpriced. spot. interesting. Vibrant,"It's an okay spot. The the views is fine but the facilities are basic. The the nearby eateries was overpriced. However, the local culture around is interesting. Stunning Authentic Interesting Vibrant Unique",32,Neutral,221,177,No,Hidden,06-09-2023,12-08-2026
RV000689,MP041,Hidetoshi Tanaka,Student,26-35,Male,India,25-10-2025,October,Autumn,Walking,Friends,Pilgrimage,4.5,2.6,2.6,1.5,3.6,3.8,84,the Friends. Will is definitely,I had an amazing experience at MP041 in October. The the scenic beauty is world-class. The atmosphere was so peaceful and relaxing. Perfect for Friends. Will definitely come back again. Interesting Authentic Vibrant,33,Positive,22,130,No,Hidden,14-11-2023,15-04-2026
RV000690,MP006,John Doe,Family Tourist,Above 65,Other,India,03-11-2025,November,Autumn,Taxi,Friends,Relaxation,2.9,4.7,1.9,4.2,4.4,1.4,63,eateries would the its The,Decent place for Friends. MP006 has its charm but the the nearby eateries was underwhelming. The surrounding area is nice. I would recommend if you have extra time. Authentic Organized Unique Stunning Vibrant,33,Neutral,342,164,Yes,Published,14-12-2023,17-04-2025
RV000691,MP056,Mangesh Patil,Adventure Tourist,51-65,Female,United States,04-10-2025,October,Autumn,Train,Solo,Sightseeing,1.3,3.7,1.6,2.1,4.2,2.4,16,The Unique dirty. the Interesting,Terrible experience at MP056. The the scenic beauty was poorly maintained and dirty. The the nearby eateries was completely overrated. The crowd and litter ruined the vibe. Not worth the effort to travel here. Unique Interesting Well-maintained,37,Negative,154,46,Yes,Hidden,13-05-2023,19-07-2025
RV000692,MP016,Sunita Devi,Student,51-65,Other,Thailand,06-09-2024,September,Monsoon,Walking,Corporate Group,Festival,1.7,1.1,4.8,1.7,3.3,4.9,32,overrated. here. litter Well-maintained The,Terrible experience at MP016. The the heritage was poorly maintained and dirty. The the walking trails was completely overrated. The crowd and litter ruined the vibe. Not worth the effort to travel here. Well-maintained Beautiful Organized Unique Stunning,38,Negative,128,39,No,Pending,04-12-2025,09-12-2025
RV000693,MP030,Prakash Choudhary,Family Tourist,18-25,Female,India,04-08-2023,August,Monsoon,Flight,Educational Tour,Pilgrimage,2.2,4,4.7,4.7,2.6,2.6,51,for recommended too here. you,Not recommended for Educational Tour. The the parking area was unsafe and unhygienic. The entry fees are too high for what you get. I regret wasting my time here. Vibrant Stunning Authentic Interesting Well-maintained Unique,35,Negative,132,75,Yes,Published,15-07-2025,05-06-2026
RV000694,MP009,Mary Kom,Student,Above 65,Male,India,05-08-2024,August,Monsoon,Train,Solo,Wildlife,3.1,1.7,4.6,3.6,1.8,2.4,70,parking recommend I Decent Solo.,Decent place for Solo. MP009 has its charm but the the parking area was underwhelming. The surrounding area is nice. I would recommend if you have extra time. Stunning Beautiful Well-maintained Interesting Authentic,33,Neutral,403,106,No,Published,18-07-2024,05-07-2025
RV000695,MP014,Sunita Devi,Adventure Tourist,51-65,Other,India,08-08-2024,August,Monsoon,Car,Family,Relaxation,5,3.5,4.1,4.1,3.3,3.7,100,A totally the must-visit fee,Excellent experience at MP014. The the walking trails was the highlight. Very clean and organized. The entry fee is totally worth it. A must-visit for Family and nature lovers. Vibrant Authentic Unique,32,Positive,248,31,Yes,Published,17-12-2023,15-10-2026
RV000696,MP036,Sunita Devi,Student,Under 18,Other,India,05-11-2024,November,Autumn,Walking,Solo,Research,2.8,2.8,3.1,4,1.1,3.7,51,Decent Solo. nearby eateries would,Decent place for Solo. MP036 has its charm but the the nearby eateries was underwhelming. The surrounding area is nice. I would recommend if you have extra time. Vibrant Organized Stunning,31,Neutral,77,86,Yes,Pending,19-04-2023,05-12-2025
RV000697,MP050,Sanjay Leela,Foreign Tourist,18-25,Male,Thailand,18-01-2025,January,Winter,Bus,Educational Tour,Photography,3,3.4,4.4,1.1,4.4,3,59,is place area underwhelming. time.,Decent place for Educational Tour. MP050 has its charm but the the parking area was underwhelming. The surrounding area is nice. I would recommend if you have extra time. Beautiful Authentic Stunning Unique,33,Neutral,462,69,No,Published,23-02-2024,07-04-2025
RV000698,MP014,Neha Agarwal,Student,26-35,Female,India,01-01-2023,January,Winter,Walking,Corporate Group,Festival,2.6,1.7,4.5,1.9,1.8,2.9,59,The at visit. heritage Average,Average experience at MP014. The the heritage is decent but nothing extraordinary. It is good for a one-time visit. The the walking trails could be better maintained. Not too crowded when we went. Stunning Beautiful Interesting,36,Neutral,253,21,Yes,Published,13-11-2025,12-12-2025
RV000699,MP013,Govind Singh,Student,36-50,Female,India,05-09-2025,September,Monsoon,Train,Friends,Adventure,3.5,1.7,2.6,4.1,1.4,3.1,78,local is is interesting. Authentic,"It's an okay spot. The the scenic beauty is fine but the facilities are basic. The the parking area was overpriced. However, the local culture around is interesting. Authentic Organized Stunning Vibrant Unique Beautiful",34,Neutral,293,183,No,Published,06-08-2023,09-06-2025
RV000700,MP062,Ravi Shankar,Family Tourist,Above 65,Male,India,02-05-2024,May,Summer,Bus,Family,Relaxation,1.2,3.3,2.1,4.4,4.9,3.8,18,road Stay is to proper,Worst tourist spot I have visited in Manipur. The the views is neglected. The road to MP062 is terrible. There is no proper signage or safety measures. Stay away! Authentic Beautiful Interesting,32,Negative,15,34,No,Published,16-05-2024,15-08-2025
RV000701,MP011,Anjan Dutta,Travel Blogger,Under 18,Female,India,04-08-2023,August,Monsoon,Train,Couple,Research,4.6,4.4,4.2,4.4,1.6,4,90,Visited exceeded Authentic everyone. to,Visited MP011 last Monsoon. The the heritage was absolutely breathtaking. The the ticketing counter exceeded my expectations. We spent about 2 hours exploring. The locals were very friendly and helpful. Highly recommend this place to everyone. Well-maintained Vibrant Beautiful Authentic Unique,41,Positive,83,32,Yes,Hidden,12-04-2023,01-08-2025
RV000702,MP009,Arun Kumar,Family Tourist,36-50,Female,India,08-02-2024,February,Winter,Bike,Educational Tour,Pilgrimage,3.8,4.4,4.6,2.6,2.1,3.7,67,area interesting. was It's around,"It's an okay spot. The the scenic beauty is fine but the facilities are basic. The the parking area was overpriced. However, the local culture around is interesting. Organized Authentic Interesting Vibrant Well-maintained",33,Neutral,365,9,Yes,Hidden,04-09-2023,24-03-2026
RV000703,MP050,Laishram Devi,Student,Under 18,Male,India,18-02-2023,February,Winter,Flight,Educational Tour,Wildlife,4.2,4.1,1.1,1.4,4.5,4.6,74,culture India. were for and,A wonderful trip to MP050. The the local culture and the surrounding urban skyline were incredible. The facilities were well maintained. It's a hidden gem of Northeast India. Just go for it! Authentic Vibrant Organized Well-maintained,36,Positive,104,157,No,Pending,14-11-2024,22-10-2025
RV000704,MP023,Bimol Sharma,Student,26-35,Female,India,18-11-2024,November,Autumn,Flight,Educational Tour,Sightseeing,4,1.1,4.3,2.5,1.5,4.9,82,Visited Stunning very We locals,Visited MP023 last Autumn. The the heritage was absolutely breathtaking. The the ticketing counter exceeded my expectations. We spent about 4 hours exploring. The locals were very friendly and helpful. Highly recommend this place to everyone. Stunning Unique Well-maintained Organized Authentic Beautiful,42,Positive,141,58,No,Hidden,08-01-2023,11-07-2025
RV000705,MP014,Mary Kom,Student,26-35,Female,India,16-06-2023,June,Summer,Walking,Family,Nature Exploration,3.1,4.7,2.6,2,1.4,4.5,52,Interesting spot. Organized Vibrant ticketing,"It's an okay spot. The the views is fine but the facilities are basic. The the ticketing counter was overpriced. However, the local culture around is interesting. Interesting Well-maintained Vibrant Beautiful Unique Organized",33,Neutral,382,18,Yes,Pending,05-09-2024,13-04-2025
RV000706,MP054,John Doe,Local Resident,26-35,Male,India,03-07-2024,July,Monsoon,Bus,Friends,Wildlife,3.7,2.6,2.8,5,4.2,1.8,71,MP054 Interesting Vibrant nice. area,Decent place for Friends. MP054 has its charm but the the parking area was underwhelming. The surrounding area is nice. I would recommend if you have extra time. Well-maintained Vibrant Interesting,31,Neutral,459,96,No,Published,05-05-2024,11-07-2026
RV000707,MP013,Vikram Singh,Student,Above 65,Male,India,12-06-2025,June,Summer,Bus,Friends,Relaxation,4.9,2.2,3.5,3.1,2.5,4.7,99,gem were facilities Authentic MP013.,A wonderful trip to MP013. The the views and the surrounding hills were incredible. The facilities were well maintained. It's a hidden gem of Northeast India. Just go for it! Well-maintained Authentic Unique Vibrant Beautiful,35,Positive,41,183,No,Hidden,13-12-2024,21-01-2025
RV000708,MP014,David Thang,Adventure Tourist,18-25,Female,India,15-07-2024,July,Monsoon,Bike,Solo,Pilgrimage,2.3,2,1.6,2,2.5,4.4,54,There is I proper safety,Worst tourist spot I have visited in Manipur. The the heritage is neglected. The road to MP014 is terrible. There is no proper signage or safety measures. Stay away! Well-maintained Organized Unique,32,Negative,90,71,No,Pending,25-06-2024,12-06-2025
RV000709,MP042,Rahul Verma,Local Resident,Above 65,Other,India,13-12-2025,December,Winter,Bus,Couple,Education,1.9,3,4.7,1.2,1,3.1,41,maintained the to ruined travel,Terrible experience at MP042. The the local culture was poorly maintained and dirty. The the ticketing counter was completely overrated. The crowd and litter ruined the vibe. Not worth the effort to travel here. Unique Stunning Interesting Beautiful Well-maintained Vibrant,40,Negative,29,198,No,Published,25-08-2025,19-02-2026
RV000710,MP010,Laishram Devi,Photographer,51-65,Other,India,16-05-2024,May,Summer,Taxi,Solo,Photography,2.4,1.2,3.7,4.1,1.2,4.3,49,in The I is road,Worst tourist spot I have visited in Manipur. The the views is neglected. The road to MP010 is terrible. There is no proper signage or safety measures. Stay away! Well-maintained Authentic Stunning,32,Negative,284,185,Yes,Pending,17-01-2023,12-10-2026
RV000711,MP036,Lara Croft,Photographer,Above 65,Female,India,12-03-2024,March,Spring,Train,Friends,Photography,5,3.2,1.7,1.2,1.3,3.9,100,Northeast heritage go well were,A wonderful trip to MP036. The the heritage and the surrounding greenery were incredible. The facilities were well maintained. It's a hidden gem of Northeast India. Just go for it! Unique Beautiful Vibrant Well-maintained,34,Positive,138,192,No,Pending,16-02-2025,10-04-2025
RV000712,MP004,Arun Kumar,Adventure Tourist,Under 18,Other,Thailand,19-09-2025,September,Monsoon,Taxi,Corporate Group,Pilgrimage,4.5,3.4,4.5,3,2.1,2.4,91,about nearby were very exploring.,Visited Govindajee Temple last Monsoon. The Govindajee Temple was absolutely breathtaking. The the nearby eateries exceeded my expectations. We spent about 2 hours exploring. The locals were very friendly and helpful. Highly recommend this place to everyone. Authentic Unique Stunning,40,Positive,490,96,No,Hidden,05-11-2024,01-05-2025
RV000713,MP043,John Doe,Family Tourist,Under 18,Female,India,08-07-2024,July,Monsoon,Bike,Solo,Festival,1.9,4.6,2,5,2.3,4.2,37,my Stunning recommended Organized counter,Not recommended for Solo. The the ticketing counter was unsafe and unhygienic. The entry fees are too high for what you get. I regret wasting my time here. Organized Beautiful Stunning Interesting Vibrant,33,Negative,197,43,Yes,Hidden,19-07-2025,21-10-2025
RV000714,MP032,Tongbram Singh,Researcher,18-25,Female,Malaysia,21-12-2025,December,Winter,Bus,Solo,Festival,3.4,4.7,3.1,4.1,4.1,3.3,68,maintenance. it season. and view,I visited MP032 during Winter and it was okay. The the scenic beauty has potential but lacks maintenance. The view is nice though. Might be better in the dry season. Vibrant Interesting Well-maintained,33,Neutral,25,33,Yes,Hidden,21-03-2025,14-04-2025
RV000715,MP044,Tongbram Singh,Photographer,Above 65,Female,India,09-04-2024,April,Spring,Taxi,Couple,Wildlife,3,1.6,4.4,3.7,3.6,4.9,65,the Stunning you Decent restrooms,Decent place for Couple. MP044 has its charm but the the restrooms was underwhelming. The surrounding area is nice. I would recommend if you have extra time. Organized Authentic Unique Stunning Interesting Beautiful,33,Neutral,250,8,Yes,Published,19-04-2024,24-01-2025
RV000716,MP013,Prakash Choudhary,Travel Blogger,Under 18,Male,India,09-01-2024,January,Winter,Car,Family,Relaxation,4.4,4.3,4,3.9,2.5,4,86,greenery surrounding well culture of,A wonderful trip to MP013. The the local culture and the surrounding greenery were incredible. The facilities were well maintained. It's a hidden gem of Northeast India. Just go for it! Interesting Well-maintained Organized,34,Positive,367,3,Yes,Published,22-08-2023,21-12-2026
RV000717,MP066,Mary Kom,Travel Blogger,36-50,Other,India,01-03-2024,March,Spring,Walking,Corporate Group,Nature Exploration,4.1,4.2,2.8,2.5,4.1,1.7,82,the nature The MP066. Vibrant,Excellent experience at MP066. The the parking area was the highlight. Very clean and organized. The entry fee is totally worth it. A must-visit for Corporate Group and nature lovers. Vibrant Beautiful Well-maintained Authentic,34,Positive,203,83,No,Hidden,13-09-2023,20-10-2026
RV000718,MP032,Govind Singh,Foreign Tourist,26-35,Male,India,17-11-2024,November,Autumn,Flight,Friends,Research,1.9,4.8,4.4,3.2,4.6,3.7,35,visited to safety road Worst,Worst tourist spot I have visited in Manipur. The the scenic beauty is neglected. The road to MP032 is terrible. There is no proper signage or safety measures. Stay away! Organized Authentic Unique Stunning Vibrant,35,Negative,314,110,No,Published,05-12-2025,15-06-2026
RV000719,MP016,Prakash Choudhary,Researcher,Above 65,Male,India,11-07-2023,July,Monsoon,Bike,Corporate Group,Nature Exploration,3.6,2.3,1.6,2.6,1.1,4.2,82,Well-maintained was extra MP016 time.,Decent place for Corporate Group. MP016 has its charm but the the ticketing counter was underwhelming. The surrounding area is nice. I would recommend if you have extra time. Organized Vibrant Unique Interesting Well-maintained,34,Neutral,297,110,Yes,Pending,03-10-2024,13-11-2025
RV000720,MP060,Mary Kom,Travel Blogger,51-65,Female,India,15-02-2024,February,Winter,Walking,Family,Festival,1.5,4.8,4.5,4.8,1.5,2,35,Unique completely the crowd Stunning,Terrible experience at MP060. The the views was poorly maintained and dirty. The the ticketing counter was completely overrated. The crowd and litter ruined the vibe. Not worth the effort to travel here. Unique Interesting Organized Stunning,37,Negative,354,198,Yes,Published,13-05-2023,25-08-2026
RV000721,MP030,Govind Singh,Student,Above 65,Other,India,04-12-2025,December,Winter,Taxi,Friends,Festival,2.5,3,3.5,2.1,2.4,4.4,55,The time. would Vibrant MP030,Decent place for Friends. MP030 has its charm but the the walking trails was underwhelming. The surrounding area is nice. I would recommend if you have extra time. Well-maintained Stunning Vibrant Beautiful Interesting,33,Negative,311,47,No,Hidden,02-09-2025,14-08-2025
RV000722,MP008,Prakash Choudhary,Student,Under 18,Male,Germany,13-01-2025,January,Winter,Taxi,Solo,Nature Exploration,3,2.5,3.4,2.4,2.2,3.4,61,but counter I recommend for,Decent place for Solo. MP008 has its charm but the the ticketing counter was underwhelming. The surrounding area is nice. I would recommend if you have extra time. Authentic Unique Vibrant Well-maintained,32,Neutral,120,160,No,Hidden,12-09-2024,03-11-2026
RV000723,MP003,Prakash Choudhary,Local Resident,36-50,Other,India,17-09-2023,September,Monsoon,Car,Educational Tour,Pilgrimage,5,4.1,3.7,2,5,4.9,92,Just Unique maintained. well A,A wonderful trip to Kangla Fort. The the ancient temples and the surrounding greenery were incredible. The facilities were well maintained. It's a hidden gem of Northeast India. Just go for it! Stunning Organized Well-maintained Beautiful Interesting Unique,38,Positive,104,3,Yes,Published,04-10-2023,17-06-2026
RV000724,MP008,Riya Das,Student,51-65,Other,United States,08-04-2023,April,Spring,Bus,Corporate Group,Photography,4.2,2,3.8,4.7,2.8,1,84,was it. must-visit at highlight.,Excellent experience at MP008. The the restrooms was the highlight. Very clean and organized. The entry fee is totally worth it. A must-visit for Corporate Group and nature lovers. Well-maintained Vibrant Organized Authentic,33,Positive,75,177,No,Hidden,03-09-2025,06-01-2025
RV000725,MP008,Hidetoshi Tanaka,Domestic Tourist,18-25,Male,India,18-10-2023,October,Autumn,Car,Solo,Wildlife,3.1,1.7,4.7,4.3,3.6,1.2,57,okay. be maintenance. nice season.,I visited MP008 during Autumn and it was okay. The the heritage has potential but lacks maintenance. The view is nice though. Might be better in the dry season. Vibrant Organized Authentic Unique,33,Neutral,399,100,No,Published,06-10-2024,18-02-2026
RV000726,MP006,Kiran Bhatt,Photographer,36-50,Male,India,10-04-2023,April,Spring,Train,Corporate Group,Festival,2.7,4.3,4.3,3.8,3.9,3.4,49,Spring maintenance. Well-maintained season. local,I visited MP006 during Spring and it was okay. The the local culture has potential but lacks maintenance. The view is nice though. Might be better in the dry season. Interesting Well-maintained Authentic,33,Neutral,42,117,Yes,Pending,18-09-2024,13-09-2025
RV000727,MP062,Mangesh Patil,Family Tourist,51-65,Female,India,15-03-2023,March,Spring,Flight,Friends,Photography,4.1,3.8,4.6,4.8,4.1,1.2,89,The gem surrounding Interesting facilities,A wonderful trip to MP062. The the scenic beauty and the surrounding urban skyline were incredible. The facilities were well maintained. It's a hidden gem of Northeast India. Just go for it! Interesting Well-maintained Organized Beautiful Vibrant,37,Positive,91,49,No,Pending,20-03-2023,10-09-2025
RV000728,MP045,John Doe,Photographer,26-35,Male,India,14-05-2024,May,Summer,Train,Educational Tour,Adventure,4.3,2.2,4.5,1.6,3,4.6,89,Well-maintained It's wonderful Interesting for,A wonderful trip to MP045. The the scenic beauty and the surrounding water bodies were incredible. The facilities were well maintained. It's a hidden gem of Northeast India. Just go for it! Authentic Organized Well-maintained Interesting,36,Positive,122,36,No,Pending,15-05-2025,04-04-2026
RV000729,MP020,Rahul Verma,Local Resident,36-50,Other,United Kingdom,09-08-2024,August,Monsoon,Car,Friends,Education,1.7,1.6,1.3,4.1,4.7,3,37,are Beautiful entry The Interesting,Not recommended for Friends. The the walking trails was unsafe and unhygienic. The entry fees are too high for what you get. I regret wasting my time here. Vibrant Authentic Unique Interesting Stunning Beautiful,34,Negative,361,10,Yes,Published,02-07-2025,21-11-2025
RV000730,MP031,Moirangthem,Student,Above 65,Male,India,15-09-2024,September,Monsoon,Taxi,Family,Sightseeing,2.7,1.7,5,1,3.2,3.3,47,surrounding is area extra its,Decent place for Family. MP031 has its charm but the the nearby eateries was underwhelming. The surrounding area is nice. I would recommend if you have extra time. Vibrant Well-maintained Interesting Stunning Organized Beautiful,34,Neutral,328,31,Yes,Hidden,12-10-2025,25-09-2025
RV000731,MP063,Ravi Shankar,Student,26-35,Male,India,19-02-2024,February,Winter,Taxi,Couple,Education,1.3,1.3,2.5,2.1,2.3,1,36,travel the experience the at,Terrible experience at MP063. The the heritage was poorly maintained and dirty. The the restrooms was completely overrated. The crowd and litter ruined the vibe. Not worth the effort to travel here. Beautiful Well-maintained Interesting Stunning Unique Vibrant,38,Negative,309,169,Yes,Hidden,21-02-2024,04-01-2026
RV000732,MP031,Deepika Ningthoujam,Adventure Tourist,Above 65,Other,India,25-03-2025,March,Spring,Walking,Solo,Wildlife,3,4.3,2.7,4,3.3,1.6,70,is the local The was,"It's an okay spot. The the local culture is fine but the facilities are basic. The the ticketing counter was overpriced. However, the local culture around is interesting. Unique Organized Well-maintained",31,Neutral,329,22,No,Published,23-10-2023,15-04-2025
RV000733,MP006,Mary Kom,Domestic Tourist,18-25,Female,India,24-05-2023,May,Summer,Bike,Educational Tour,Sightseeing,1.7,4.4,3.8,2.6,4.6,2.9,32,The litter maintained ruined worth,Terrible experience at MP006. The the scenic beauty was poorly maintained and dirty. The the ticketing counter was completely overrated. The crowd and litter ruined the vibe. Not worth the effort to travel here. Beautiful Stunning Unique,37,Negative,273,118,No,Pending,21-09-2023,04-06-2026
RV000734,MP001,Hidetoshi Tanaka,Travel Blogger,18-25,Male,India,18-03-2025,March,Spring,Bus,Friends,Education,3.8,3.8,2.5,3.1,4,3.3,78,the could crowded is counter,Average experience at Loktak Lake. The Loktak Lake is decent but nothing extraordinary. It is good for a one-time visit. The the ticketing counter could be better maintained. Not too crowded when we went. Beautiful Well-maintained Organized Stunning Vibrant,39,Neutral,319,167,Yes,Hidden,25-05-2025,07-07-2025
RV000735,MP045,Deepika Ningthoujam,Travel Blogger,Above 65,Female,Japan,08-07-2024,July,Monsoon,Car,Family,Sightseeing,4.3,1.3,4.7,2.3,2.6,2.7,92,expectations. was locals Visited exploring.,Visited MP045 last Monsoon. The the scenic beauty was absolutely breathtaking. The the restrooms exceeded my expectations. We spent about 3 hours exploring. The locals were very friendly and helpful. Highly recommend this place to everyone. Beautiful Stunning Well-maintained Vibrant,40,Positive,6,189,No,Hidden,05-01-2025,16-07-2026
RV000736,MP051,Sita Devi,Adventure Tourist,36-50,Female,Thailand,07-12-2024,December,Winter,Car,Educational Tour,Festival,2.8,3.7,2.5,2.5,4.7,1.2,56,place extra was you Tour.,Decent place for Educational Tour. MP051 has its charm but the the restrooms was underwhelming. The surrounding area is nice. I would recommend if you have extra time. Authentic Interesting Organized,31,Neutral,383,154,No,Pending,21-11-2024,21-11-2025
RV000737,MP046,Tongbram Singh,Student,Above 65,Female,India,12-05-2024,May,Summer,Bike,Solo,Education,3.2,2.3,2.5,4.2,2,4.8,59,It's Interesting The Beautiful restrooms,"It's an okay spot. The the local culture is fine but the facilities are basic. The the restrooms was overpriced. However, the local culture around is interesting. Vibrant Unique Authentic Interesting Beautiful Well-maintained",33,Neutral,370,161,No,Hidden,12-09-2025,17-04-2025
RV000738,MP028,Mangesh Patil,Travel Blogger,Under 18,Other,India,09-02-2023,February,Winter,Taxi,Solo,Adventure,4.5,1.2,1.7,4.2,3.1,1.4,98,1 absolutely Organized helpful. this,Visited MP028 last Winter. The the scenic beauty was absolutely breathtaking. The the restrooms exceeded my expectations. We spent about 1 hours exploring. The locals were very friendly and helpful. Highly recommend this place to everyone. Well-maintained Stunning Organized Vibrant Interesting,41,Positive,24,5,No,Pending,20-11-2025,06-03-2026
RV000739,MP062,Sita Devi,Adventure Tourist,18-25,Female,India,01-03-2025,March,Spring,Walking,Couple,Relaxation,3.8,2.7,1.9,1.2,4.3,4.7,80,potential it lacks okay. though.,I visited MP062 during Spring and it was okay. The the local culture has potential but lacks maintenance. The view is nice though. Might be better in the dry season. Organized Authentic Stunning Interesting,34,Neutral,138,146,No,Hidden,04-06-2024,18-04-2025
RV000740,MP008,Sita Devi,Student,51-65,Other,India,24-06-2024,June,Summer,Flight,Couple,Sightseeing,3.3,3.5,4.5,4.4,4.4,4.5,69,during lacks but better Stunning,I visited MP008 during Summer and it was okay. The the local culture has potential but lacks maintenance. The view is nice though. Might be better in the dry season. Well-maintained Authentic Organized Stunning Vibrant,35,Neutral,78,61,Yes,Published,14-11-2023,17-08-2026
RV000741,MP001,Sunita Devi,Travel Blogger,26-35,Female,Thailand,17-07-2025,July,Monsoon,Bike,Educational Tour,Relaxation,2.9,3.9,5,2,2.8,1.7,48,Beautiful better Loktak The walking,Average experience at Loktak Lake. The Loktak Lake is decent but nothing extraordinary. It is good for a one-time visit. The the walking trails could be better maintained. Not too crowded when we went. Beautiful Stunning Authentic Organized Interesting,39,Neutral,29,92,Yes,Published,20-03-2024,21-02-2026
RV000742,MP022,Aisha Rahman,Student,36-50,Other,India,15-07-2025,July,Monsoon,Train,Corporate Group,Sightseeing,3,1.4,2.7,4.2,3.7,2.7,61,better Organized The okay. potential,I visited MP022 during Monsoon and it was okay. The the scenic beauty has potential but lacks maintenance. The view is nice though. Might be better in the dry season. Organized Well-maintained Authentic Stunning Interesting,35,Neutral,369,66,No,Published,25-08-2025,24-02-2026
RV000743,MP006,Sanjay Leela,Local Resident,18-25,Other,India,25-03-2023,March,Spring,Bike,Couple,Relaxation,1.6,3.3,1.9,3.7,3.7,2.4,34,scenic which in beauty going,Very disappointing visit to MP006. The the scenic beauty is in shambles. Zero management. We encountered scam guides which spoiled our day. Avoid going on weekends or during heavy rain. Well-maintained Unique Interesting Beautiful,34,Negative,193,13,Yes,Pending,03-05-2023,02-07-2025
RV000744,MP016,Mary Kom,Student,Under 18,Male,India,13-01-2025,January,Winter,Car,Educational Tour,Relaxation,2.4,1.3,3.2,2,2.2,2.1,52,going The visit Very during,Very disappointing visit to MP016. The the heritage is in shambles. Zero management. We encountered scam guides which spoiled our day. Avoid going on weekends or during heavy rain. Well-maintained Beautiful Authentic Organized,33,Negative,72,65,No,Published,25-10-2025,16-06-2025
RV000745,MP031,Aisha Rahman,Travel Blogger,Under 18,Female,India,18-03-2024,March,Spring,Flight,Family,Wildlife,1.1,5,2.5,3.5,4.4,1,24,overrated. poorly completely heritage the,Terrible experience at MP031. The the heritage was poorly maintained and dirty. The the ticketing counter was completely overrated. The crowd and litter ruined the vibe. Not worth the effort to travel here. Beautiful Vibrant Organized Stunning,37,Negative,305,42,Yes,Published,15-11-2025,17-07-2025
RV000746,MP013,Arun Kumar,Researcher,Under 18,Female,India,03-06-2025,June,Summer,Walking,Friends,Education,2.6,1.9,4.8,3.1,3.9,4,59,Vibrant time. is recommend its,Decent place for Friends. MP013 has its charm but the the nearby eateries was underwhelming. The surrounding area is nice. I would recommend if you have extra time. Vibrant Authentic Stunning,31,Neutral,110,30,No,Pending,20-01-2023,02-06-2026
RV000747,MP068,Govind Singh,Local Resident,Under 18,Other,India,18-09-2024,September,Monsoon,Taxi,Solo,Adventure,2.1,3.6,3.4,1.1,1.6,3.5,40,or in weekends on We,Very disappointing visit to MP068. The the views is in shambles. Zero management. We encountered heavy garbage which spoiled our day. Avoid going on weekends or during heavy rain. Beautiful Vibrant Interesting,32,Negative,338,19,Yes,Hidden,19-08-2025,21-04-2026
RV000748,MP032,Kiran Bhatt,Student,18-25,Female,France,15-09-2024,September,Monsoon,Taxi,Corporate Group,Pilgrimage,2,5,1.6,3.2,3.9,1.1,31,Corporate fees Group. get. wasting,Not recommended for Corporate Group. The the ticketing counter was unsafe and unhygienic. The entry fees are too high for what you get. I regret wasting my time here. Stunning Well-maintained Unique Authentic Organized Interesting,35,Negative,171,179,Yes,Published,12-11-2024,16-03-2026
RV000749,MP004,Anjan Dutta,Adventure Tourist,51-65,Male,India,25-01-2024,January,Winter,Train,Couple,Photography,2.6,3.9,4.1,3.5,2.7,1.5,51,have Govindajee restrooms would Unique,Decent place for Couple. Govindajee Temple has its charm but the the restrooms was underwhelming. The surrounding area is nice. I would recommend if you have extra time. Vibrant Stunning Beautiful Unique,32,Neutral,125,101,Yes,Hidden,17-10-2025,24-09-2026
RV000750,MP031,Mangesh Patil,Family Tourist,51-65,Female,India,20-05-2024,May,Summer,Car,Educational Tour,Sightseeing,2.2,1.6,4.5,3.8,1.8,2.6,35,or Interesting visited signage Stay,Worst tourist spot I have visited in Manipur. The the scenic beauty is neglected. The road to MP031 is terrible. There is no proper signage or safety measures. Stay away! Well-maintained Stunning Interesting,33,Negative,364,121,No,Hidden,18-11-2024,23-07-2025
RV000751,MP041,Priya Mehra,Photographer,Above 65,Female,India,01-11-2023,November,Autumn,Car,Friends,Sightseeing,3,4.8,4.4,2.7,4.4,5,53,Interesting Organized better was during,I visited MP041 during Autumn and it was okay. The the heritage has potential but lacks maintenance. The view is nice though. Might be better in the dry season. Interesting Well-maintained Organized,32,Neutral,167,12,Yes,Pending,07-12-2023,14-10-2026
RV000752,MP017,Lara Croft,Foreign Tourist,Above 65,Male,India,24-11-2024,November,Autumn,Flight,Friends,Research,3.4,4.7,3.8,3.3,3.7,3.7,73,Stunning basic. The around Vibrant,"It's an okay spot. The the heritage is fine but the facilities are basic. The the ticketing counter was overpriced. However, the local culture around is interesting. Beautiful Interesting Organized Authentic Vibrant Stunning",33,Neutral,478,12,Yes,Pending,02-04-2023,05-09-2025
RV000753,MP032,Ravi Shankar,Student,Above 65,Other,Malaysia,05-11-2025,November,Autumn,Train,Couple,Adventure,1.4,2.9,4,3.5,2.4,1.8,37,Well-maintained trails ruined travel and,Terrible experience at MP032. The the heritage was poorly maintained and dirty. The the walking trails was completely overrated. The crowd and litter ruined the vibe. Not worth the effort to travel here. Beautiful Stunning Vibrant Well-maintained,37,Negative,151,26,No,Published,22-01-2024,24-12-2025
RV000754,MP019,Mangesh Patil,Foreign Tourist,Above 65,Female,India,12-05-2024,May,Summer,Walking,Solo,Sightseeing,1.9,1.4,2.2,1.9,3.8,4.5,28,signage proper or have visited,Worst tourist spot I have visited in Manipur. The the views is neglected. The road to MP019 is terrible. There is no proper signage or safety measures. Stay away! Authentic Well-maintained Beautiful Interesting,33,Negative,380,27,Yes,Pending,25-06-2024,15-11-2026
RV000755,MP062,Sunita Devi,Photographer,18-25,Male,India,18-08-2023,August,Monsoon,Train,Solo,Sightseeing,1.6,1.4,1.4,3.6,2.4,2.1,24,pathways Very Interesting Stunning scenic,Very disappointing visit to MP062. The the scenic beauty is in shambles. Zero management. We encountered broken pathways which spoiled our day. Avoid going on weekends or during heavy rain. Well-maintained Stunning Beautiful Interesting Vibrant,35,Negative,492,187,No,Published,21-04-2023,04-03-2026
RV000756,MP037,Neha Agarwal,Foreign Tourist,Under 18,Male,Malaysia,14-05-2023,May,Summer,Car,Solo,Festival,1,1.4,2.1,3.3,1.6,2.2,27,during shambles. Unique to in,Very disappointing visit to MP037. The the scenic beauty is in shambles. Zero management. We encountered broken pathways which spoiled our day. Avoid going on weekends or during heavy rain. Unique Organized Vibrant Well-maintained Authentic Interesting,36,Negative,425,143,Yes,Hidden,24-03-2023,18-06-2025
RV000757,MP003,Moirangthem,Photographer,Above 65,Other,Thailand,14-12-2025,December,Winter,Taxi,Family,Adventure,2.8,3.8,2,4.6,3,2.9,49,Beautiful Interesting historical visited ruins,I visited Kangla Fort during Winter and it was okay. The the historical ruins has potential but lacks maintenance. The view is nice though. Might be better in the dry season. Authentic Beautiful Well-maintained Interesting,35,Neutral,477,184,Yes,Published,08-12-2023,04-02-2025
RV000758,MP006,Rajesh Kumar,Travel Blogger,Above 65,Female,India,12-06-2025,June,Summer,Car,Couple,Sightseeing,5,3.3,1.8,4.5,4.9,3.5,93,the India. trip wonderful Vibrant,A wonderful trip to MP006. The the scenic beauty and the surrounding urban skyline were incredible. The facilities were well maintained. It's a hidden gem of Northeast India. Just go for it! Beautiful Vibrant Authentic,35,Positive,61,176,Yes,Pending,01-10-2023,23-12-2025
RV000759,MP048,Aisha Rahman,Domestic Tourist,Under 18,Female,India,10-05-2024,May,Summer,Car,Couple,Adventure,1.9,3.4,2,3.4,3.9,3.2,36,Well-maintained visited neglected. road Authentic,Worst tourist spot I have visited in Manipur. The the views is neglected. The road to MP048 is terrible. There is no proper signage or safety measures. Stay away! Stunning Organized Authentic Beautiful Well-maintained Vibrant,35,Negative,13,164,No,Published,19-06-2025,21-09-2025
RV000760,MP010,Emily Stone,Local Resident,51-65,Other,India,25-04-2025,April,Spring,Bike,Family,Research,2.9,1.8,2.6,4.5,4.3,2.2,67,at good the The maintained.,Average experience at MP010. The the heritage is decent but nothing extraordinary. It is good for a one-time visit. The the walking trails could be better maintained. Not too crowded when we went. Interesting Vibrant Beautiful Organized Authentic,38,Neutral,129,67,Yes,Pending,08-01-2023,01-04-2025
RV000761,MP016,Hidetoshi Tanaka,Researcher,Above 65,Female,India,23-03-2025,March,Spring,Flight,Friends,Education,2.3,2.4,4.4,2.3,5,2.4,42,Worst The scenic Manipur. road,Worst tourist spot I have visited in Manipur. The the scenic beauty is neglected. The road to MP016 is terrible. There is no proper signage or safety measures. Stay away! Stunning Beautiful Well-maintained Organized Unique Interesting,36,Negative,5,85,Yes,Pending,05-11-2024,16-08-2026
RV000762,MP045,Laishram Devi,Student,36-50,Male,India,02-04-2023,April,Spring,Taxi,Solo,Research,1.3,1.9,1.9,4,4.4,1.1,25,The my Solo. I unhygienic.,Not recommended for Solo. The the nearby eateries was unsafe and unhygienic. The entry fees are too high for what you get. I regret wasting my time here. Organized Stunning Well-maintained Authentic Interesting,33,Negative,332,69,No,Hidden,24-09-2024,18-01-2026
RV000763,MP019,Mangesh Patil,Foreign Tourist,51-65,Other,Japan,12-04-2024,April,Spring,Flight,Family,Nature Exploration,2.8,3.4,3.4,1.8,2.8,3.6,48,underwhelming. has but surrounding Decent,Decent place for Family. MP019 has its charm but the the nearby eateries was underwhelming. The surrounding area is nice. I would recommend if you have extra time. Interesting Vibrant Stunning,31,Neutral,154,178,Yes,Pending,22-08-2025,20-01-2025
RV000764,MP014,Sonam Wangdi,Travel Blogger,26-35,Other,India,13-06-2023,June,Summer,Flight,Corporate Group,Adventure,3.8,1.8,3.2,3.7,2.1,2.1,80,we Unique extraordinary. good Well-maintained,Average experience at MP014. The the local culture is decent but nothing extraordinary. It is good for a one-time visit. The the restrooms could be better maintained. Not too crowded when we went. Stunning Well-maintained Unique Organized Authentic Vibrant,39,Neutral,270,34,Yes,Hidden,13-01-2024,12-12-2026
RV000765,MP016,Deepika Ningthoujam,Domestic Tourist,Under 18,Female,India,10-04-2023,April,Spring,Flight,Solo,Relaxation,3.4,3.5,2.3,3.2,1.1,4.2,69,spot. heritage but the Interesting,"It's an okay spot. The the heritage is fine but the facilities are basic. The the walking trails was overpriced. However, the local culture around is interesting. Vibrant Organized Authentic Interesting Stunning",32,Neutral,138,75,No,Published,13-05-2024,16-11-2025
RV000766,MP046,Tongbram Singh,Researcher,Above 65,Other,India,06-01-2023,January,Winter,Train,Family,Photography,3.7,4.1,4.2,4.2,4.9,1.5,71,charm area Organized was Stunning,Decent place for Family. MP046 has its charm but the the walking trails was underwhelming. The surrounding area is nice. I would recommend if you have extra time. Beautiful Well-maintained Interesting Stunning Organized,33,Neutral,459,123,No,Pending,18-09-2025,03-05-2026
RV000767,MP035,Neha Agarwal,Researcher,18-25,Female,India,18-07-2024,July,Monsoon,Bus,Solo,Research,3.9,4.7,4.2,1.8,4.6,3.4,88,beauty decent visit. at The,Average experience at MP035. The the scenic beauty is decent but nothing extraordinary. It is good for a one-time visit. The the parking area could be better maintained. Not too crowded when we went. Unique Well-maintained Interesting,37,Neutral,111,198,Yes,Hidden,24-09-2023,14-07-2026
RV000768,MP008,Riya Das,Solo Traveller,36-50,Other,India,05-08-2023,August,Monsoon,Train,Educational Tour,Research,3.5,3.9,3.1,1.5,4.7,2.1,73,spot. basic. local around The,"It's an okay spot. The the views is fine but the facilities are basic. The the parking area was overpriced. However, the local culture around is interesting. Unique Vibrant Authentic",30,Neutral,179,173,No,Pending,25-02-2024,10-09-2025
RV000769,MP060,Sita Devi,Travel Blogger,51-65,Male,Australia,25-05-2025,May,Summer,Flight,Friends,Pilgrimage,4,3.9,1.5,1.5,4.7,3.2,72,hours this local and 5,Visited MP060 last Summer. The the local culture was absolutely breathtaking. The the parking area exceeded my expectations. We spent about 5 hours exploring. The locals were very friendly and helpful. Highly recommend this place to everyone. Interesting Vibrant Stunning,40,Positive,416,158,No,Pending,12-01-2023,05-10-2025
RV000770,MP060,Sunita Devi,Student,Above 65,Male,India,02-06-2024,June,Summer,Bike,Friends,Adventure,1.7,4.4,3.3,4.3,1.1,4.1,27,the maintained effort was at,Terrible experience at MP060. The the scenic beauty was poorly maintained and dirty. The the nearby eateries was completely overrated. The crowd and litter ruined the vibe. Not worth the effort to travel here. Vibrant Interesting Beautiful,37,Negative,214,81,Yes,Pending,19-02-2025,23-04-2026
RV000771,MP057,Tongbram Singh,Family Tourist,26-35,Female,India,23-03-2025,March,Spring,Walking,Family,Adventure,4.6,3,1.8,2.3,2,3.5,95,organized. and Authentic The experience,Excellent experience at MP057. The the restrooms was the highlight. Very clean and organized. The entry fee is totally worth it. A must-visit for Family and nature lovers. Well-maintained Authentic Interesting,31,Positive,466,65,No,Published,01-02-2025,12-11-2025
RV000772,MP022,Sonam Wangdi,Travel Blogger,Under 18,Other,India,15-01-2023,January,Winter,Flight,Corporate Group,Wildlife,2.6,3.2,2.9,3.2,2.7,2,49,has time. the Group. Corporate,Decent place for Corporate Group. MP022 has its charm but the the nearby eateries was underwhelming. The surrounding area is nice. I would recommend if you have extra time. Authentic Organized Stunning Interesting,33,Neutral,210,172,No,Hidden,10-03-2023,19-11-2026
RV000773,MP026,Mangesh Patil,Photographer,18-25,Other,India,10-06-2024,June,Summer,Bike,Solo,Festival,3,1,1.7,3.2,3.1,1.2,57,nice. ticketing would MP026 place,Decent place for Solo. MP026 has its charm but the the ticketing counter was underwhelming. The surrounding area is nice. I would recommend if you have extra time. Well-maintained Vibrant Authentic Stunning Unique,33,Neutral,320,103,Yes,Hidden,20-10-2024,02-06-2025
RV000774,MP018,Ravi Shankar,Adventure Tourist,Above 65,Female,Malaysia,04-05-2023,May,Summer,Car,Solo,Sightseeing,1.9,1.2,4.3,4,2.2,2.3,44,nearby here. the recommended Not,Not recommended for Solo. The the nearby eateries was unsafe and unhygienic. The entry fees are too high for what you get. I regret wasting my time here. Interesting Beautiful Vibrant,31,Negative,93,104,No,Pending,03-12-2025,12-12-2026
RV000775,MP006,Sanjay Leela,Photographer,26-35,Other,India,04-12-2024,December,Winter,Car,Family,Research,3.9,2.7,1.1,4.6,5,3.6,75,"are Beautiful Vibrant culture However,","It's an okay spot. The the local culture is fine but the facilities are basic. The the nearby eateries was overpriced. However, the local culture around is interesting. Well-maintained Beautiful Unique Vibrant Stunning Authentic",34,Neutral,86,172,No,Hidden,11-10-2024,24-10-2026
RV000776,MP016,Laishram Devi,Domestic Tourist,Above 65,Male,India,25-10-2023,October,Autumn,Taxi,Friends,Adventure,2,3.8,2.3,3.4,2.9,3.2,50,too entry Friends. time here.,Not recommended for Friends. The the restrooms was unsafe and unhygienic. The entry fees are too high for what you get. I regret wasting my time here. Vibrant Beautiful Unique,30,Negative,264,48,Yes,Pending,21-03-2024,04-02-2025
RV000777,MP002,Sita Devi,Family Tourist,51-65,Other,India,08-06-2023,June,Summer,Flight,Corporate Group,Photography,5,4.3,4.6,2.7,2.7,1.8,100,the worth Group Authentic lovers.,Excellent experience at Keibul Lamjao. The the parking area was the highlight. Very clean and organized. The entry fee is totally worth it. A must-visit for Corporate Group and nature lovers. Authentic Stunning Well-maintained,34,Positive,173,199,No,Published,17-07-2023,07-07-2025
RV000778,MP029,Tongbram Singh,Travel Blogger,36-50,Other,India,08-12-2025,December,Winter,Car,Friends,Pilgrimage,1.7,2.9,1.2,4.5,3.1,3.7,37,the eateries maintained completely vibe.,Terrible experience at MP029. The the local culture was poorly maintained and dirty. The the nearby eateries was completely overrated. The crowd and litter ruined the vibe. Not worth the effort to travel here. Beautiful Vibrant Unique Interesting,38,Negative,101,25,Yes,Hidden,08-03-2025,17-05-2026
RV000779,MP011,Arun Kumar,Researcher,18-25,Other,Singapore,15-05-2023,May,Summer,Bus,Solo,Festival,4.8,4.9,4.5,2.1,4.8,2.6,99,facilities Authentic were maintained. wonderful,A wonderful trip to MP011. The the local culture and the surrounding water bodies were incredible. The facilities were well maintained. It's a hidden gem of Northeast India. Just go for it! Interesting Authentic Unique Stunning Vibrant Beautiful,38,Positive,387,49,Yes,Pending,04-11-2023,12-05-2025
RV000780,MP006,Mangesh Patil,Solo Traveller,51-65,Female,India,09-05-2025,May,Summer,Bike,Corporate Group,Relaxation,3.3,2.5,4.2,4.3,4.3,3.9,58,time. underwhelming. but Beautiful MP006,Decent place for Corporate Group. MP006 has its charm but the the ticketing counter was underwhelming. The surrounding area is nice. I would recommend if you have extra time. Stunning Interesting Vibrant Beautiful,33,Neutral,419,21,No,Published,09-09-2024,25-03-2025
RV000781,MP053,Deepika Ningthoujam,Solo Traveller,Under 18,Other,India,11-08-2023,August,Monsoon,Train,Corporate Group,Relaxation,2.9,3.4,3.3,4.6,3.8,3.3,59,you Beautiful underwhelming. area the,Decent place for Corporate Group. MP053 has its charm but the the parking area was underwhelming. The surrounding area is nice. I would recommend if you have extra time. Unique Vibrant Organized Well-maintained Stunning Beautiful,35,Neutral,79,73,Yes,Published,10-01-2025,21-04-2026
RV000782,MP001,John Doe,Local Resident,51-65,Other,Thailand,16-03-2025,March,Spring,Bike,Educational Tour,Photography,3.1,3.4,1.7,3.8,4.2,1.4,71,experience Loktak for Average Loktak,Average experience at Loktak Lake. The Loktak Lake is decent but nothing extraordinary. It is good for a one-time visit. The the nearby eateries could be better maintained. Not too crowded when we went. Beautiful Interesting Authentic Unique,38,Neutral,303,54,No,Published,06-09-2025,06-05-2025
RV000783,MP056,Prakash Choudhary,Family Tourist,26-35,Male,India,03-07-2024,July,Monsoon,Bus,Educational Tour,Adventure,1.5,3.7,1.9,4.7,3.4,3.9,38,unhygienic. and get. Vibrant high,Not recommended for Educational Tour. The the restrooms was unsafe and unhygienic. The entry fees are too high for what you get. I regret wasting my time here. Beautiful Stunning Authentic Vibrant,32,Negative,329,168,No,Published,05-02-2025,04-02-2025
RV000784,MP011,Lara Croft,Adventure Tourist,Under 18,Male,India,18-04-2025,April,Spring,Bike,Couple,Adventure,4.8,3.3,2.2,3.6,4.2,3.5,100,amazing Authentic Couple. definitely experience,I had an amazing experience at MP011 in April. The the heritage is world-class. The atmosphere was so peaceful and relaxing. Perfect for Couple. Will definitely come back again. Unique Authentic Well-maintained,32,Positive,261,77,No,Hidden,01-03-2023,23-01-2025
RV000785,MP014,Rajesh Kumar,Solo Traveller,Above 65,Male,India,06-08-2024,August,Monsoon,Train,Family,Photography,2.7,4.7,4.2,4,4.7,1.6,55,was are okay The culture,"It's an okay spot. The the scenic beauty is fine but the facilities are basic. The the ticketing counter was overpriced. However, the local culture around is interesting. Authentic Unique Organized Well-maintained",32,Neutral,343,158,Yes,Hidden,14-06-2025,14-02-2026
RV000786,MP002,Priya Mehra,Solo Traveller,Above 65,Other,India,20-10-2024,October,Autumn,Bike,Family,Photography,4,2.2,4.1,2.8,2.1,2.7,74,exceeded and the locals very,Visited Keibul Lamjao last Autumn. The the birdlife was absolutely breathtaking. The the restrooms exceeded my expectations. We spent about 5 hours exploring. The locals were very friendly and helpful. Highly recommend this place to everyone. Vibrant Well-maintained Beautiful Stunning,40,Positive,78,121,No,Published,20-06-2025,01-02-2025
RV000787,MP007,Sita Devi,Photographer,Above 65,Other,India,22-10-2025,October,Autumn,Train,Couple,Adventure,4.3,2.3,3.7,1.6,4.9,1.9,78,friendly trails Interesting this recommend,Visited MP007 last Autumn. The the heritage was absolutely breathtaking. The the walking trails exceeded my expectations. We spent about 2 hours exploring. The locals were very friendly and helpful. Highly recommend this place to everyone. Interesting Vibrant Stunning Beautiful,40,Positive,358,19,Yes,Pending,01-08-2025,14-12-2025
RV000788,MP008,Priya Mehra,Domestic Tourist,Under 18,Female,India,01-01-2023,January,Winter,Walking,Educational Tour,Adventure,4.5,2.8,2.5,1,1.8,1.8,92,clean at highlight. for it.,Excellent experience at MP008. The the restrooms was the highlight. Very clean and organized. The entry fee is totally worth it. A must-visit for Educational Tour and nature lovers. Well-maintained Interesting Vibrant Authentic Unique,34,Positive,213,128,No,Published,19-09-2025,16-11-2026
RV000789,MP016,Moirangthem,Foreign Tourist,18-25,Male,India,04-09-2025,September,Monsoon,Taxi,Solo,Photography,1.6,4.1,2.2,5,4.4,4.6,25,proper Stay away! There is,Worst tourist spot I have visited in Manipur. The the local culture is neglected. The road to MP016 is terrible. There is no proper signage or safety measures. Stay away! Interesting Unique Vibrant,33,Negative,291,146,Yes,Hidden,04-06-2023,19-12-2026
RV000790,MP037,Sanjay Leela,Student,Under 18,Other,India,07-05-2024,May,Summer,Taxi,Family,Pilgrimage,4.8,2.4,3.5,1.2,4.2,3.2,100,is it. Very totally MP037.,Excellent experience at MP037. The the parking area was the highlight. Very clean and organized. The entry fee is totally worth it. A must-visit for Family and nature lovers. Vibrant Organized Stunning,32,Positive,490,54,No,Hidden,10-03-2025,01-11-2026
RV000791,MP016,Riya Das,Domestic Tourist,18-25,Female,India,15-03-2023,March,Spring,Walking,Educational Tour,Festival,3.3,2.3,4.2,4.4,2.6,1.3,76,Tour. would area its Educational,Decent place for Educational Tour. MP016 has its charm but the the restrooms was underwhelming. The surrounding area is nice. I would recommend if you have extra time. Stunning Authentic Vibrant Unique Interesting Beautiful,34,Neutral,414,156,Yes,Published,03-09-2023,24-08-2025
RV000792,MP054,Laishram Devi,Family Tourist,Under 18,Male,India,16-10-2025,October,Autumn,Bus,Couple,Research,3.9,2,1.7,4.5,1.8,1.5,79,maintained. The the Not the,Average experience at MP054. The the local culture is decent but nothing extraordinary. It is good for a one-time visit. The the parking area could be better maintained. Not too crowded when we went. Well-maintained Stunning Organized,37,Neutral,221,106,Yes,Pending,01-02-2024,23-03-2026
RV000793,MP038,Prakash Choudhary,Researcher,18-25,Other,India,21-01-2023,January,Winter,Bus,Friends,Photography,3.3,3.1,4.2,1,3.6,2.9,73,maintenance. heritage Vibrant nice MP038,I visited MP038 during Winter and it was okay. The the heritage has potential but lacks maintenance. The view is nice though. Might be better in the dry season. Vibrant Organized Unique Interesting Beautiful,34,Neutral,470,28,Yes,Published,01-10-2024,10-06-2026
RV000794,MP040,Moirangthem,Domestic Tourist,36-50,Other,India,11-04-2024,April,Spring,Train,Family,Photography,1.3,2.7,1.5,1.2,4.9,2.3,31,views is Well-maintained rain. rude,Very disappointing visit to MP040. The the views is in shambles. Zero management. We encountered rude staff which spoiled our day. Avoid going on weekends or during heavy rain. Authentic Well-maintained Unique Organized Vibrant Interesting,35,Negative,483,100,Yes,Pending,13-05-2023,16-07-2026
RV000795,MP058,Moirangthem,Student,36-50,Other,India,16-09-2025,September,Monsoon,Flight,Corporate Group,Adventure,1.4,1.1,2.3,2.7,3.5,4.4,32,There road I heritage Manipur.,Worst tourist spot I have visited in Manipur. The the heritage is neglected. The road to MP058 is terrible. There is no proper signage or safety measures. Stay away! Authentic Beautiful Organized,32,Negative,65,183,Yes,Published,03-08-2023,11-01-2026
RV000796,MP049,Rajesh Kumar,Local Resident,18-25,Other,India,04-01-2023,January,Winter,Flight,Educational Tour,Pilgrimage,4.3,5,1.7,3.1,3.9,3,93,The to exploring. Stunning hours,Visited MP049 last Winter. The the views was absolutely breathtaking. The the ticketing counter exceeded my expectations. We spent about 2 hours exploring. The locals were very friendly and helpful. Highly recommend this place to everyone. Authentic Interesting Stunning Organized Beautiful Unique,42,Positive,59,105,No,Hidden,25-01-2023,01-12-2025
RV000797,MP052,David Thang,Travel Blogger,36-50,Male,France,16-09-2024,September,Monsoon,Bike,Couple,Photography,1,3.3,4.1,2.8,2.6,2.3,15,here. views ruined The Organized,Terrible experience at MP052. The the views was poorly maintained and dirty. The the restrooms was completely overrated. The crowd and litter ruined the vibe. Not worth the effort to travel here. Organized Stunning Authentic Beautiful,36,Negative,114,149,Yes,Pending,23-08-2025,25-08-2026
RV000798,MP033,Mangesh Patil,Photographer,36-50,Male,Germany,16-08-2024,August,Monsoon,Car,Family,Relaxation,2.1,3.1,3.5,4.3,1.9,3.3,38,regret ticketing Vibrant for for,Not recommended for Family. The the ticketing counter was unsafe and unhygienic. The entry fees are too high for what you get. I regret wasting my time here. Stunning Well-maintained Vibrant,31,Negative,345,22,No,Hidden,21-05-2025,07-12-2026
RV000799,MP026,Laishram Devi,Researcher,Under 18,Other,India,12-07-2025,July,Monsoon,Car,Corporate Group,Pilgrimage,3.6,4.7,2.8,3.7,3.7,1.4,82,has I Organized view Monsoon,I visited MP026 during Monsoon and it was okay. The the local culture has potential but lacks maintenance. The view is nice though. Might be better in the dry season. Well-maintained Organized Interesting,33,Neutral,117,122,No,Published,18-11-2023,10-06-2026
RV000800,MP014,Lara Croft,Student,26-35,Female,India,25-05-2025,May,Summer,Taxi,Corporate Group,Sightseeing,2.1,2.8,3.7,2.3,3.1,3.7,38,our Well-maintained Avoid is in,Very disappointing visit to MP014. The the scenic beauty is in shambles. Zero management. We encountered rude staff which spoiled our day. Avoid going on weekends or during heavy rain. Beautiful Vibrant Organized Authentic Well-maintained,35,Negative,467,196,No,Pending,01-05-2023,22-03-2025
RV000801,MP010,Priya Mehra,Domestic Tourist,18-25,Male,France,14-09-2023,September,Monsoon,Car,Couple,Relaxation,3.8,3.2,1.7,1.1,3.8,2.6,70,but lacks okay. MP010 view,I visited MP010 during Monsoon and it was okay. The the views has potential but lacks maintenance. The view is nice though. Might be better in the dry season. Interesting Authentic Beautiful Vibrant,33,Neutral,394,175,Yes,Published,17-12-2023,14-11-2025
RV000802,MP046,Moirangthem,Solo Traveller,Under 18,Other,India,23-01-2024,January,Winter,Train,Friends,Sightseeing,3.7,2.2,4.6,1.6,2.2,3.6,80,Stunning MP046. maintained. restrooms is,Average experience at MP046. The the heritage is decent but nothing extraordinary. It is good for a one-time visit. The the restrooms could be better maintained. Not too crowded when we went. Authentic Stunning Organized Vibrant Beautiful Interesting,38,Neutral,299,200,No,Hidden,24-07-2025,11-09-2026
RV000803,MP066,Tongbram Singh,Foreign Tourist,51-65,Female,India,02-11-2025,November,Autumn,Taxi,Corporate Group,Education,3.9,5,1.4,1.8,3.5,1.8,74,okay. I was The Vibrant,I visited MP066 during Autumn and it was okay. The the heritage has potential but lacks maintenance. The view is nice though. Might be better in the dry season. Organized Authentic Vibrant Stunning Interesting Unique,35,Neutral,281,36,Yes,Pending,21-10-2023,04-10-2026
RV000804,MP003,Neha Agarwal,Domestic Tourist,51-65,Female,India,09-09-2024,September,Monsoon,Taxi,Friends,Nature Exploration,3.6,3.3,4.2,4.5,1.4,3.7,76,but Fort nice. time. the,Decent place for Friends. Kangla Fort has its charm but the the walking trails was underwhelming. The surrounding area is nice. I would recommend if you have extra time. Vibrant Stunning Well-maintained Interesting,33,Neutral,391,144,Yes,Hidden,13-04-2024,09-03-2026
RV000805,MP009,Bimol Sharma,Solo Traveller,Above 65,Other,India,16-01-2024,January,Winter,Taxi,Friends,Festival,3.9,3.2,2.6,3.7,3.3,2.1,88,the Authentic during Stunning potential,I visited MP009 during Winter and it was okay. The the views has potential but lacks maintenance. The view is nice though. Might be better in the dry season. Vibrant Interesting Authentic Stunning,33,Neutral,68,151,No,Hidden,20-05-2025,11-05-2026
RV000806,MP003,Sanjay Leela,Foreign Tourist,Under 18,Female,Thailand,08-07-2023,July,Monsoon,Bus,Friends,Photography,4.5,4,4.8,4.1,3.4,1.1,88,trip temples India. Beautiful Northeast,A wonderful trip to Kangla Fort. The the ancient temples and the surrounding greenery were incredible. The facilities were well maintained. It's a hidden gem of Northeast India. Just go for it! Well-maintained Interesting Beautiful Authentic,36,Positive,382,196,Yes,Published,04-05-2024,10-11-2026
RV000807,MP061,Riya Das,Student,18-25,Female,India,17-04-2024,April,Spring,Walking,Educational Tour,Adventure,4.4,1.6,4.8,4,1.3,3.1,88,The is atmosphere come peaceful,I had an amazing experience at MP061 in April. The the heritage is world-class. The atmosphere was so peaceful and relaxing. Perfect for Educational Tour. Will definitely come back again. Unique Beautiful Stunning,33,Positive,89,99,Yes,Published,01-10-2024,04-01-2026
RV000808,MP020,Rahul Verma,Local Resident,18-25,Male,India,14-06-2024,June,Summer,Walking,Family,Relaxation,4.3,1.7,2.8,3.5,1.9,3.3,87,back The Family. experience relaxing.,I had an amazing experience at MP020 in June. The the views is world-class. The atmosphere was so peaceful and relaxing. Perfect for Family. Will definitely come back again. Interesting Organized Vibrant,32,Positive,35,129,Yes,Published,02-11-2025,04-01-2026
RV000809,MP008,Priya Mehra,Student,Above 65,Other,India,13-12-2025,December,Winter,Flight,Educational Tour,Sightseeing,4.9,4.3,1.5,4.9,4.5,2.1,97,spent The absolutely my We,Visited MP008 last Winter. The the scenic beauty was absolutely breathtaking. The the restrooms exceeded my expectations. We spent about 4 hours exploring. The locals were very friendly and helpful. Highly recommend this place to everyone. Stunning Interesting Unique Well-maintained Vibrant Beautiful,42,Positive,298,79,No,Published,06-10-2025,07-12-2025
RV000810,MP018,Sanjay Leela,Domestic Tourist,Under 18,Male,India,08-10-2025,October,Autumn,Bus,Family,Pilgrimage,2.9,2.6,2.8,4.2,2.3,4.6,61,an was The overpriced. is,"It's an okay spot. The the scenic beauty is fine but the facilities are basic. The the nearby eateries was overpriced. However, the local culture around is interesting. Unique Organized Authentic Stunning",32,Neutral,211,193,Yes,Hidden,02-01-2023,05-06-2026
RV000811,MP064,Mary Kom,Domestic Tourist,Above 65,Other,India,12-07-2024,July,Monsoon,Flight,Educational Tour,Research,1.2,3.4,1.8,4.4,1.6,3.1,17,dirty. crowd litter here. maintained,Terrible experience at MP064. The the heritage was poorly maintained and dirty. The the walking trails was completely overrated. The crowd and litter ruined the vibe. Not worth the effort to travel here. Interesting Stunning Unique Vibrant,37,Negative,278,88,Yes,Hidden,20-03-2025,11-05-2025
RV000812,MP049,Laishram Devi,Photographer,26-35,Male,India,03-03-2025,March,Spring,Car,Corporate Group,Festival,2.6,1.5,1.1,3,2.3,3.7,55,experience Vibrant is good is,Average experience at MP049. The the scenic beauty is decent but nothing extraordinary. It is good for a one-time visit. The the restrooms could be better maintained. Not too crowded when we went. Well-maintained Authentic Organized Unique Vibrant,38,Neutral,209,3,Yes,Hidden,03-02-2025,02-07-2025
RV000813,MP001,Deepika Ningthoujam,Foreign Tourist,Under 18,Female,India,21-05-2023,May,Summer,Bike,Couple,Photography,4.9,3.4,1.2,3.3,1.9,3.9,100,Highly helpful. recommend spent to,Visited Loktak Lake last Summer. The the sunset view was absolutely breathtaking. The the parking area exceeded my expectations. We spent about 3 hours exploring. The locals were very friendly and helpful. Highly recommend this place to everyone. Vibrant Organized Beautiful Authentic Stunning Unique,44,Positive,204,69,Yes,Pending,07-06-2023,03-04-2026
RV000814,MP061,Prakash Choudhary,Domestic Tourist,Under 18,Other,India,01-12-2024,December,Winter,Walking,Solo,Relaxation,4.2,2.1,1.3,1.7,2.8,2.9,75,Stunning and local the culture,I had an amazing experience at MP061 in December. The the local culture is world-class. The atmosphere was so peaceful and relaxing. Perfect for Solo. Will definitely come back again. Well-maintained Vibrant Stunning,33,Positive,70,156,Yes,Published,21-03-2025,19-09-2025
RV000815,MP006,Mary Kom,Solo Traveller,Under 18,Male,India,12-05-2023,May,Summer,Taxi,Corporate Group,Adventure,2,2.8,1.1,2.5,1.2,3.7,44,Unique Corporate too was time,Not recommended for Corporate Group. The the restrooms was unsafe and unhygienic. The entry fees are too high for what you get. I regret wasting my time here. Unique Organized Well-maintained Vibrant Stunning,33,Negative,187,119,No,Published,19-04-2024,15-01-2025
RV000816,MP067,Emily Stone,Travel Blogger,Under 18,Other,India,13-09-2023,September,Monsoon,Taxi,Educational Tour,Adventure,1.6,3.7,1.5,1.9,2.1,4.1,40,was to overrated. the The,Terrible experience at MP067. The the views was poorly maintained and dirty. The the ticketing counter was completely overrated. The crowd and litter ruined the vibe. Not worth the effort to travel here. Unique Interesting Vibrant Organized,37,Negative,210,6,No,Published,12-05-2023,15-02-2026
RV000817,MP051,Jennifer Laiton,Family Tourist,Under 18,Other,India,13-04-2025,April,Spring,Bus,Family,Sightseeing,2.1,2.7,4.9,1.1,3.2,1.9,42,counter Well-maintained Beautiful Interesting travel,Terrible experience at MP051. The the scenic beauty was poorly maintained and dirty. The the ticketing counter was completely overrated. The crowd and litter ruined the vibe. Not worth the effort to travel here. Beautiful Vibrant Stunning Interesting Well-maintained,39,Negative,176,161,No,Published,11-02-2025,02-10-2026
RV000818,MP063,Tongbram Singh,Student,26-35,Male,India,02-08-2023,August,Monsoon,Bike,Family,Education,1.2,3.3,3.9,2.3,3.2,4.2,22,management. Interesting Zero heavy MP063.,Very disappointing visit to MP063. The the scenic beauty is in shambles. Zero management. We encountered rude staff which spoiled our day. Avoid going on weekends or during heavy rain. Authentic Interesting Organized Beautiful Unique,35,Negative,288,197,Yes,Hidden,19-12-2024,13-04-2025
RV000819,MP004,Sonam Wangdi,Photographer,18-25,Female,India,19-08-2025,August,Monsoon,Bike,Solo,Research,3.5,4.3,3.3,4.2,1.5,4.8,75,Unique would Beautiful Decent has,Decent place for Solo. Govindajee Temple has its charm but the the walking trails was underwhelming. The surrounding area is nice. I would recommend if you have extra time. Interesting Beautiful Stunning Vibrant Unique Authentic,35,Neutral,376,132,No,Published,14-03-2023,12-12-2026
RV000820,MP002,Riya Das,Student,18-25,Other,India,23-08-2023,August,Monsoon,Bus,Friends,Relaxation,4.7,2.3,2.5,3,3,4.1,100,breathtaking. restrooms exploring. deer Visited,Visited Keibul Lamjao last Monsoon. The the Sangai deer was absolutely breathtaking. The the restrooms exceeded my expectations. We spent about 1 hours exploring. The locals were very friendly and helpful. Highly recommend this place to everyone. Organized Beautiful Interesting Unique Well-maintained Vibrant,43,Positive,446,144,No,Published,17-06-2024,22-03-2025
RV000821,MP025,Arun Kumar,Solo Traveller,18-25,Male,India,02-08-2025,August,Monsoon,Walking,Couple,Adventure,4.2,2.8,2.4,4.5,1.7,2.7,81,and hours were my Vibrant,Visited MP025 last Monsoon. The the heritage was absolutely breathtaking. The the parking area exceeded my expectations. We spent about 1 hours exploring. The locals were very friendly and helpful. Highly recommend this place to everyone. Authentic Vibrant Interesting,39,Positive,119,11,No,Hidden,02-06-2023,21-10-2026
RV000822,MP004,Rajesh Kumar,Travel Blogger,51-65,Other,France,01-08-2024,August,Monsoon,Bike,Corporate Group,Festival,4.4,3.1,1.4,4,4.8,5,82,Authentic wonderful hidden a Temple.,A wonderful trip to Govindajee Temple. The Govindajee Temple and the surrounding urban skyline were incredible. The facilities were well maintained. It's a hidden gem of Northeast India. Just go for it! Authentic Interesting Organized Beautiful Stunning,37,Positive,313,100,Yes,Pending,01-04-2024,25-09-2025
RV000823,MP020,Ravi Shankar,Foreign Tourist,36-50,Male,India,16-04-2023,April,Spring,Bus,Friends,Wildlife,2.5,3.8,3.5,2.6,2.3,4.4,42,MP020 Well-maintained would Friends. you,Decent place for Friends. MP020 has its charm but the the ticketing counter was underwhelming. The surrounding area is nice. I would recommend if you have extra time. Authentic Unique Well-maintained,31,Negative,354,10,No,Hidden,10-10-2024,22-05-2025
RV000824,MP017,Laishram Devi,Student,26-35,Male,India,19-11-2024,November,Autumn,Walking,Corporate Group,Festival,4.2,4.7,3.8,1.1,4.1,2.9,81,Group The and the clean,Excellent experience at MP017. The the parking area was the highlight. Very clean and organized. The entry fee is totally worth it. A must-visit for Corporate Group and nature lovers. Stunning Beautiful Organized,33,Positive,456,179,Yes,Published,10-03-2025,10-01-2026
RV000825,MP015,John Doe,Solo Traveller,26-35,Other,Japan,07-02-2023,February,Winter,Walking,Friends,Adventure,4.6,4,4,4.3,1.1,1.3,94,4 the Authentic breathtaking. about,Visited MP015 last Winter. The the scenic beauty was absolutely breathtaking. The the restrooms exceeded my expectations. We spent about 4 hours exploring. The locals were very friendly and helpful. Highly recommend this place to everyone. Interesting Unique Organized Stunning Authentic Vibrant,42,Positive,312,61,No,Published,18-02-2025,11-11-2025
RV000826,MP013,Govind Singh,Student,36-50,Female,Singapore,08-07-2025,July,Monsoon,Car,Friends,Adventure,3.8,4.6,3.2,2.6,2.6,1.3,84,experience be we visit. decent,Average experience at MP013. The the local culture is decent but nothing extraordinary. It is good for a one-time visit. The the nearby eateries could be better maintained. Not too crowded when we went. Stunning Beautiful Interesting Vibrant Well-maintained,39,Neutral,322,154,Yes,Pending,15-03-2025,21-12-2026
RV000827,MP029,Tongbram Singh,Student,Under 18,Other,India,24-07-2023,July,Monsoon,Flight,Solo,Pilgrimage,3.3,2.4,1.8,1.9,2,4.7,56,surrounding the for Decent but,Decent place for Solo. MP029 has its charm but the the walking trails was underwhelming. The surrounding area is nice. I would recommend if you have extra time. Stunning Organized Interesting Unique,32,Neutral,72,95,Yes,Hidden,22-07-2025,05-02-2026
RV000828,MP031,Laishram Devi,Family Tourist,36-50,Female,India,11-04-2023,April,Spring,Walking,Friends,Pilgrimage,3.8,1.7,1.9,3.7,3.1,1.8,76,Organized maintained. Average scenic experience,Average experience at MP031. The the scenic beauty is decent but nothing extraordinary. It is good for a one-time visit. The the nearby eateries could be better maintained. Not too crowded when we went. Unique Interesting Well-maintained Vibrant Organized,39,Neutral,406,79,Yes,Pending,19-02-2025,20-03-2026
RV000829,MP009,David Thang,Researcher,18-25,Male,India,05-04-2025,April,Spring,Bike,Couple,Relaxation,4.6,3,4.5,3,2.4,3.3,96,Couple at totally Stunning for,Excellent experience at MP009. The the restrooms was the highlight. Very clean and organized. The entry fee is totally worth it. A must-visit for Couple and nature lovers. Authentic Well-maintained Unique Stunning,32,Positive,280,31,Yes,Pending,22-06-2025,07-02-2026
RV000830,MP048,Arun Kumar,Domestic Tourist,Above 65,Female,India,10-02-2024,February,Winter,Train,Educational Tour,Research,3.3,2.3,2.7,1.1,2.5,2.9,70,though. Well-maintained the beauty Organized,I visited MP048 during Winter and it was okay. The the scenic beauty has potential but lacks maintenance. The view is nice though. Might be better in the dry season. Stunning Interesting Authentic Vibrant Well-maintained Organized,36,Neutral,8,80,No,Published,19-01-2023,18-06-2026
RV000831,MP031,Emily Stone,Foreign Tourist,Under 18,Other,India,12-08-2025,August,Monsoon,Train,Family,Adventure,2.1,4.4,1.1,2.3,4.1,4,42,is We Very shambles. our,Very disappointing visit to MP031. The the heritage is in shambles. Zero management. We encountered heavy garbage which spoiled our day. Avoid going on weekends or during heavy rain. Unique Interesting Beautiful,32,Negative,171,63,No,Published,04-10-2025,15-07-2025
RV000832,MP016,Sita Devi,Domestic Tourist,Under 18,Female,India,25-02-2023,February,Winter,Walking,Friends,Nature Exploration,2.5,1.2,4.8,2.6,2.3,1.2,58,but recommend extra MP016 has,Decent place for Friends. MP016 has its charm but the the walking trails was underwhelming. The surrounding area is nice. I would recommend if you have extra time. Authentic Organized Vibrant Beautiful,32,Negative,284,102,Yes,Pending,25-04-2024,16-12-2025
RV000833,MP044,Lara Croft,Researcher,36-50,Male,India,11-12-2025,December,Winter,Bike,Educational Tour,Photography,3.7,1.3,1.3,1.5,2.3,4.4,71,be The visited the views,I visited MP044 during Winter and it was okay. The the views has potential but lacks maintenance. The view is nice though. Might be better in the dry season. Vibrant Organized Well-maintained,32,Neutral,107,142,No,Pending,06-06-2024,24-08-2026
RV000834,MP043,Deepika Ningthoujam,Travel Blogger,18-25,Male,India,13-05-2023,May,Summer,Flight,Solo,Adventure,3.8,2.8,2,2.5,4.9,1.5,85,The Unique a is visit.,Average experience at MP043. The the views is decent but nothing extraordinary. It is good for a one-time visit. The the restrooms could be better maintained. Not too crowded when we went. Authentic Organized Unique Stunning Vibrant,37,Neutral,88,60,Yes,Pending,12-08-2024,13-09-2025
RV000835,MP027,Mangesh Patil,Student,51-65,Female,Singapore,11-04-2024,April,Spring,Car,Educational Tour,Pilgrimage,1.5,1.7,4.6,2.1,4.1,3.4,39,I entry get. Well-maintained unsafe,Not recommended for Educational Tour. The the ticketing counter was unsafe and unhygienic. The entry fees are too high for what you get. I regret wasting my time here. Well-maintained Vibrant Unique Stunning,33,Negative,293,154,No,Pending,21-12-2025,22-04-2026
RV000836,MP034,Mary Kom,Student,Above 65,Female,India,12-01-2023,January,Winter,Bus,Corporate Group,Adventure,4.5,2,1.9,4.2,2.2,1.9,82,and at amazing is had,I had an amazing experience at MP034 in January. The the heritage is world-class. The atmosphere was so peaceful and relaxing. Perfect for Corporate Group. Will definitely come back again. Beautiful Stunning Well-maintained Organized,34,Positive,196,49,No,Published,09-05-2023,20-05-2026
RV000837,MP003,Deepika Ningthoujam,Local Resident,18-25,Female,India,01-01-2025,January,Winter,Train,Friends,Photography,4,2.6,3.4,2,2.1,2.6,73,and Beautiful Northeast go A,A wonderful trip to Kangla Fort. The the ancient temples and the surrounding urban skyline were incredible. The facilities were well maintained. It's a hidden gem of Northeast India. Just go for it! Unique Interesting Beautiful Stunning,37,Positive,117,60,Yes,Hidden,07-11-2025,09-07-2026
RV000838,MP012,Tongbram Singh,Foreign Tourist,51-65,Other,Singapore,06-07-2024,July,Monsoon,Bike,Friends,Relaxation,5,2.9,2.5,1.7,2,2.6,93,A well a the for,A wonderful trip to MP012. The the local culture and the surrounding water bodies were incredible. The facilities were well maintained. It's a hidden gem of Northeast India. Just go for it! Organized Beautiful Unique,35,Positive,233,3,Yes,Hidden,15-04-2024,08-05-2025
RV000839,MP047,Kiran Bhatt,Foreign Tourist,36-50,Female,India,23-09-2023,September,Monsoon,Car,Corporate Group,Education,1.3,3.4,1.5,1.4,3.4,4.6,36,crowd effort Interesting the worth,Terrible experience at MP047. The the views was poorly maintained and dirty. The the restrooms was completely overrated. The crowd and litter ruined the vibe. Not worth the effort to travel here. Vibrant Interesting Authentic Unique,36,Negative,276,65,No,Hidden,09-08-2023,18-06-2026
RV000840,MP009,Kiran Bhatt,Adventure Tourist,Under 18,Female,India,24-05-2025,May,Summer,Flight,Couple,Relaxation,2.5,4.3,1.2,4.3,3.7,2.8,47,local It's is but Beautiful,"It's an okay spot. The the views is fine but the facilities are basic. The the walking trails was overpriced. However, the local culture around is interesting. Vibrant Stunning Beautiful",30,Negative,466,76,Yes,Pending,01-03-2023,13-09-2025
RV000841,MP045,Hidetoshi Tanaka,Family Tourist,36-50,Other,India,02-11-2023,November,Autumn,Walking,Corporate Group,Wildlife,1.1,3.3,1.8,3.2,4.5,4.2,31,Beautiful MP045 or terrible. signage,Worst tourist spot I have visited in Manipur. The the views is neglected. The road to MP045 is terrible. There is no proper signage or safety measures. Stay away! Vibrant Well-maintained Beautiful Stunning Authentic,34,Negative,351,39,No,Pending,21-10-2023,20-10-2026
RV000842,MP066,Hidetoshi Tanaka,Family Tourist,36-50,Female,India,25-05-2023,May,Summer,Bus,Friends,Education,1.8,4.8,4.9,3.7,1.4,4.5,33,Beautiful We is our Organized,Very disappointing visit to MP066. The the local culture is in shambles. Zero management. We encountered broken pathways which spoiled our day. Avoid going on weekends or during heavy rain. Organized Authentic Beautiful Stunning Vibrant Well-maintained,36,Negative,316,143,No,Pending,15-12-2025,05-06-2026
RV000843,MP035,Aisha Rahman,Solo Traveller,Above 65,Other,India,10-04-2024,April,Spring,Bike,Solo,Photography,3.5,2.1,4.2,1.7,2.5,2.4,61,Stunning Well-maintained has place if,Decent place for Solo. MP035 has its charm but the the walking trails was underwhelming. The surrounding area is nice. I would recommend if you have extra time. Stunning Well-maintained Beautiful Organized,32,Neutral,376,71,Yes,Published,02-06-2025,21-05-2025
RV000844,MP012,Priya Mehra,Travel Blogger,36-50,Male,India,13-04-2024,April,Spring,Bike,Educational Tour,Nature Exploration,2.4,2.2,4.1,2.6,3.4,5,47,road have The is no,Worst tourist spot I have visited in Manipur. The the heritage is neglected. The road to MP012 is terrible. There is no proper signage or safety measures. Stay away! Well-maintained Beautiful Interesting Vibrant,33,Negative,375,80,No,Pending,15-02-2025,13-07-2026
RV000845,MP047,Mangesh Patil,Local Resident,36-50,Other,India,17-05-2024,May,Summer,Train,Educational Tour,Research,3.7,2.4,3.8,4,2.2,1.6,64,have surrounding area would is,Decent place for Educational Tour. MP047 has its charm but the the restrooms was underwhelming. The surrounding area is nice. I would recommend if you have extra time. Interesting Beautiful Stunning,31,Neutral,334,76,Yes,Pending,09-07-2024,17-07-2025
RV000846,MP016,Sunita Devi,Local Resident,Under 18,Male,India,08-08-2025,August,Monsoon,Bus,Educational Tour,Festival,1.8,1.1,4.1,1.5,3.5,2,35,Stunning measures. no Organized visited,Worst tourist spot I have visited in Manipur. The the local culture is neglected. The road to MP016 is terrible. There is no proper signage or safety measures. Stay away! Beautiful Stunning Organized,33,Negative,341,63,No,Pending,05-01-2025,17-05-2025
RV000847,MP048,Kiran Bhatt,Domestic Tourist,51-65,Female,India,05-10-2024,October,Autumn,Walking,Corporate Group,Sightseeing,2.7,1.2,3.1,4.2,4.7,1.6,52,is It the scenic Organized,Average experience at MP048. The the scenic beauty is decent but nothing extraordinary. It is good for a one-time visit. The the restrooms could be better maintained. Not too crowded when we went. Stunning Well-maintained Beautiful Authentic Organized Interesting,39,Neutral,16,33,Yes,Pending,20-08-2023,17-08-2025
RV000848,MP069,Priya Mehra,Researcher,Under 18,Male,India,08-04-2024,April,Spring,Walking,Educational Tour,Wildlife,1,2,2.5,1.2,4.8,4.1,30,fees regret Stunning Unique unsafe,Not recommended for Educational Tour. The the walking trails was unsafe and unhygienic. The entry fees are too high for what you get. I regret wasting my time here. Stunning Well-maintained Vibrant Unique,33,Negative,478,186,No,Published,17-05-2025,25-04-2026
RV000849,MP056,Tongbram Singh,Family Tourist,Above 65,Female,Germany,01-07-2023,July,Monsoon,Bus,Friends,Pilgrimage,1,2.9,2.7,4.8,2.8,4.7,28,scenic on The is our,Very disappointing visit to MP056. The the scenic beauty is in shambles. Zero management. We encountered overcrowding which spoiled our day. Avoid going on weekends or during heavy rain. Unique Interesting Vibrant Well-maintained Stunning,34,Negative,165,67,Yes,Hidden,16-09-2025,24-07-2026
RV000850,MP018,Sonam Wangdi,Photographer,26-35,Male,India,24-07-2023,July,Monsoon,Flight,Friends,Sightseeing,2.9,3.6,2.3,2.6,2.1,3.5,66,The Monsoon maintenance. okay. nice,I visited MP018 during Monsoon and it was okay. The the local culture has potential but lacks maintenance. The view is nice though. Might be better in the dry season. Vibrant Authentic Stunning Interesting Organized Beautiful,36,Neutral,169,155,No,Hidden,04-12-2024,07-05-2025
RV000851,MP032,Jennifer Laiton,Foreign Tourist,18-25,Other,India,14-01-2024,January,Winter,Flight,Solo,Research,1.5,2.6,1.6,1.3,1,4.3,22,Authentic the I no Beautiful,Worst tourist spot I have visited in Manipur. The the views is neglected. The road to MP032 is terrible. There is no proper signage or safety measures. Stay away! Vibrant Interesting Authentic Beautiful,33,Negative,402,132,Yes,Pending,06-12-2023,16-02-2025
RV000852,MP070,Mangesh Patil,Foreign Tourist,Above 65,Female,India,08-06-2025,June,Summer,Train,Friends,Adventure,3.3,4.6,1.9,1.5,4.4,4,68,Vibrant I place has Interesting,Decent place for Friends. MP070 has its charm but the the restrooms was underwhelming. The surrounding area is nice. I would recommend if you have extra time. Interesting Organized Vibrant Well-maintained,31,Neutral,311,135,No,Published,07-01-2023,24-08-2025
RV000853,MP019,Prakash Choudhary,Adventure Tourist,36-50,Male,India,04-02-2023,February,Winter,Bike,Family,Education,4.4,1.5,2.2,3.5,2,1.6,85,to Interesting It's the facilities,A wonderful trip to MP019. The the views and the surrounding hills were incredible. The facilities were well maintained. It's a hidden gem of Northeast India. Just go for it! Interesting Unique Authentic Organized Well-maintained Vibrant,36,Positive,116,116,Yes,Hidden,07-05-2025,14-06-2026
RV000854,MP014,Priya Mehra,Local Resident,26-35,Other,India,05-05-2023,May,Summer,Bus,Corporate Group,Photography,2.1,1.9,1.1,4.5,3.5,1.4,34,to encountered Zero is our,Very disappointing visit to MP014. The the heritage is in shambles. Zero management. We encountered scam guides which spoiled our day. Avoid going on weekends or during heavy rain. Interesting Beautiful Vibrant Stunning Organized,34,Negative,422,126,Yes,Hidden,10-03-2024,15-11-2025
RV000855,MP010,Sanjay Leela,Photographer,26-35,Male,India,13-02-2025,February,Winter,Bike,Family,Photography,5,4.2,4.4,2,1.3,3.9,95,experience Well-maintained clean at must-visit,Excellent experience at MP010. The the parking area was the highlight. Very clean and organized. The entry fee is totally worth it. A must-visit for Family and nature lovers. Well-maintained Organized Authentic Unique,33,Positive,475,174,Yes,Pending,07-11-2024,02-05-2025
RV000856,MP066,Tongbram Singh,Student,18-25,Female,Germany,07-11-2023,November,Autumn,Bus,Couple,Nature Exploration,2.5,3.4,1.1,3.4,1.3,3.6,46,one-time extraordinary. but maintained. better,Average experience at MP066. The the views is decent but nothing extraordinary. It is good for a one-time visit. The the restrooms could be better maintained. Not too crowded when we went. Authentic Interesting Unique Stunning,36,Negative,175,177,Yes,Hidden,09-05-2024,13-03-2026
RV000857,MP017,Tongbram Singh,Solo Traveller,Above 65,Other,Australia,25-05-2025,May,Summer,Bike,Couple,Wildlife,2.7,2.4,4.3,4.9,1.3,4.1,58,underwhelming. Stunning Organized charm surrounding,Decent place for Couple. MP017 has its charm but the the walking trails was underwhelming. The surrounding area is nice. I would recommend if you have extra time. Beautiful Stunning Authentic Unique Organized,33,Neutral,48,162,No,Published,02-09-2023,24-07-2026
RV000858,MP063,Rajesh Kumar,Foreign Tourist,Under 18,Other,India,09-06-2023,June,Summer,Taxi,Family,Nature Exploration,4.3,1.8,4.1,3.5,2.7,4.1,87,of it! incredible. to Well-maintained,A wonderful trip to MP063. The the heritage and the surrounding hills were incredible. The facilities were well maintained. It's a hidden gem of Northeast India. Just go for it! Vibrant Beautiful Unique Stunning Organized Well-maintained,36,Positive,100,148,Yes,Hidden,07-03-2025,10-03-2026
RV000859,MP029,Rahul Verma,Travel Blogger,18-25,Female,Australia,23-07-2023,July,Monsoon,Bike,Corporate Group,Pilgrimage,3.6,2.2,3.3,2.1,3.7,1.6,69,The and Authentic the view,I visited MP029 during Monsoon and it was okay. The the views has potential but lacks maintenance. The view is nice though. Might be better in the dry season. Well-maintained Stunning Interesting Authentic,33,Neutral,164,83,No,Hidden,01-06-2023,24-09-2025
RV000860,MP012,Aisha Rahman,Photographer,18-25,Male,India,05-09-2024,September,Monsoon,Walking,Solo,Relaxation,5,1.5,2.7,1.1,3.5,2.4,93,is Excellent worth entry Very,Excellent experience at MP012. The the walking trails was the highlight. Very clean and organized. The entry fee is totally worth it. A must-visit for Solo and nature lovers. Vibrant Unique Authentic Interesting Stunning,34,Positive,380,18,No,Hidden,10-01-2024,13-02-2025
RV000861,MP053,Sanjay Leela,Adventure Tourist,51-65,Other,India,20-06-2024,June,Summer,Walking,Educational Tour,Adventure,3.3,1.2,1.3,4.9,4,1.3,58,season. better nice the was,I visited MP053 during Summer and it was okay. The the heritage has potential but lacks maintenance. The view is nice though. Might be better in the dry season. Unique Organized Vibrant Stunning Well-maintained,34,Neutral,136,75,No,Published,14-02-2024,05-02-2026
RV000862,MP017,Arun Kumar,Family Tourist,26-35,Male,India,24-05-2025,May,Summer,Flight,Friends,Research,4.4,1.2,4.2,1.2,1.4,2.8,91,the for a trip hidden,A wonderful trip to MP017. The the local culture and the surrounding greenery were incredible. The facilities were well maintained. It's a hidden gem of Northeast India. Just go for it! Interesting Vibrant Unique Beautiful Authentic,36,Positive,416,149,Yes,Pending,09-09-2025,20-09-2025
RV000863,MP014,Ravi Shankar,Student,18-25,Male,India,22-04-2023,April,Spring,Taxi,Solo,Pilgrimage,3.9,1.6,2.1,4.6,4.6,1.5,74,"It's Interesting However, local the","It's an okay spot. The the views is fine but the facilities are basic. The the walking trails was overpriced. However, the local culture around is interesting. Vibrant Interesting Unique",30,Neutral,321,161,Yes,Pending,03-09-2024,08-01-2025
RV000864,MP024,Bimol Sharma,Researcher,Above 65,Male,India,03-10-2023,October,Autumn,Flight,Educational Tour,Relaxation,3.5,4.2,3.9,3.8,3.6,3.1,64,maintained. Well-maintained Average a the,Average experience at MP024. The the scenic beauty is decent but nothing extraordinary. It is good for a one-time visit. The the parking area could be better maintained. Not too crowded when we went. Vibrant Authentic Well-maintained,37,Neutral,241,39,No,Hidden,08-01-2025,15-10-2025
RV000865,MP021,Anjan Dutta,Travel Blogger,51-65,Other,India,06-05-2024,May,Summer,Walking,Family,Nature Exploration,3.7,4.8,4.3,3.3,4.2,4.7,64,culture the Beautiful better though.,I visited MP021 during Summer and it was okay. The the local culture has potential but lacks maintenance. The view is nice though. Might be better in the dry season. Interesting Beautiful Stunning,33,Neutral,373,124,Yes,Published,14-08-2023,23-01-2026
RV000866,MP014,Ravi Shankar,Researcher,Under 18,Male,India,21-04-2024,April,Spring,Walking,Corporate Group,Festival,3.4,4.4,1.4,3.5,2.3,4.3,64,be lacks nice the Spring,I visited MP014 during Spring and it was okay. The the heritage has potential but lacks maintenance. The view is nice though. Might be better in the dry season. Beautiful Authentic Vibrant Interesting Stunning,34,Neutral,3,180,Yes,Pending,10-06-2024,18-07-2026
RV000867,MP004,Lara Croft,Foreign Tourist,36-50,Female,Malaysia,09-10-2023,October,Autumn,Train,Educational Tour,Photography,3.8,2.1,3.8,4.8,2.6,4.4,70,better maintained. decent be Not,Average experience at Govindajee Temple. The the evening aarti is decent but nothing extraordinary. It is good for a one-time visit. The the ticketing counter could be better maintained. Not too crowded when we went. Vibrant Unique Interesting Organized,39,Neutral,469,100,Yes,Hidden,08-03-2023,06-01-2025
RV000868,MP046,Sonam Wangdi,Researcher,Above 65,Male,Singapore,25-11-2024,November,Autumn,Taxi,Family,Festival,4.9,1.3,1.1,4.1,1,3.9,90,exceeded last my Beautiful helpful.,Visited MP046 last Autumn. The the heritage was absolutely breathtaking. The the nearby eateries exceeded my expectations. We spent about 3 hours exploring. The locals were very friendly and helpful. Highly recommend this place to everyone. Organized Authentic Unique Interesting Well-maintained Beautiful,42,Positive,295,144,No,Published,01-07-2023,21-11-2025
RV000869,MP002,Moirangthem,Adventure Tourist,26-35,Male,India,25-07-2024,July,Monsoon,Bus,Friends,Pilgrimage,5,1.9,3.1,1.5,3.7,4,95,Unique my We helpful. Beautiful,Visited Keibul Lamjao last Monsoon. The Keibul Lamjao was absolutely breathtaking. The the parking area exceeded my expectations. We spent about 3 hours exploring. The locals were very friendly and helpful. Highly recommend this place to everyone. Beautiful Unique Stunning Authentic,41,Positive,284,33,No,Pending,11-10-2025,14-11-2025
RV000870,MP055,Tongbram Singh,Adventure Tourist,Above 65,Male,Singapore,22-06-2024,June,Summer,Taxi,Solo,Wildlife,2,3.8,3.7,2.5,1,4.3,39,fees Organized Solo. The parking,Not recommended for Solo. The the parking area was unsafe and unhygienic. The entry fees are too high for what you get. I regret wasting my time here. Organized Interesting Vibrant Authentic Unique,33,Negative,8,58,No,Published,02-05-2025,21-03-2025
RV000871,MP053,David Thang,Local Resident,51-65,Other,India,05-10-2023,October,Autumn,Train,Educational Tour,Adventure,4.1,3,2.3,1.3,2.6,4.6,75,Vibrant locals Organized Highly absolutely,Visited MP053 last Autumn. The the local culture was absolutely breathtaking. The the ticketing counter exceeded my expectations. We spent about 2 hours exploring. The locals were very friendly and helpful. Highly recommend this place to everyone. Interesting Beautiful Well-maintained Vibrant Authentic Organized,43,Positive,93,183,Yes,Hidden,14-05-2025,02-06-2025
RV000872,MP061,John Doe,Domestic Tourist,36-50,Male,India,06-07-2024,July,Monsoon,Walking,Educational Tour,Research,4.4,2.8,2,3,2.4,2.5,92,MP061 amazing the so Interesting,I had an amazing experience at MP061 in July. The the scenic beauty is world-class. The atmosphere was so peaceful and relaxing. Perfect for Educational Tour. Will definitely come back again. Well-maintained Interesting Unique,34,Positive,29,126,No,Published,09-06-2024,10-08-2026
RV000873,MP012,Hidetoshi Tanaka,Solo Traveller,Above 65,Other,India,11-04-2025,April,Spring,Bike,Corporate Group,Photography,4.3,3.5,3.8,2.6,2.8,4.2,81,MP012. A Just go incredible.,A wonderful trip to MP012. The the views and the surrounding hills were incredible. The facilities were well maintained. It's a hidden gem of Northeast India. Just go for it! Well-maintained Beautiful Unique Stunning Interesting,35,Positive,399,128,No,Pending,07-03-2024,22-04-2025
RV000874,MP010,Sita Devi,Solo Traveller,26-35,Male,India,03-11-2025,November,Autumn,Car,Solo,Photography,5,4.8,1.3,4.9,3,1,100,fee Stunning MP010. entry the,Excellent experience at MP010. The the ticketing counter was the highlight. Very clean and organized. The entry fee is totally worth it. A must-visit for Solo and nature lovers. Authentic Well-maintained Stunning Vibrant Beautiful Interesting,35,Positive,433,60,No,Pending,16-12-2025,05-05-2025
RV000875,MP048,John Doe,Domestic Tourist,18-25,Male,India,07-11-2025,November,Autumn,Walking,Corporate Group,Pilgrimage,2.9,3.5,4.9,2.4,1.3,3.2,55,went. the a scenic Average,Average experience at MP048. The the scenic beauty is decent but nothing extraordinary. It is good for a one-time visit. The the nearby eateries could be better maintained. Not too crowded when we went. Organized Authentic Unique Interesting Beautiful Stunning,40,Neutral,223,15,Yes,Hidden,08-05-2024,07-06-2026
RV000876,MP049,Sita Devi,Adventure Tourist,Above 65,Female,India,09-07-2025,July,Monsoon,Bike,Family,Pilgrimage,3.9,2.7,4.5,1,2.7,3.1,72,heritage the facilities an the,"It's an okay spot. The the heritage is fine but the facilities are basic. The the parking area was overpriced. However, the local culture around is interesting. Authentic Unique Well-maintained Interesting",31,Neutral,384,167,No,Pending,05-12-2024,11-09-2026
RV000877,MP040,Govind Singh,Family Tourist,18-25,Male,Singapore,03-01-2025,January,Winter,Bike,Couple,Nature Exploration,2.6,2.5,1.6,1.6,3.1,3.3,52,season. beauty be was Stunning,I visited MP040 during Winter and it was okay. The the scenic beauty has potential but lacks maintenance. The view is nice though. Might be better in the dry season. Stunning Beautiful Well-maintained Unique Authentic,35,Neutral,295,95,Yes,Published,18-12-2025,12-11-2025
RV000878,MP006,Laishram Devi,Adventure Tourist,Above 65,Male,India,08-08-2024,August,Monsoon,Walking,Solo,Relaxation,4.3,1.6,3,4.3,3.5,3.4,86,The definitely is Interesting so,I had an amazing experience at MP006 in August. The the heritage is world-class. The atmosphere was so peaceful and relaxing. Perfect for Solo. Will definitely come back again. Well-maintained Vibrant Interesting Stunning Beautiful Unique,35,Positive,267,154,Yes,Pending,04-04-2024,13-12-2025
RV000879,MP038,Mary Kom,Local Resident,36-50,Male,Australia,19-01-2024,January,Winter,Taxi,Couple,Nature Exploration,2.5,3.8,3.4,1.5,1.6,1.8,55,nothing when could The Organized,Average experience at MP038. The the local culture is decent but nothing extraordinary. It is good for a one-time visit. The the parking area could be better maintained. Not too crowded when we went. Organized Vibrant Well-maintained Authentic Interesting Unique,40,Negative,489,60,Yes,Hidden,25-12-2024,23-11-2025
RV000880,MP063,Aisha Rahman,Local Resident,Above 65,Female,India,17-04-2023,April,Spring,Flight,Friends,Sightseeing,4.4,2.9,4.5,2.3,2.3,4.7,92,was friendly The place expectations.,Visited MP063 last Spring. The the local culture was absolutely breathtaking. The the ticketing counter exceeded my expectations. We spent about 3 hours exploring. The locals were very friendly and helpful. Highly recommend this place to everyone. Well-maintained Interesting Organized Stunning,41,Positive,351,188,Yes,Published,11-11-2024,15-06-2026
RV000881,MP018,Anjan Dutta,Foreign Tourist,Under 18,Other,India,08-04-2024,April,Spring,Car,Friends,Pilgrimage,2,1.2,3.6,2.6,3,4.8,39,I have is measures. in,Worst tourist spot I have visited in Manipur. The the local culture is neglected. The road to MP018 is terrible. There is no proper signage or safety measures. Stay away! Interesting Vibrant Unique Stunning Well-maintained,35,Negative,472,159,Yes,Pending,22-04-2023,02-04-2026
RV000882,MP037,Mangesh Patil,Photographer,51-65,Other,India,16-08-2024,August,Monsoon,Bike,Family,Festival,1.6,4.2,3.9,3.4,4.2,3.4,33,for recommended my Stunning was,Not recommended for Family. The the parking area was unsafe and unhygienic. The entry fees are too high for what you get. I regret wasting my time here. Vibrant Stunning Unique,31,Negative,355,8,No,Pending,07-01-2023,13-02-2025
RV000883,MP005,Jennifer Laiton,Family Tourist,51-65,Female,India,22-10-2025,October,Autumn,Car,Solo,Adventure,5,4,2.5,4.7,2.9,4.6,100,atmosphere is Beautiful Interesting was,I had an amazing experience at Ima Keithel in October. The Ima Keithel is world-class. The atmosphere was so peaceful and relaxing. Perfect for Solo. Will definitely come back again. Beautiful Interesting Organized Vibrant,34,Positive,422,49,Yes,Hidden,18-04-2025,24-06-2026
RV000884,MP018,John Doe,Researcher,36-50,Male,India,10-02-2025,February,Winter,Bike,Educational Tour,Research,2.7,1.5,3.8,4.7,1.4,1.3,60,culture The nothing is went.,Average experience at MP018. The the local culture is decent but nothing extraordinary. It is good for a one-time visit. The the walking trails could be better maintained. Not too crowded when we went. Beautiful Vibrant Unique Well-maintained,38,Neutral,357,50,No,Hidden,17-02-2024,01-07-2025
RV000885,MP010,Anjan Dutta,Student,51-65,Female,India,20-05-2023,May,Summer,Taxi,Friends,Education,5,3.7,2.5,3.9,3.4,3.5,99,to for the India. views,A wonderful trip to MP010. The the views and the surrounding greenery were incredible. The facilities were well maintained. It's a hidden gem of Northeast India. Just go for it! Stunning Organized Beautiful Unique Authentic Interesting,36,Positive,380,165,No,Published,23-08-2024,18-02-2025
RV000886,MP055,Moirangthem,Photographer,Above 65,Male,Malaysia,02-01-2023,January,Winter,Train,Couple,Photography,1.7,3.6,4.8,1.3,3.2,3.9,24,terrible. have spot the Worst,Worst tourist spot I have visited in Manipur. The the scenic beauty is neglected. The road to MP055 is terrible. There is no proper signage or safety measures. Stay away! Beautiful Unique Organized,33,Negative,351,175,Yes,Hidden,22-04-2023,24-09-2026
RV000887,MP002,Kiran Bhatt,Researcher,36-50,Male,India,15-12-2025,December,Winter,Walking,Educational Tour,Research,4,4.6,4.1,3.1,3.4,1.7,83,were it! Unique and incredible.,A wonderful trip to Keibul Lamjao. The Keibul Lamjao and the surrounding water bodies were incredible. The facilities were well maintained. It's a hidden gem of Northeast India. Just go for it! Authentic Stunning Interesting Unique Well-maintained,37,Positive,222,133,Yes,Pending,18-05-2024,25-04-2026
RV000888,MP044,Hidetoshi Tanaka,Adventure Tourist,36-50,Female,Thailand,02-11-2024,November,Autumn,Car,Corporate Group,Research,4.3,3.2,3.8,2.5,3.6,4.4,92,The were the go of,A wonderful trip to MP044. The the views and the surrounding hills were incredible. The facilities were well maintained. It's a hidden gem of Northeast India. Just go for it! Authentic Beautiful Interesting Organized Stunning Well-maintained,36,Positive,180,51,Yes,Hidden,25-12-2025,24-05-2026
RV000889,MP066,Riya Das,Family Tourist,51-65,Female,India,19-07-2024,July,Monsoon,Train,Educational Tour,Festival,1.3,2.4,1.6,4.4,2.8,2.9,28,litter the to experience at,Terrible experience at MP066. The the local culture was poorly maintained and dirty. The the walking trails was completely overrated. The crowd and litter ruined the vibe. Not worth the effort to travel here. Authentic Organized Unique Vibrant Stunning,39,Negative,110,25,Yes,Pending,22-12-2024,13-08-2026
RV000890,MP041,Priya Mehra,Local Resident,26-35,Other,India,25-05-2025,May,Summer,Bus,Friends,Pilgrimage,1.8,3.5,2.1,2.5,4,2.3,37,effort the The Terrible overrated.,Terrible experience at MP041. The the heritage was poorly maintained and dirty. The the restrooms was completely overrated. The crowd and litter ruined the vibe. Not worth the effort to travel here. Beautiful Unique Organized Well-maintained Interesting Stunning,38,Negative,309,107,Yes,Hidden,23-01-2023,20-03-2025
RV000891,MP028,Lara Croft,Photographer,26-35,Female,India,18-11-2025,November,Autumn,Car,Solo,Research,4,3.4,3.5,1.7,3.7,1.3,70,Highly Well-maintained very Autumn. was,Visited MP028 last Autumn. The the scenic beauty was absolutely breathtaking. The the walking trails exceeded my expectations. We spent about 4 hours exploring. The locals were very friendly and helpful. Highly recommend this place to everyone. Well-maintained Stunning Authentic,40,Positive,482,23,Yes,Pending,20-05-2025,04-03-2026
RV000892,MP003,Anjan Dutta,Researcher,26-35,Male,Thailand,19-07-2023,July,Monsoon,Walking,Friends,Research,4.7,2,3.3,3.7,2.8,2,86,and maintained. facilities Just wonderful,A wonderful trip to Kangla Fort. The Kangla Fort and the surrounding urban skyline were incredible. The facilities were well maintained. It's a hidden gem of Northeast India. Just go for it! Authentic Stunning Organized Beautiful Well-maintained Vibrant,38,Positive,330,1,No,Pending,07-02-2023,06-09-2025
RV000893,MP033,Mary Kom,Travel Blogger,36-50,Male,United Kingdom,03-06-2024,June,Summer,Flight,Solo,Nature Exploration,3.8,2.7,1.4,1.2,3.1,2.5,70,charm Decent ticketing area its,Decent place for Solo. MP033 has its charm but the the ticketing counter was underwhelming. The surrounding area is nice. I would recommend if you have extra time. Authentic Unique Beautiful Interesting Stunning Organized,34,Neutral,415,49,No,Pending,15-08-2024,20-05-2026
RV000894,MP006,Aisha Rahman,Photographer,Under 18,Female,India,13-03-2025,March,Spring,Car,Corporate Group,Nature Exploration,4.6,2.7,3,2.6,1.3,2,100,3 spent The the about,Visited MP006 last Spring. The the local culture was absolutely breathtaking. The the walking trails exceeded my expectations. We spent about 3 hours exploring. The locals were very friendly and helpful. Highly recommend this place to everyone. Vibrant Organized Unique Stunning Beautiful Authentic,43,Positive,49,198,No,Published,01-10-2025,25-07-2025
RV000895,MP007,Ravi Shankar,Adventure Tourist,26-35,Other,Malaysia,13-08-2023,August,Monsoon,Bike,Solo,Nature Exploration,5,2.1,2.9,2.1,3.1,3.4,90,the definitely an had was,I had an amazing experience at MP007 in August. The the scenic beauty is world-class. The atmosphere was so peaceful and relaxing. Perfect for Solo. Will definitely come back again. Vibrant Organized Beautiful Stunning,34,Positive,97,170,Yes,Pending,21-04-2024,08-08-2025
RV000896,MP004,Deepika Ningthoujam,Local Resident,36-50,Male,India,06-07-2024,July,Monsoon,Bus,Family,Festival,5,4.3,2.7,1.7,4.9,1.5,100,friendly exceeded Unique The absolutely,Visited Govindajee Temple last Monsoon. The the evening aarti was absolutely breathtaking. The the ticketing counter exceeded my expectations. We spent about 2 hours exploring. The locals were very friendly and helpful. Highly recommend this place to everyone. Unique Beautiful Organized,41,Positive,246,41,Yes,Pending,11-01-2025,11-07-2026
RV000897,MP005,Sonam Wangdi,Student,Under 18,Other,India,04-08-2023,August,Monsoon,Bike,Educational Tour,Photography,4.2,2.9,4.7,1.7,1.1,3,91,was Ima and nature Educational,Excellent experience at Ima Keithel. The the restrooms was the highlight. Very clean and organized. The entry fee is totally worth it. A must-visit for Educational Tour and nature lovers. Beautiful Interesting Well-maintained,33,Positive,289,99,Yes,Pending,24-06-2023,17-10-2025
RV000898,MP010,Anjan Dutta,Photographer,Above 65,Other,India,08-09-2024,September,Monsoon,Walking,Corporate Group,Relaxation,2.7,4.7,3.2,2.4,4,4.6,61,view is and okay. The,I visited MP010 during Monsoon and it was okay. The the scenic beauty has potential but lacks maintenance. The view is nice though. Might be better in the dry season. Well-maintained Unique Vibrant,33,Neutral,135,88,Yes,Hidden,15-06-2024,17-05-2026
RV000899,MP008,Moirangthem,Student,51-65,Other,India,18-11-2024,November,Autumn,Flight,Corporate Group,Education,4,4.4,4.4,3,4.9,3.1,85,this Vibrant Visited exploring. Stunning,Visited MP008 last Autumn. The the heritage was absolutely breathtaking. The the ticketing counter exceeded my expectations. We spent about 5 hours exploring. The locals were very friendly and helpful. Highly recommend this place to everyone. Well-maintained Vibrant Beautiful Authentic Interesting Stunning,42,Positive,375,60,Yes,Hidden,18-04-2024,25-01-2026
RV000900,MP012,Sonam Wangdi,Local Resident,36-50,Male,India,24-02-2024,February,Winter,Bike,Family,Adventure,1.7,3,3.8,2.8,2.6,3.8,39,Not maintained Well-maintained the ruined,Terrible experience at MP012. The the local culture was poorly maintained and dirty. The the parking area was completely overrated. The crowd and litter ruined the vibe. Not worth the effort to travel here. Well-maintained Vibrant Unique Beautiful,38,Negative,334,161,Yes,Hidden,11-12-2025,22-10-2025
RV000901,MP004,Riya Das,Family Tourist,36-50,Female,Thailand,07-06-2024,June,Summer,Bike,Family,Photography,2.3,1.7,4.4,4.9,4.1,2.2,53,encountered weekends or to garbage,Very disappointing visit to Govindajee Temple. The the twin golden domes is in shambles. Zero management. We encountered heavy garbage which spoiled our day. Avoid going on weekends or during heavy rain. Organized Vibrant Beautiful,35,Negative,145,78,No,Hidden,06-05-2025,06-12-2026
RV000902,MP003,Prakash Choudhary,Foreign Tourist,51-65,Other,India,16-10-2025,October,Autumn,Flight,Friends,Nature Exploration,3.3,4,3.9,2.5,3,3.2,59,visit. The maintained. The counter,Average experience at Kangla Fort. The Kangla Fort is decent but nothing extraordinary. It is good for a one-time visit. The the ticketing counter could be better maintained. Not too crowded when we went. Authentic Organized Interesting,37,Neutral,386,127,No,Published,22-04-2024,09-08-2025
RV000903,MP019,Sita Devi,Adventure Tourist,18-25,Other,India,20-12-2025,December,Winter,Train,Solo,Research,4.7,1.4,4.3,3.2,2.1,2.5,86,The Stunning A for water,A wonderful trip to MP019. The the heritage and the surrounding water bodies were incredible. The facilities were well maintained. It's a hidden gem of Northeast India. Just go for it! Interesting Stunning Unique Vibrant Beautiful Organized,37,Positive,326,110,No,Published,05-06-2025,19-07-2025
RV000904,MP018,Emily Stone,Solo Traveller,36-50,Female,India,08-04-2023,April,Spring,Walking,Friends,Pilgrimage,4.8,2,1.9,1.6,1.6,2.9,96,it! a facilities India. Well-maintained,A wonderful trip to MP018. The the heritage and the surrounding urban skyline were incredible. The facilities were well maintained. It's a hidden gem of Northeast India. Just go for it! Vibrant Stunning Authentic Interesting Well-maintained Unique,37,Positive,175,26,Yes,Published,24-02-2023,03-09-2025
RV000905,MP002,Rahul Verma,Solo Traveller,51-65,Female,India,10-05-2024,May,Summer,Car,Family,Nature Exploration,3.8,1.6,3.9,2.5,2.2,3.8,78,visit. Lamjao. crowded It Average,Average experience at Keibul Lamjao. The the Sangai deer is decent but nothing extraordinary. It is good for a one-time visit. The the walking trails could be better maintained. Not too crowded when we went. Authentic Unique Vibrant Organized Beautiful Well-maintained,41,Neutral,473,20,No,Pending,03-08-2024,16-08-2025
RV000906,MP002,Mary Kom,Solo Traveller,51-65,Other,India,10-05-2023,May,Summer,Flight,Corporate Group,Research,5,4.4,2.6,1.7,3.6,4.1,100,about recommend birdlife to The,Visited Keibul Lamjao last Summer. The the birdlife was absolutely breathtaking. The the ticketing counter exceeded my expectations. We spent about 4 hours exploring. The locals were very friendly and helpful. Highly recommend this place to everyone. Organized Beautiful Unique Stunning Well-maintained,42,Positive,22,30,Yes,Published,21-10-2023,22-11-2026
RV000907,MP010,Anjan Dutta,Photographer,Under 18,Other,Singapore,12-01-2024,January,Winter,Flight,Educational Tour,Sightseeing,5,2.2,1.8,4.9,3.8,3.7,93,Will relaxing. atmosphere come for,I had an amazing experience at MP010 in January. The the heritage is world-class. The atmosphere was so peaceful and relaxing. Perfect for Educational Tour. Will definitely come back again. Beautiful Well-maintained Vibrant Unique Organized,35,Positive,75,0,Yes,Hidden,21-10-2023,07-08-2026
RV000908,MP050,Sanjay Leela,Researcher,18-25,Female,India,15-01-2024,January,Winter,Walking,Friends,Wildlife,2.2,1.9,2.4,2.2,1.2,2.2,40,Interesting visit Authentic garbage day.,Very disappointing visit to MP050. The the scenic beauty is in shambles. Zero management. We encountered heavy garbage which spoiled our day. Avoid going on weekends or during heavy rain. Interesting Stunning Authentic,33,Negative,450,183,No,Pending,02-06-2024,23-12-2025
RV000909,MP055,Tongbram Singh,Adventure Tourist,Under 18,Female,India,03-05-2023,May,Summer,Flight,Family,Research,1,4.5,1.5,1.5,4.1,4.5,21,The the wasting for here.,Not recommended for Family. The the restrooms was unsafe and unhygienic. The entry fees are too high for what you get. I regret wasting my time here. Interesting Organized Vibrant,30,Negative,400,156,No,Published,17-01-2024,07-04-2025
RV000910,MP070,Mary Kom,Travel Blogger,Above 65,Other,India,03-09-2025,September,Monsoon,Bike,Solo,Festival,1,3.9,1.2,3.1,2.7,1.1,19,vibe. The worth poorly The,Terrible experience at MP070. The the views was poorly maintained and dirty. The the parking area was completely overrated. The crowd and litter ruined the vibe. Not worth the effort to travel here. Interesting Vibrant Authentic,36,Negative,352,69,No,Published,18-05-2023,06-12-2026
RV000911,MP029,Neha Agarwal,Solo Traveller,26-35,Male,India,18-01-2024,January,Winter,Bus,Couple,Education,4.2,3.9,3.5,1.5,2.3,2.5,87,Unique wonderful water maintained. trip,A wonderful trip to MP029. The the heritage and the surrounding water bodies were incredible. The facilities were well maintained. It's a hidden gem of Northeast India. Just go for it! Interesting Vibrant Unique Authentic,35,Positive,58,7,Yes,Hidden,14-02-2023,07-09-2026
RV000912,MP019,Mangesh Patil,Family Tourist,51-65,Male,India,25-09-2024,September,Monsoon,Train,Couple,Adventure,3.1,1.2,2.9,2.4,1.9,4.4,56,Stunning MP019 season. Might potential,I visited MP019 during Monsoon and it was okay. The the heritage has potential but lacks maintenance. The view is nice though. Might be better in the dry season. Interesting Unique Well-maintained Vibrant Stunning Organized,35,Neutral,134,157,No,Hidden,20-10-2024,21-11-2025
RV000913,MP010,Sonam Wangdi,Travel Blogger,Under 18,Female,India,16-06-2024,June,Summer,Train,Friends,Relaxation,2.1,4.4,1.4,1.5,1.8,4.3,47,Well-maintained poorly The Organized The,Terrible experience at MP010. The the scenic beauty was poorly maintained and dirty. The the restrooms was completely overrated. The crowd and litter ruined the vibe. Not worth the effort to travel here. Interesting Organized Well-maintained Authentic,37,Negative,30,117,Yes,Pending,15-02-2023,20-06-2026
RV000914,MP025,Sita Devi,Domestic Tourist,18-25,Male,India,22-12-2025,December,Winter,Car,Solo,Photography,4.4,1.9,2.6,1.3,2.8,2.8,97,expectations. Authentic helpful. last Vibrant,Visited MP025 last Winter. The the views was absolutely breathtaking. The the ticketing counter exceeded my expectations. We spent about 3 hours exploring. The locals were very friendly and helpful. Highly recommend this place to everyone. Authentic Beautiful Unique Organized Vibrant,41,Positive,206,95,Yes,Published,13-08-2024,15-04-2025
RV000915,MP016,Rajesh Kumar,Photographer,36-50,Male,India,25-11-2025,November,Autumn,Bus,Family,Relaxation,4.7,2.5,2.8,3.5,2.7,4.6,100,friendly Visited eateries Organized was,Visited MP016 last Autumn. The the local culture was absolutely breathtaking. The the nearby eateries exceeded my expectations. We spent about 2 hours exploring. The locals were very friendly and helpful. Highly recommend this place to everyone. Organized Unique Stunning,40,Positive,310,169,Yes,Pending,21-08-2024,22-06-2025
RV000916,MP028,Sita Devi,Travel Blogger,Under 18,Male,India,02-01-2023,January,Winter,Flight,Solo,Research,1.8,4.7,4.9,3.7,1.5,2,33,counter and Unique Stunning unhygienic.,Not recommended for Solo. The the ticketing counter was unsafe and unhygienic. The entry fees are too high for what you get. I regret wasting my time here. Unique Beautiful Stunning Interesting Well-maintained,33,Negative,379,24,No,Hidden,23-12-2025,08-11-2026
RV000917,MP020,Laishram Devi,Travel Blogger,18-25,Other,India,20-12-2023,December,Winter,Car,Family,Wildlife,3.7,2.1,3.9,2.4,3.8,3.3,73,nice better potential and during,I visited MP020 during Winter and it was okay. The the scenic beauty has potential but lacks maintenance. The view is nice though. Might be better in the dry season. Stunning Vibrant Authentic Organized Interesting,35,Neutral,248,192,Yes,Hidden,10-02-2023,17-10-2025
RV000918,MP026,Hidetoshi Tanaka,Local Resident,Above 65,Male,India,06-11-2024,November,Autumn,Flight,Educational Tour,Wildlife,1.9,4.4,3.9,3.9,3,3,45,the Terrible maintained travel The,Terrible experience at MP026. The the views was poorly maintained and dirty. The the restrooms was completely overrated. The crowd and litter ruined the vibe. Not worth the effort to travel here. Well-maintained Authentic Organized Interesting,36,Negative,370,147,No,Pending,22-07-2023,06-09-2026
RV000919,MP024,Sanjay Leela,Local Resident,18-25,Female,India,01-06-2023,June,Summer,Walking,Family,Sightseeing,2.5,2.1,2.7,2.2,1.7,2.5,56,ticketing The be when good,Average experience at MP024. The the views is decent but nothing extraordinary. It is good for a one-time visit. The the ticketing counter could be better maintained. Not too crowded when we went. Unique Well-maintained Interesting Stunning Beautiful,38,Negative,279,72,Yes,Published,21-08-2025,10-03-2025
RV000920,MP011,Riya Das,Travel Blogger,51-65,Other,United Kingdom,08-02-2024,February,Winter,Car,Family,Photography,4.7,3.2,3.3,1.7,1.7,1.4,90,MP011. wonderful the were maintained.,A wonderful trip to MP011. The the local culture and the surrounding water bodies were incredible. The facilities were well maintained. It's a hidden gem of Northeast India. Just go for it! Well-maintained Vibrant Unique Authentic,36,Positive,106,150,Yes,Pending,17-05-2025,18-06-2026
RV000921,MP052,Rahul Verma,Travel Blogger,36-50,Other,India,18-01-2025,January,Winter,Walking,Couple,Wildlife,1,4,4.2,4.8,1.6,2.9,27,or rain. our MP052. visit,Very disappointing visit to MP052. The the scenic beauty is in shambles. Zero management. We encountered heavy garbage which spoiled our day. Avoid going on weekends or during heavy rain. Stunning Beautiful Interesting Unique Vibrant,35,Negative,13,104,Yes,Published,05-01-2024,22-01-2025
RV000922,MP020,Sunita Devi,Student,26-35,Other,India,08-09-2025,September,Monsoon,Bus,Family,Adventure,2.2,2.5,3.8,1.3,3.3,2.1,43,dirty. at and poorly effort,Terrible experience at MP020. The the scenic beauty was poorly maintained and dirty. The the nearby eateries was completely overrated. The crowd and litter ruined the vibe. Not worth the effort to travel here. Organized Beautiful Unique Stunning Interesting,39,Negative,58,4,Yes,Pending,02-10-2024,23-12-2025
RV000923,MP039,Ravi Shankar,Photographer,36-50,Male,India,14-07-2023,July,Monsoon,Walking,Family,Pilgrimage,2,1.8,2.5,4.6,1.2,3.8,39,Not views counter ruined The,Terrible experience at MP039. The the views was poorly maintained and dirty. The the ticketing counter was completely overrated. The crowd and litter ruined the vibe. Not worth the effort to travel here. Interesting Stunning Unique Authentic Beautiful,38,Negative,47,45,Yes,Published,13-09-2024,01-06-2025
RV000924,MP015,David Thang,Travel Blogger,51-65,Other,India,12-03-2025,March,Spring,Bike,Couple,Nature Exploration,3.7,4.1,2.1,2.7,1.5,4.6,74,The Organized MP015 recommend Decent,Decent place for Couple. MP015 has its charm but the the parking area was underwhelming. The surrounding area is nice. I would recommend if you have extra time. Beautiful Unique Well-maintained Vibrant Organized,33,Neutral,376,155,Yes,Published,21-07-2025,21-04-2025
RV000925,MP021,Jennifer Laiton,Domestic Tourist,36-50,Male,India,24-01-2025,January,Winter,Walking,Friends,Adventure,2.2,3.1,3.4,4.2,3.3,3.9,51,to heritage spoiled Stunning Unique,Very disappointing visit to MP021. The the heritage is in shambles. Zero management. We encountered broken pathways which spoiled our day. Avoid going on weekends or during heavy rain. Unique Stunning Vibrant Authentic,33,Negative,278,112,No,Published,08-01-2024,17-08-2025
RV000926,MP019,Emily Stone,Photographer,36-50,Female,India,23-09-2024,September,Monsoon,Flight,Friends,Photography,2.8,3.9,3.6,2.7,2.8,1.5,51,nice. surrounding Well-maintained the area,Decent place for Friends. MP019 has its charm but the the parking area was underwhelming. The surrounding area is nice. I would recommend if you have extra time. Unique Interesting Organized Authentic Well-maintained Vibrant,34,Neutral,49,103,Yes,Pending,06-05-2025,20-03-2026
RV000927,MP022,Sanjay Leela,Family Tourist,26-35,Female,India,23-04-2024,April,Spring,Bike,Corporate Group,Adventure,1.8,3.9,1,2.6,3.2,3.7,31,The the no spot to,Worst tourist spot I have visited in Manipur. The the views is neglected. The road to MP022 is terrible. There is no proper signage or safety measures. Stay away! Unique Beautiful Vibrant,32,Negative,383,190,No,Hidden,19-04-2023,02-01-2026
RV000928,MP033,Hidetoshi Tanaka,Adventure Tourist,26-35,Other,India,19-04-2025,April,Spring,Taxi,Friends,Wildlife,3.3,1.9,4.2,1.7,5,1,60,Authentic Interesting the the is,Decent place for Friends. MP033 has its charm but the the parking area was underwhelming. The surrounding area is nice. I would recommend if you have extra time. Authentic Stunning Interesting Organized,32,Neutral,58,166,Yes,Pending,25-01-2024,11-06-2025
RV000929,MP036,Moirangthem,Family Tourist,Above 65,Other,Singapore,12-10-2024,October,Autumn,Car,Family,Education,2.3,4,3.9,2.2,3.8,2.4,51,and Vibrant at travel The,Terrible experience at MP036. The the heritage was poorly maintained and dirty. The the walking trails was completely overrated. The crowd and litter ruined the vibe. Not worth the effort to travel here. Interesting Unique Vibrant Well-maintained Organized,38,Negative,58,77,No,Pending,20-10-2023,16-12-2025
RV000930,MP004,Moirangthem,Solo Traveller,Above 65,Male,Australia,08-11-2023,November,Autumn,Car,Friends,Wildlife,4,4,4,4.1,4.3,1.4,85,Unique the Northeast hills surrounding,A wonderful trip to Govindajee Temple. The Govindajee Temple and the surrounding hills were incredible. The facilities were well maintained. It's a hidden gem of Northeast India. Just go for it! Unique Vibrant Beautiful Stunning,35,Positive,293,39,No,Pending,06-09-2023,08-07-2025
RV000931,MP056,Sanjay Leela,Solo Traveller,36-50,Female,India,17-02-2023,February,Winter,Car,Family,Pilgrimage,2.9,4.6,1.2,4.6,3.2,1.3,61,is The when Interesting crowded,Average experience at MP056. The the views is decent but nothing extraordinary. It is good for a one-time visit. The the restrooms could be better maintained. Not too crowded when we went. Stunning Interesting Organized Unique Well-maintained,37,Neutral,500,126,Yes,Published,19-01-2024,17-02-2026
RV000932,MP050,Arun Kumar,Domestic Tourist,51-65,Other,India,10-08-2023,August,Monsoon,Bike,Educational Tour,Relaxation,4,4.9,4,3.2,3.6,4.4,72,for Very and Authentic the,Excellent experience at MP050. The the nearby eateries was the highlight. Very clean and organized. The entry fee is totally worth it. A must-visit for Educational Tour and nature lovers. Authentic Unique Beautiful Stunning,34,Positive,432,180,Yes,Pending,12-10-2025,01-08-2025
RV000933,MP003,David Thang,Foreign Tourist,51-65,Female,India,21-11-2023,November,Autumn,Train,Family,Festival,4.3,3.2,4.4,1.2,4.9,3.3,76,bodies Stunning Just incredible. Beautiful,A wonderful trip to Kangla Fort. The the royal gateways and the surrounding water bodies were incredible. The facilities were well maintained. It's a hidden gem of Northeast India. Just go for it! Organized Beautiful Well-maintained Unique Stunning,38,Positive,103,52,No,Published,04-07-2025,07-01-2026
RV000934,MP030,Rahul Verma,Domestic Tourist,36-50,Female,India,05-10-2025,October,Autumn,Train,Corporate Group,Adventure,3.2,1.7,4.5,2.4,4.4,3.4,59,Vibrant heritage better The is,Average experience at MP030. The the heritage is decent but nothing extraordinary. It is good for a one-time visit. The the parking area could be better maintained. Not too crowded when we went. Interesting Beautiful Authentic Well-maintained Unique Vibrant,39,Neutral,266,77,No,Published,18-08-2023,18-06-2026
RV000935,MP037,Rahul Verma,Solo Traveller,36-50,Female,India,22-02-2024,February,Winter,Car,Couple,Wildlife,4,4.3,4.8,3.3,3.5,4.8,84,come so Will Couple. atmosphere,I had an amazing experience at MP037 in February. The the views is world-class. The atmosphere was so peaceful and relaxing. Perfect for Couple. Will definitely come back again. Beautiful Unique Authentic,32,Positive,487,59,No,Pending,01-05-2024,12-09-2025
RV000936,MP043,Sonam Wangdi,Family Tourist,26-35,Male,India,16-04-2025,April,Spring,Walking,Family,Nature Exploration,4.9,3.7,4,2.1,4.8,3.9,100,The ticketing Unique recommend Highly,Visited MP043 last Spring. The the views was absolutely breathtaking. The the ticketing counter exceeded my expectations. We spent about 5 hours exploring. The locals were very friendly and helpful. Highly recommend this place to everyone. Beautiful Vibrant Unique Stunning Interesting Organized,42,Positive,123,143,Yes,Hidden,14-11-2024,12-11-2025
RV000937,MP013,Rahul Verma,Domestic Tourist,36-50,Female,India,09-05-2024,May,Summer,Bus,Educational Tour,Research,2.8,3.9,4.3,3.6,2,3.2,54,"The is It's However, Well-maintained","It's an okay spot. The the heritage is fine but the facilities are basic. The the restrooms was overpriced. However, the local culture around is interesting. Stunning Authentic Well-maintained Interesting",30,Neutral,406,12,Yes,Pending,17-10-2024,19-02-2026
RV000938,MP010,Anjan Dutta,Adventure Tourist,Under 18,Male,India,24-08-2023,August,Monsoon,Taxi,Solo,Adventure,5,2.6,5,2.2,1.5,3.1,96,go Just of well The,A wonderful trip to MP010. The the views and the surrounding hills were incredible. The facilities were well maintained. It's a hidden gem of Northeast India. Just go for it! Vibrant Interesting Authentic Stunning,34,Positive,444,46,Yes,Pending,17-07-2025,17-09-2025
RV000939,MP062,Laishram Devi,Family Tourist,Above 65,Other,India,09-05-2025,May,Summer,Train,Family,Festival,2.5,3.3,5,1.9,2.5,4.1,57,okay Well-maintained the are Organized,"It's an okay spot. The the scenic beauty is fine but the facilities are basic. The the parking area was overpriced. However, the local culture around is interesting. Unique Organized Well-maintained Stunning Beautiful Vibrant",34,Negative,133,150,No,Published,12-06-2024,24-12-2025
RV000940,MP015,Mary Kom,Domestic Tourist,51-65,Female,India,18-09-2024,September,Monsoon,Bike,Friends,Relaxation,4.7,3.5,4.9,2.8,4.6,3,100,I in peaceful The Will,I had an amazing experience at MP015 in September. The the scenic beauty is world-class. The atmosphere was so peaceful and relaxing. Perfect for Friends. Will definitely come back again. Vibrant Interesting Stunning Authentic,34,Positive,272,6,No,Pending,21-01-2023,23-02-2025
RV000941,MP011,Jennifer Laiton,Photographer,26-35,Female,India,17-05-2023,May,Summer,Bus,Couple,Pilgrimage,4.3,3.9,1.1,3.7,3.7,4.2,91,A trip beauty go facilities,A wonderful trip to MP011. The the scenic beauty and the surrounding greenery were incredible. The facilities were well maintained. It's a hidden gem of Northeast India. Just go for it! Vibrant Unique Organized,34,Positive,247,85,Yes,Pending,17-11-2025,16-04-2026
RV000942,MP065,Mary Kom,Solo Traveller,51-65,Female,India,10-11-2023,November,Autumn,Car,Couple,Sightseeing,3.6,4.5,1.4,1.7,3.7,3.8,71,has Vibrant is extra was,Decent place for Couple. MP065 has its charm but the the parking area was underwhelming. The surrounding area is nice. I would recommend if you have extra time. Well-maintained Organized Interesting Vibrant Unique Beautiful,34,Neutral,16,37,No,Hidden,04-10-2023,16-01-2025
RV000943,MP009,Kiran Bhatt,Researcher,Above 65,Other,India,25-09-2025,September,Monsoon,Walking,Family,Research,4.3,2.1,1.6,4.3,3,1.4,92,breathtaking. my was very ticketing,Visited MP009 last Monsoon. The the views was absolutely breathtaking. The the ticketing counter exceeded my expectations. We spent about 5 hours exploring. The locals were very friendly and helpful. Highly recommend this place to everyone. Unique Vibrant Authentic,39,Positive,428,10,Yes,Hidden,03-10-2023,08-11-2026
RV000944,MP037,Emily Stone,Photographer,36-50,Other,India,13-09-2025,September,Monsoon,Taxi,Corporate Group,Relaxation,4.9,4.3,3.2,2,2,4.8,100,Authentic of wonderful Well-maintained A,A wonderful trip to MP037. The the heritage and the surrounding hills were incredible. The facilities were well maintained. It's a hidden gem of Northeast India. Just go for it! Unique Authentic Interesting Well-maintained Vibrant,35,Positive,108,126,Yes,Published,21-06-2024,06-05-2026
RV000945,MP065,Mangesh Patil,Adventure Tourist,Under 18,Female,India,08-03-2025,March,Spring,Train,Friends,Sightseeing,1.2,4.6,3.8,3.8,3.7,4.8,29,Beautiful the Interesting to heritage,Worst tourist spot I have visited in Manipur. The the heritage is neglected. The road to MP065 is terrible. There is no proper signage or safety measures. Stay away! Vibrant Interesting Unique Beautiful,33,Negative,306,80,Yes,Pending,19-09-2024,02-01-2026
RV000946,MP036,Sunita Devi,Photographer,18-25,Other,India,04-11-2023,November,Autumn,Train,Couple,Sightseeing,1.4,3.1,2.3,2.9,4.8,1.1,35,no safety or Stay The,Worst tourist spot I have visited in Manipur. The the local culture is neglected. The road to MP036 is terrible. There is no proper signage or safety measures. Stay away! Organized Interesting Unique Well-maintained Authentic,35,Negative,163,147,No,Published,13-01-2023,14-02-2025
RV000947,MP002,Moirangthem,Foreign Tourist,18-25,Other,India,08-08-2025,August,Monsoon,Bus,Corporate Group,Festival,4.6,1.6,3.4,2.8,2.8,4.4,95,Well-maintained the Just it! greenery,A wonderful trip to Keibul Lamjao. The the floating vegetation and the surrounding greenery were incredible. The facilities were well maintained. It's a hidden gem of Northeast India. Just go for it! Well-maintained Organized Interesting,35,Positive,211,164,No,Hidden,11-07-2024,11-11-2026
RV000948,MP018,Anjan Dutta,Local Resident,36-50,Other,India,03-10-2024,October,Autumn,Taxi,Educational Tour,Research,2.1,2.3,2.7,1.5,1.8,2.6,39,Stunning MP018 or measures. tourist,Worst tourist spot I have visited in Manipur. The the heritage is neglected. The road to MP018 is terrible. There is no proper signage or safety measures. Stay away! Unique Vibrant Stunning,32,Negative,83,77,No,Hidden,25-11-2025,14-10-2026
RV000949,MP013,Neha Agarwal,Photographer,Under 18,Female,India,25-09-2025,September,Monsoon,Bike,Couple,Relaxation,4.8,2.6,3.9,4.7,4.3,4.3,100,Very MP013. organized. must-visit and,Excellent experience at MP013. The the parking area was the highlight. Very clean and organized. The entry fee is totally worth it. A must-visit for Couple and nature lovers. Authentic Beautiful Interesting Well-maintained,33,Positive,329,70,No,Pending,12-02-2023,04-10-2026
RV000950,MP011,Anjan Dutta,Adventure Tourist,Above 65,Male,India,13-06-2023,June,Summer,Bus,Corporate Group,Relaxation,2.8,4.3,1.1,4.7,4.3,2.8,54,recommend Well-maintained Stunning underwhelming. the,Decent place for Corporate Group. MP011 has its charm but the the walking trails was underwhelming. The surrounding area is nice. I would recommend if you have extra time. Well-maintained Stunning Organized,32,Neutral,198,136,No,Hidden,25-12-2023,18-09-2026
RV000951,MP016,David Thang,Student,36-50,Other,India,21-04-2025,April,Spring,Train,Solo,Sightseeing,1.6,1.7,2.7,1.8,3.3,2.1,28,time Not I was for,Not recommended for Solo. The the parking area was unsafe and unhygienic. The entry fees are too high for what you get. I regret wasting my time here. Well-maintained Interesting Unique,31,Negative,280,36,No,Pending,20-02-2023,01-10-2026
RV000952,MP008,Mary Kom,Foreign Tourist,51-65,Male,Australia,13-08-2024,August,Monsoon,Taxi,Solo,Adventure,5,3.1,1.3,2.3,3.8,4.7,100,is for nature Unique Solo,Excellent experience at MP008. The the ticketing counter was the highlight. Very clean and organized. The entry fee is totally worth it. A must-visit for Solo and nature lovers. Stunning Organized Vibrant Unique Interesting,34,Positive,457,159,Yes,Pending,16-05-2025,25-05-2026
RV000953,MP027,Kiran Bhatt,Family Tourist,Above 65,Other,India,18-01-2023,January,Winter,Taxi,Educational Tour,Photography,1.9,3.4,1.4,3.8,4.7,2.3,39,was the Interesting travel Terrible,Terrible experience at MP027. The the views was poorly maintained and dirty. The the ticketing counter was completely overrated. The crowd and litter ruined the vibe. Not worth the effort to travel here. Vibrant Organized Well-maintained Interesting Authentic Stunning,39,Negative,20,168,Yes,Published,24-04-2023,01-07-2026
RV000954,MP005,Sunita Devi,Domestic Tourist,26-35,Other,India,15-10-2023,October,Autumn,Train,Couple,Photography,4.8,2.3,4.4,3.6,4.1,1.9,97,the Keithel Visited counter the,Visited Ima Keithel last Autumn. The the handloom textiles was absolutely breathtaking. The the ticketing counter exceeded my expectations. We spent about 3 hours exploring. The locals were very friendly and helpful. Highly recommend this place to everyone. Interesting Beautiful Organized,41,Positive,429,157,Yes,Pending,02-03-2025,19-12-2026
RV000955,MP022,Sonam Wangdi,Adventure Tourist,Under 18,Male,India,07-06-2023,June,Summer,Taxi,Educational Tour,Wildlife,4.2,3.9,4.9,1.7,4,3.9,91,experience MP022 Perfect Will the,I had an amazing experience at MP022 in June. The the local culture is world-class. The atmosphere was so peaceful and relaxing. Perfect for Educational Tour. Will definitely come back again. Authentic Well-maintained Vibrant Beautiful,35,Positive,17,111,No,Published,25-12-2023,03-06-2026
RV000956,MP001,Sonam Wangdi,Researcher,Above 65,Female,India,11-01-2025,January,Winter,Flight,Solo,Education,4.1,1,1.4,3.8,2.1,2.4,74,and Beautiful Interesting for A,Excellent experience at Loktak Lake. The the ticketing counter was the highlight. Very clean and organized. The entry fee is totally worth it. A must-visit for Solo and nature lovers. Organized Beautiful Well-maintained Interesting Vibrant Unique,36,Positive,318,134,Yes,Pending,11-10-2023,23-09-2026
RV000957,MP003,Ravi Shankar,Local Resident,Above 65,Male,India,22-06-2024,June,Summer,Car,Educational Tour,Pilgrimage,5,3.9,3.8,3.3,4,2.9,100,June. peaceful Will in amazing,I had an amazing experience at Kangla Fort in June. The the ancient temples is world-class. The atmosphere was so peaceful and relaxing. Perfect for Educational Tour. Will definitely come back again. Interesting Stunning Unique Well-maintained Vibrant Authentic,38,Positive,475,58,No,Hidden,04-09-2024,22-07-2025
RV000958,MP001,Kiran Bhatt,Local Resident,Under 18,Male,India,10-11-2025,November,Autumn,Train,Solo,Festival,3.7,3.1,1.9,3.6,2.4,3.5,70,area have Unique time. for,Decent place for Solo. Loktak Lake has its charm but the the nearby eateries was underwhelming. The surrounding area is nice. I would recommend if you have extra time. Unique Authentic Well-maintained Vibrant,33,Neutral,418,0,Yes,Hidden,22-05-2024,06-02-2026
RV000959,MP047,Hidetoshi Tanaka,Adventure Tourist,18-25,Other,United Kingdom,04-11-2025,November,Autumn,Bike,Couple,Sightseeing,2.3,1.4,3.6,3,2.6,5,40,Worst beauty signage is I,Worst tourist spot I have visited in Manipur. The the scenic beauty is neglected. The road to MP047 is terrible. There is no proper signage or safety measures. Stay away! Authentic Vibrant Stunning,33,Negative,379,95,No,Published,02-03-2023,14-05-2026
RV000960,MP009,Arun Kumar,Student,18-25,Other,India,24-03-2024,March,Spring,Bike,Family,Education,3.8,4.4,3.7,2.5,4.1,2.8,80,the is nothing decent for,Average experience at MP009. The the heritage is decent but nothing extraordinary. It is good for a one-time visit. The the restrooms could be better maintained. Not too crowded when we went. Authentic Well-maintained Beautiful Organized Unique Stunning,38,Neutral,270,50,No,Pending,25-06-2024,14-07-2026
RV000961,MP004,Aisha Rahman,Foreign Tourist,Under 18,Male,India,14-11-2023,November,Autumn,Bus,Family,Relaxation,4.3,4.2,1.1,1.8,4.4,4.4,83,this my Visited absolutely very,Visited Govindajee Temple last Autumn. The Govindajee Temple was absolutely breathtaking. The the parking area exceeded my expectations. We spent about 3 hours exploring. The locals were very friendly and helpful. Highly recommend this place to everyone. Stunning Authentic Well-maintained,40,Positive,407,155,Yes,Hidden,20-09-2024,07-07-2026
RV000962,MP002,Jennifer Laiton,Local Resident,26-35,Other,United States,05-08-2025,August,Monsoon,Walking,Solo,Sightseeing,4.9,4.2,1.6,3.5,2,1.6,100,Interesting this We Visited The,Visited Keibul Lamjao last Monsoon. The the floating vegetation was absolutely breathtaking. The the restrooms exceeded my expectations. We spent about 5 hours exploring. The locals were very friendly and helpful. Highly recommend this place to everyone. Organized Beautiful Authentic Interesting,41,Positive,14,200,No,Published,24-01-2025,14-04-2025
RV000963,MP012,Sunita Devi,Student,Under 18,Other,India,04-05-2024,May,Summer,Car,Couple,Research,5,2.3,1.4,4,4.9,4.3,100,Stunning The entry and Excellent,Excellent experience at MP012. The the parking area was the highlight. Very clean and organized. The entry fee is totally worth it. A must-visit for Couple and nature lovers. Unique Stunning Beautiful,32,Positive,388,81,No,Pending,20-02-2025,07-01-2025
RV000964,MP015,Arun Kumar,Student,18-25,Female,India,25-10-2023,October,Autumn,Bike,Family,Photography,2.8,4.1,1.1,2,4.8,3.1,55,nice beauty The Vibrant Beautiful,I visited MP015 during Autumn and it was okay. The the scenic beauty has potential but lacks maintenance. The view is nice though. Might be better in the dry season. Well-maintained Unique Beautiful Interesting Organized Vibrant,36,Neutral,493,61,Yes,Hidden,13-11-2024,01-03-2026
RV000965,MP015,Arun Kumar,Foreign Tourist,Under 18,Male,India,05-06-2025,June,Summer,Flight,Family,Pilgrimage,3.6,1.8,4.9,1.1,3,1.9,65,dry okay. visited Summer in,I visited MP015 during Summer and it was okay. The the local culture has potential but lacks maintenance. The view is nice though. Might be better in the dry season. Vibrant Well-maintained Stunning Interesting Unique,35,Neutral,465,127,No,Pending,03-05-2025,23-02-2025
RV000966,MP026,Jennifer Laiton,Solo Traveller,36-50,Other,India,19-09-2025,September,Monsoon,Car,Corporate Group,Pilgrimage,3.6,3.7,2.1,3.9,3.8,4.6,78,we could crowded when nothing,Average experience at MP026. The the heritage is decent but nothing extraordinary. It is good for a one-time visit. The the parking area could be better maintained. Not too crowded when we went. Well-maintained Stunning Authentic Interesting Organized,38,Neutral,282,97,No,Pending,20-02-2023,02-01-2025
RV000967,MP029,Mangesh Patil,Foreign Tourist,51-65,Other,Australia,23-11-2023,November,Autumn,Taxi,Solo,Festival,1.3,1.3,1.8,3,2.3,4.3,24,for high my Vibrant you,Not recommended for Solo. The the restrooms was unsafe and unhygienic. The entry fees are too high for what you get. I regret wasting my time here. Beautiful Vibrant Interesting,30,Negative,241,173,Yes,Published,03-06-2025,13-11-2026
RV000968,MP021,Sonam Wangdi,Family Tourist,Under 18,Other,India,08-01-2025,January,Winter,Bike,Educational Tour,Festival,4.1,3.8,1.2,3,4.6,1.2,88,a the it! hidden It's,A wonderful trip to MP021. The the views and the surrounding urban skyline were incredible. The facilities were well maintained. It's a hidden gem of Northeast India. Just go for it! Unique Vibrant Stunning Interesting Organized,36,Positive,121,182,Yes,Hidden,22-08-2024,10-09-2026
RV000969,MP007,Jennifer Laiton,Family Tourist,26-35,Male,Thailand,06-01-2023,January,Winter,Train,Educational Tour,Education,2.7,3.9,3.5,3.3,3.8,1.2,58,Organized visited Unique The and,I visited MP007 during Winter and it was okay. The the heritage has potential but lacks maintenance. The view is nice though. Might be better in the dry season. Unique Authentic Vibrant Beautiful Stunning Organized,35,Neutral,42,150,Yes,Hidden,11-10-2025,21-02-2025
RV000970,MP014,David Thang,Photographer,26-35,Other,India,04-11-2025,November,Autumn,Flight,Friends,Research,2.9,1.4,2.2,2.9,4.8,3.9,52,extra recommend was I is,Decent place for Friends. MP014 has its charm but the the restrooms was underwhelming. The surrounding area is nice. I would recommend if you have extra time. Authentic Well-maintained Interesting Organized Unique,32,Neutral,177,169,No,Published,23-11-2024,11-11-2026
RV000971,MP013,Bimol Sharma,Family Tourist,36-50,Female,India,17-08-2023,August,Monsoon,Flight,Family,Festival,2.3,2.5,2.2,2.2,4.9,4,49,Manipur. Organized proper terrible. is,Worst tourist spot I have visited in Manipur. The the local culture is neglected. The road to MP013 is terrible. There is no proper signage or safety measures. Stay away! Beautiful Organized Well-maintained,33,Negative,5,97,Yes,Pending,14-12-2024,24-01-2025
RV000972,MP016,Bimol Sharma,Adventure Tourist,Under 18,Male,Japan,05-10-2025,October,Autumn,Bus,Couple,Relaxation,2.8,2.5,1,1.5,3.7,1.3,53,it potential Organized the Autumn,I visited MP016 during Autumn and it was okay. The the scenic beauty has potential but lacks maintenance. The view is nice though. Might be better in the dry season. Well-maintained Vibrant Unique Beautiful Organized Authentic,36,Neutral,112,190,Yes,Pending,23-07-2024,25-01-2026
RV000973,MP004,Rahul Verma,Researcher,18-25,Male,Japan,16-06-2024,June,Summer,Walking,Friends,Photography,2.3,4.1,3.9,3.6,4.1,1.4,36,The Manipur. ambiance Organized Authentic,Worst tourist spot I have visited in Manipur. The the spiritual ambiance is neglected. The road to Govindajee Temple is terrible. There is no proper signage or safety measures. Stay away! Well-maintained Authentic Organized Vibrant Stunning Unique,37,Negative,8,51,Yes,Hidden,25-05-2025,12-07-2025
RV000974,MP027,Sonam Wangdi,Local Resident,36-50,Female,India,14-09-2024,September,Monsoon,Taxi,Solo,Pilgrimage,1.7,2.7,3,2.3,4.8,2.1,31,We which rain. MP027. Well-maintained,Very disappointing visit to MP027. The the views is in shambles. Zero management. We encountered heavy garbage which spoiled our day. Avoid going on weekends or during heavy rain. Interesting Well-maintained Vibrant Unique,33,Negative,142,79,Yes,Hidden,25-04-2024,05-02-2026
RV000975,MP018,Neha Agarwal,Student,26-35,Male,India,24-01-2023,January,Winter,Bus,Educational Tour,Wildlife,3.3,3.9,1.9,4.6,3.7,1.6,66,was Decent Vibrant but would,Decent place for Educational Tour. MP018 has its charm but the the parking area was underwhelming. The surrounding area is nice. I would recommend if you have extra time. Beautiful Authentic Vibrant Organized Unique Stunning,35,Neutral,491,146,No,Pending,11-04-2025,24-05-2026
RV000976,MP039,Deepika Ningthoujam,Travel Blogger,Above 65,Male,India,14-03-2023,March,Spring,Car,Friends,Relaxation,4.1,1,3.2,1.6,1.7,3.9,83,We and last my to,Visited MP039 last Spring. The the views was absolutely breathtaking. The the ticketing counter exceeded my expectations. We spent about 1 hours exploring. The locals were very friendly and helpful. Highly recommend this place to everyone. Vibrant Authentic Interesting Beautiful Stunning Well-maintained,42,Positive,90,90,No,Pending,18-11-2025,25-08-2025
RV000977,MP049,Sita Devi,Travel Blogger,Under 18,Female,India,16-10-2024,October,Autumn,Walking,Educational Tour,Pilgrimage,1.6,4.3,3.3,3.9,2.5,1.6,26,signage is Manipur. no I,Worst tourist spot I have visited in Manipur. The the heritage is neglected. The road to MP049 is terrible. There is no proper signage or safety measures. Stay away! Authentic Beautiful Well-maintained Unique Vibrant,34,Negative,364,23,Yes,Pending,14-04-2023,10-10-2025
RV000978,MP030,Sanjay Leela,Domestic Tourist,51-65,Male,India,21-02-2024,February,Winter,Walking,Corporate Group,Festival,2.8,1.6,1.3,4.7,3.4,2.7,51,but Well-maintained charm if Corporate,Decent place for Corporate Group. MP030 has its charm but the the nearby eateries was underwhelming. The surrounding area is nice. I would recommend if you have extra time. Beautiful Well-maintained Stunning,32,Neutral,282,131,Yes,Hidden,25-09-2023,25-09-2025
RV000979,MP022,Sonam Wangdi,Student,Above 65,Male,India,04-03-2024,March,Spring,Flight,Educational Tour,Nature Exploration,2.4,1.4,4.6,2.3,4.8,2.3,47,and Stunning to the worth,Terrible experience at MP022. The the views was poorly maintained and dirty. The the nearby eateries was completely overrated. The crowd and litter ruined the vibe. Not worth the effort to travel here. Well-maintained Authentic Organized Interesting Stunning,38,Negative,150,144,No,Published,15-08-2024,04-10-2026
RV000980,MP016,Govind Singh,Student,18-25,Male,India,21-05-2025,May,Summer,Bus,Couple,Festival,2.9,2.6,2.5,1.4,2.3,1.6,68,restrooms maintained. for visit. the,Average experience at MP016. The the scenic beauty is decent but nothing extraordinary. It is good for a one-time visit. The the restrooms could be better maintained. Not too crowded when we went. Interesting Stunning Well-maintained,36,Neutral,425,81,Yes,Hidden,20-11-2025,18-10-2026
RV000981,MP064,Lara Croft,Travel Blogger,51-65,Female,France,25-11-2024,November,Autumn,Bike,Educational Tour,Research,1,2.8,2,1,3.4,1.8,29,rain. scenic Vibrant Well-maintained Beautiful,Very disappointing visit to MP064. The the scenic beauty is in shambles. Zero management. We encountered broken pathways which spoiled our day. Avoid going on weekends or during heavy rain. Well-maintained Interesting Vibrant Beautiful,34,Negative,77,24,Yes,Published,10-02-2024,06-01-2025
RV000982,MP013,Prakash Choudhary,Adventure Tourist,18-25,Male,India,21-12-2023,December,Winter,Walking,Solo,Nature Exploration,4.6,1.9,2.5,2.4,2.9,3.9,83,hidden facilities Stunning for of,A wonderful trip to MP013. The the scenic beauty and the surrounding urban skyline were incredible. The facilities were well maintained. It's a hidden gem of Northeast India. Just go for it! Stunning Well-maintained Beautiful Authentic Organized,37,Positive,103,23,Yes,Pending,25-09-2023,07-09-2026
RV000983,MP029,Mary Kom,Researcher,26-35,Other,India,12-04-2024,April,Spring,Walking,Couple,Nature Exploration,4.4,3.7,4.2,3.1,3.9,2.1,90,back again. Authentic world-class. Well-maintained,I had an amazing experience at MP029 in April. The the scenic beauty is world-class. The atmosphere was so peaceful and relaxing. Perfect for Couple. Will definitely come back again. Beautiful Unique Authentic Well-maintained Stunning Interesting,36,Positive,477,172,Yes,Published,25-01-2025,12-02-2026
RV000984,MP023,Hidetoshi Tanaka,Adventure Tourist,36-50,Other,India,17-01-2024,January,Winter,Bike,Family,Relaxation,3.5,2.9,1.7,1.9,3.1,2.2,76,the interesting. fine are nearby,"It's an okay spot. The the heritage is fine but the facilities are basic. The the nearby eateries was overpriced. However, the local culture around is interesting. Interesting Unique Beautiful Well-maintained",31,Neutral,376,109,No,Pending,08-07-2024,18-02-2026
RV000985,MP037,Sanjay Leela,Student,18-25,Other,India,18-01-2025,January,Winter,Walking,Friends,Research,3.2,1.6,2.1,3.4,4.7,3.7,73,MP037 visited it maintenance. the,I visited MP037 during Winter and it was okay. The the heritage has potential but lacks maintenance. The view is nice though. Might be better in the dry season. Vibrant Stunning Well-maintained Organized,33,Neutral,286,135,No,Pending,18-07-2024,15-08-2026
RV000986,MP034,Govind Singh,Adventure Tourist,Under 18,Female,India,04-07-2024,July,Monsoon,Bus,Family,Photography,3.8,1.7,3.2,1.1,4.1,3.1,69,Average decent be visit. at,Average experience at MP034. The the heritage is decent but nothing extraordinary. It is good for a one-time visit. The the restrooms could be better maintained. Not too crowded when we went. Vibrant Well-maintained Unique Stunning Authentic,37,Neutral,428,56,Yes,Pending,03-06-2025,16-02-2026
RV000987,MP035,Sanjay Leela,Researcher,36-50,Other,India,21-06-2023,June,Summer,Flight,Couple,Relaxation,4.4,3.5,2.7,1.5,3.9,3.8,97,again. Interesting at The back,I had an amazing experience at MP035 in June. The the local culture is world-class. The atmosphere was so peaceful and relaxing. Perfect for Couple. Will definitely come back again. Authentic Interesting Well-maintained Unique,34,Positive,387,167,No,Pending,07-09-2025,12-01-2026
RV000988,MP011,Prakash Choudhary,Foreign Tourist,18-25,Male,India,15-12-2023,December,Winter,Train,Friends,Photography,5,2.6,4.8,1.2,3.4,3.1,94,back culture and Beautiful the,I had an amazing experience at MP011 in December. The the local culture is world-class. The atmosphere was so peaceful and relaxing. Perfect for Friends. Will definitely come back again. Interesting Stunning Beautiful Organized Unique Authentic,36,Positive,314,187,Yes,Pending,09-10-2025,25-01-2026
RV000989,MP058,Prakash Choudhary,Travel Blogger,Under 18,Male,Australia,11-05-2023,May,Summer,Taxi,Friends,Relaxation,3.6,1.2,3.3,4.9,3.2,1.7,69,I Organized beauty scenic potential,I visited MP058 during Summer and it was okay. The the scenic beauty has potential but lacks maintenance. The view is nice though. Might be better in the dry season. Stunning Beautiful Organized Vibrant,34,Neutral,389,120,No,Published,20-04-2025,22-12-2025
RV000990,MP020,Neha Agarwal,Adventure Tourist,36-50,Other,India,25-07-2024,July,Monsoon,Bike,Friends,Nature Exploration,4.1,1.3,1.6,1,3,4.1,85,an atmosphere amazing The Perfect,I had an amazing experience at MP020 in July. The the local culture is world-class. The atmosphere was so peaceful and relaxing. Perfect for Friends. Will definitely come back again. Vibrant Beautiful Interesting Authentic,34,Positive,132,91,Yes,Hidden,18-06-2024,06-05-2025
RV000991,MP034,Tongbram Singh,Solo Traveller,36-50,Other,India,21-03-2024,March,Spring,Bike,Solo,Research,2.4,1,3.2,2.8,2.3,2.8,48,unhygienic. trails for recommended the,Not recommended for Solo. The the walking trails was unsafe and unhygienic. The entry fees are too high for what you get. I regret wasting my time here. Unique Vibrant Well-maintained Organized Interesting Stunning,34,Negative,18,175,No,Hidden,06-04-2024,04-01-2026
RV000992,MP003,Deepika Ningthoujam,Photographer,51-65,Female,India,04-11-2025,November,Autumn,Bus,Corporate Group,Sightseeing,5,4.2,1.8,2.7,2.2,3.9,92,Interesting peaceful Unique was at,I had an amazing experience at Kangla Fort in November. The the royal gateways is world-class. The atmosphere was so peaceful and relaxing. Perfect for Corporate Group. Will definitely come back again. Beautiful Vibrant Interesting Authentic Unique,37,Positive,338,156,No,Published,06-05-2025,10-01-2025
RV000993,MP011,Kiran Bhatt,Travel Blogger,26-35,Other,India,20-11-2023,November,Autumn,Walking,Couple,Pilgrimage,1.8,2.8,3.7,1.4,2.4,4.7,36,at Stunning overrated. litter worth,Terrible experience at MP011. The the local culture was poorly maintained and dirty. The the nearby eateries was completely overrated. The crowd and litter ruined the vibe. Not worth the effort to travel here. Interesting Authentic Unique Organized Beautiful Stunning,40,Negative,218,189,No,Pending,05-08-2024,06-07-2026
RV000994,MP014,Kiran Bhatt,Foreign Tourist,Above 65,Male,India,03-08-2023,August,Monsoon,Train,Corporate Group,Wildlife,2.2,1.2,4.3,3.4,2.4,3.6,34,the entry The was Organized,Not recommended for Corporate Group. The the restrooms was unsafe and unhygienic. The entry fees are too high for what you get. I regret wasting my time here. Beautiful Interesting Well-maintained Organized Authentic Vibrant,34,Negative,426,30,No,Pending,25-12-2023,06-07-2025
RV000995,MP032,Sanjay Leela,Family Tourist,26-35,Other,India,16-01-2024,January,Winter,Bike,Corporate Group,Adventure,2,3.2,3.7,2.9,2.6,5,48,broken in Avoid our management.,Very disappointing visit to MP032. The the heritage is in shambles. Zero management. We encountered broken pathways which spoiled our day. Avoid going on weekends or during heavy rain. Well-maintained Interesting Stunning,32,Negative,437,69,No,Pending,17-01-2025,25-12-2025
RV000996,MP019,Sunita Devi,Student,Under 18,Other,India,23-05-2023,May,Summer,Car,Educational Tour,Research,4.8,3.8,3,3.9,2.3,3,99,for incredible. the Stunning hidden,A wonderful trip to MP019. The the scenic beauty and the surrounding hills were incredible. The facilities were well maintained. It's a hidden gem of Northeast India. Just go for it! Vibrant Interesting Unique Organized Stunning Well-maintained,37,Positive,468,175,No,Published,05-02-2023,05-02-2025
RV000997,MP034,Sunita Devi,Travel Blogger,36-50,Male,France,18-05-2024,May,Summer,Bus,Friends,Photography,2,2.8,5,4.9,4.9,1.2,33,Avoid Well-maintained which going Unique,Very disappointing visit to MP034. The the heritage is in shambles. Zero management. We encountered heavy garbage which spoiled our day. Avoid going on weekends or during heavy rain. Authentic Well-maintained Unique,32,Negative,82,163,Yes,Published,01-03-2025,25-10-2025
RV000998,MP015,David Thang,Researcher,Under 18,Male,India,10-03-2024,March,Spring,Bus,Educational Tour,Adventure,2.3,4.8,3.6,3.3,1.6,3.8,48,shambles. Avoid visit Stunning our,Very disappointing visit to MP015. The the heritage is in shambles. Zero management. We encountered overcrowding which spoiled our day. Avoid going on weekends or during heavy rain. Interesting Vibrant Stunning,31,Negative,24,36,Yes,Published,01-06-2023,22-04-2025
RV000999,MP019,Sita Devi,Adventure Tourist,Above 65,Female,Japan,24-08-2024,August,Monsoon,Flight,Solo,Nature Exploration,3,2.7,4.9,2.4,3.2,4.5,56,Authentic better but Vibrant The,Average experience at MP019. The the heritage is decent but nothing extraordinary. It is good for a one-time visit. The the ticketing counter could be better maintained. Not too crowded when we went. Unique Authentic Vibrant Stunning Organized,38,Neutral,88,20,No,Pending,13-09-2025,23-04-2025
RV001000,MP013,Tongbram Singh,Travel Blogger,26-35,Other,India,04-11-2023,November,Autumn,Train,Family,Education,2.4,3,3.7,3.3,1.7,2.6,40,for was too The nearby,Not recommended for Family. The the nearby eateries was unsafe and unhygienic. The entry fees are too high for what you get. I regret wasting my time here. Stunning Vibrant Unique,31,Negative,457,44,Yes,Pending,10-03-2023,12-11-2025
RV001001,MP006,Mangesh Patil,Student,Above 65,Other,India,03-05-2024,May,Summer,Taxi,Friends,Photography,5,4.3,3.1,4.8,3,4.4,100,walking absolutely to exploring. heritage,Visited MP006 last Summer. The the heritage was absolutely breathtaking. The the walking trails exceeded my expectations. We spent about 3 hours exploring. The locals were very friendly and helpful. Highly recommend this place to everyone. Vibrant Organized Interesting,39,Positive,468,181,Yes,Hidden,09-11-2025,24-12-2026
RV001002,MP050,Rajesh Kumar,Foreign Tourist,51-65,Male,India,20-06-2024,June,Summer,Bus,Educational Tour,Adventure,2,1.9,2.5,5,3.3,4.9,47,vibe. and travel eateries The,Terrible experience at MP050. The the views was poorly maintained and dirty. The the nearby eateries was completely overrated. The crowd and litter ruined the vibe. Not worth the effort to travel here. Authentic Unique Interesting Stunning Vibrant,38,Negative,168,120,No,Published,22-07-2025,20-05-2025
RV001003,MP007,Mary Kom,Family Tourist,18-25,Female,India,25-10-2024,October,Autumn,Walking,Couple,Festival,1.7,3.2,4.1,2.9,4.1,4.9,30,and eateries at here. poorly,Terrible experience at MP007. The the heritage was poorly maintained and dirty. The the nearby eateries was completely overrated. The crowd and litter ruined the vibe. Not worth the effort to travel here. Stunning Interesting Authentic Unique Organized Well-maintained,39,Negative,86,16,Yes,Pending,18-08-2023,03-12-2025
RV001004,MP001,Rahul Verma,Solo Traveller,Under 18,Female,India,09-06-2024,June,Summer,Flight,Friends,Pilgrimage,3.2,2.4,3.6,3.9,2.2,1.6,67,maintenance. season. though. Unique boating,I visited Loktak Lake during Summer and it was okay. The the boating experience has potential but lacks maintenance. The view is nice though. Might be better in the dry season. Beautiful Unique Interesting Organized,35,Neutral,254,89,Yes,Pending,06-07-2025,07-04-2025
RV001005,MP005,Arun Kumar,Domestic Tourist,51-65,Male,India,16-09-2023,September,Monsoon,Train,Family,Relaxation,4.4,2.6,2.6,2.9,1.6,1.3,92,Ima come Well-maintained amazing peaceful,I had an amazing experience at Ima Keithel in September. The the handloom textiles is world-class. The atmosphere was so peaceful and relaxing. Perfect for Family. Will definitely come back again. Authentic Interesting Well-maintained Unique Stunning Organized,37,Positive,78,78,No,Published,06-12-2023,17-12-2026
