Record_ID,Place_ID,Year,Month_Number,Month_Name,Season,Domestic_Visitors,Foreign_Visitors,Total_Visitors,Male_Visitors,Female_Visitors,Children_Visitors,Senior_Citizen_Visitors,Student_Visitors,Group_Visitors,Solo_Visitors,Average_Visit_Duration_Hours,Average_Spending_INR,Weather_Condition,Special_Event,Festival_Season,Visitor_Satisfaction,Revenue_INR,Growth_Percentage,Remarks,Created_Date,Updated_Date
VS000001,MP001,2023,1,January,Winter,41760,4676,46436,22490,23946,4065,3574,5433,17164,29272,5.8,1589.98,Foggy,Yes,No,4.8,73832311.28,-15.9,Peak Season,07-01-2024,21-06-2025
VS000002,MP001,2024,2,February,Winter,33359,1224,34583,16238,18345,2813,1462,3650,9149,25434,3.8,1266.47,Sunny,Yes,No,4.6,43798332.01,-8.9,Festival Crowd,08-09-2024,21-11-2025
VS000003,MP001,2023,3,March,Spring,25504,1016,26520,12752,13768,1515,1230,2400,10074,16446,3.2,1699.19,Cloudy,No,No,4.2,45062518.8,10.7,Rain Affected,20-12-2025,04-12-2025
VS000004,MP001,2025,4,April,Spring,22717,1335,24052,12873,11179,1349,1550,3251,9063,14989,4.6,1785.99,Windy,No,No,4.6,42956631.48,1.3,Off Season,13-11-2025,03-09-2025
VS000005,MP001,2024,5,May,Summer,17944,1525,19469,10571,8898,1350,1722,1656,7586,11883,2.3,826.67,Rainy,No,No,4.4,16094438.23,26.5,Peak Season,03-08-2023,22-04-2025
VS000006,MP001,2023,6,June,Summer,12845,667,13512,7228,6284,1263,1114,1117,4479,9033,3.7,1257.19,Windy,Yes,No,3.8,16987151.28,-2.8,Weekend Rush,09-04-2024,02-07-2025
VS000007,MP001,2024,7,July,Monsoon,12891,1522,14413,7260,7153,1558,801,1430,4969,9444,2.1,1133.98,,No,No,4.2,16344053.74,-18.1,Heavy Rain,18-09-2024,18-02-2025
VS000008,MP001,2025,8,August,Monsoon,14415,1682,16097,8146,7951,1359,1226,1557,6049,10048,1.8,898.37,Cloudy,No,No,4.4,14461061.89,-19.7,Monsoon Season,18-07-2025,19-10-2025
VS000009,MP001,2025,9,September,Monsoon,13122,1418,14540,6708,7832,1009,773,1318,4669,9871,4.4,955.52,Windy,Yes,No,4.6,13893260.8,-7.2,Off Season,01-07-2024,15-10-2025
VS000010,MP001,2024,10,Octauryober,Autumn,24929,730,25659,13076,12583,2534,2194,3163,8517,17142,3.4,1704.45,Windy,Yes,Yes,4.8,43734482.55,-11.1,Festival Crowd,23-07-2023,02-05-2025
VS000011,MP001,2025,11,November,Autumn,24577,1473,26050,12949,13101,2313,1307,3328,9549,16501,2.7,1484.08,Rainy,Yes,Yes,4.8,38660284,10.8,Rain Affected,02-01-2025,12-12-2025
VS000012,MP001,2025,12,December,Winter,31224,1419,32643,15434,17209,1947,2676,3265,8761,23882,3.5,908.28,Windy,Yes,No,3.9,29648984.04,25.3,Peak Season,04-02-2024,11-10-2025
VS000013,MP002,2024,1,January,Winter,28973,4005,32978,15594,17384,2724,2614,4494,9218,23760,5.5,1595.39,Clear,No,No,4.5,52612771.42,6.1,Peak Season,09-04-2025,09-12-2025
VS000014,MP002,2024,2,February,Winter,30037,2904,32941,15687,17254,3672,3089,4525,12705,20236,4.8,1604.59,Rainy,No,No,4.4,52856799.19,0.1,Normal Traffic,07-08-2024,25-03-2025
VS000015,MP002,2025,3,March,Spring,23771,2655,26426,12708,13718,1929,2397,3697,8961,17465,3.4,1056.78,Cloudy,Yes,No,5.9,27926468.28,0.7,Holiday Rush,17-03-2023,24-01-2025
VS000016,MP002,2025,4,April,Spring,22596,1182,23778,12779,10999,1365,1742,2668,7061,16717,5.2,826.09,Clear,Yes,No,4.5,19642768.02,23.5,Peak Season,05-08-2025,01-03-2025
VS000017,MP002,2025,5,May,Summer,17943,2316,20259,11080,9179,2153,1275,2770,7459,12800,4.3,842.4,Rainy,Yes,No,4.3,17066181.6,6.1,Normal Traffic,15-03-2025,22-07-2025
VS000018,MP002,2023,6,June,Summer,15354,1722,17076,8353,8723,985,1131,1680,4815,12261,5,946.02,Rainy,No,No,3.8,16154237.52,21.5,Normal Traffic,24-06-2025,08-02-2025
VS000019,MP002,2024,7,July,Monsoon,14811,382,15193,6937,8256,796,918,2203,4463,10730,3,1239.39,Sunny,Yes,No,4.1,18830052.27,8.9,Heavy Rain,13-03-2025,25-06-2025
VS000020,MP002,2023,8,August,Monsoon,12819,450,13269,6011,7258,918,718,1203,3744,9525,3.6,1307.94,Foggy,No,No,4.3,822218.55,11.7,Heavy Rain,21-09-2025,11-01-2025
VS000021,MP002,2025,9,September,Monsoon,15215,1794,17009,9352,7657,1231,853,2426,4899,12110,4.9,1095.88,Foggy,Yes,No,3.8,18639822.92,-18.8,Normal Traffic,07-12-2023,09-05-2025
VS000022,MP002,2024,10,October,Autumn,27646,3138,30784,15133,15651,3677,1677,3649,11763,19021,1.6,1531.6,Rainy,Yes,No,4.6,47148774.4,13.2,Off Season,01-07-2023,12-12-2025
VS000023,MP002,2024,11,November,Autumn,27101,3276,30377,14497,15880,1755,1232,3763,8877,21500,3.4,1027.63,Rainy,No,Yes,4.5,31216316.51,0.2,Normal Traffic,15-01-2023,01-08-2025
VS000024,MP002,2024,12,December,Winter,32943,4391,37334,19584,17750,2673,2432,3300,11786,25548,4.2,1669.61,Windy,Yes,No,4.5,62333219.74,26.4,Peak Season,08-06-2024,12-05-2025
VS000025,MP003,2025,1,January,Winter,32156,3190,35346,18391,16955,2326,2943,4716,11406,23940,5.8,918,Foggy ,Yes,No,4.6,32447628,-19.7,Peak Season ,20-08-2024,03-09-2025
VS000026,MP003,2025,2,February,Winter,32012,1805,33817,15621,18196,1978,1395,4003,8941,24876,4,1586.6,Cloudy,No,No,4,53654052.2,3.4,Rain Affected,21-02-2024,23-06-2025
VS000027,MP003,2024,3,March,Spring,31024,2162,33186,17114,16072,2561,1446,3511,9406,23780,2.4,828.4,Rainy,Yes,Yes,4.6,27491282.4,-0.6,Off Season,13-05-2024,14-02-2025
VS000028,MP003,2023,4,April,Spring,20524,1742,22266,12244,10022,1948,1017,2138,8103,14163,5.6,1077.79,Sunny,Yes,No,4.3,23998072.14,12,Weekend Rush,12-06-2025,19-04-2025
VS000029,MP003,2024,5,May,Summer,19178,1349,20527,10171,10356,1518,1851,2571,5637,14890,2.5,911.77,Cloudy,Yes,No,4.4,18715902.79,20.2,Festival Crowd,15-04-2024,16-09-2025
VS000030,MP003,2025,6,June,Summer,14618,847,15465,7069,8396,1065,891,1301,5610,9855,3.8,1316.93,Windy,Yes,No,4.2,20366322.45,-17.9,Weekend Rush,11-10-2025,17-10-2025
VS000031,MP003,2023,7,July,Monsoon,14666,1860,16526,7942,8584,1422,1527,1687,4141,12385,3.3,849.94,Windy,Yes,No,3.9,14046108.44,12.6,Rain Affected,07-10-2023,06-06-2025
VS000032,MP003,2025,8,August,Monsoon,11850,1125,12975,6720,6255,1419,743,1495,4256,8719,5.1,1113.78,Foggy,Yes,No,4.7,14451295.5,22.1,Monsoon Season,16-08-2024,23-11-2025
VS000033,MP003,2025,9,September,Monsoon,13116,1194,14310,7062,7248,889,965,1837,4861,9449,2.6,818.48,Rainy,Yes,No,4.5,11712448.8,14.7,Holiday Rush,14-01-2025,06-03-2025
VS000034,MP003,2025,10,October,Autumn,25097,2615,27712,14860,12852,2726,1826,2395,10259,17453,4.3,1120.49,Windy,Yes,No,4.7,31051018.88,-3.5,Rain Affected,20-09-2025,07-01-2025
VS000035,MP003,2025,11,November,Autumn,24409,529,24938,11271,13667,2802,2488,2554,8752,16186,2.6,826.28,Clear,No,Yes,4.6,20605770.64,11.7,Peak Season,23-12-2023,17-11-2025
VS000036,MP003,2023,12,December,Winter,31739,3424,35163,19249,15914,3280,3365,3670,9586,25577,3.1,1618.98,Clear,Yes,No,4.7,56928193.74,15.3,Peak Season,11-08-2025,19-02-2025
VS000037,MP004,2023,1,January,Winter,38380,5016,43396,21215,22181,2659,3885,4670,12246,31150,2,1368.97,Foggy,No,No,4.5,59407822.12,32.8,New Year Rush,07-09-2024,06-02-2025
VS000038,MP004,2025,2,February,Winter,27411,3282,30693,15741,14952,2462,2414,4573,11075,19618,2.5,1116.77,Sunny,Yes,No,4.7,34277021.61,-15.2,Peak Season,16-01-2023,06-08-2025
VS000039,MP004,2023,3,March,Spring,24286,3117,27403,14933,12470,2609,1435,2260,8726,18677,3.2,1123.66,Windy,No,Yes,4,30791654.98,-6.6,Off Season,16-04-2025,05-05-2025
VS000040,MP004,2023,4,April,Spring,24357,784,25141,13801,11340,2044,2495,2888,6715,18426,3.9,1330.17,Foggy,No,No,4.4,33441803.97,3.9,Normal Traffic,22-06-2025,05-09-2025
VS000041,MP004,2023,5,May,Summer,18916,2522,21438,10136,11302,1745,1178,2807,7524,13914,5.4,1335.37,Clear,Yes,No,4.8,28627662.06,17.8,Weekend Rush,14-03-2023,19-03-2025
VS000042,MP004,2025,6,June,Summer,12425,259,12684,6432,6252,670,1214,1660,4110,8574,2.4,824.8,Cloudy,No,No,4.5,10461763.2,31.1,Holiday Rush,12-05-2025,13-04-2025
VS000043,MP004,2025,7,July,Monsoon,12397,483,12880,5841,7039,1063,575,1387,3579,9301,4,1731.22,Rainy,Yes,No,4.1,22298113.6,31.4,Monsoon Season,11-04-2023,14-12-2025
VS000044,MP004,2023,8,August,Monsoon,14927,481,15408,7081,8327,1530,1274,1522,5075,10333,5.1,908.52,Windy,No,No,4.8,13998476.16,-17.3,Heavy Rain,06-10-2025,04-09-2025
VS000045,MP004,2024,9,September,Monsoon,12356,887,13243,6118,7125,823,1126,1801,4459,8784,5.8,1190.8,Rainy,No,No,4.2,15769764.4,-19.1,Rain Affected,01-01-2025,13-06-2025
VS000046,MP004,2023,10,October,Autumn,26694,1720,28414,14330,14084,2610,2405,4262,8746,19668,2.4,1591.82,Cloudy,No,No,4.7,45229973.48,5.8,Weekend Rush,03-03-2025,25-05-2025
VS000047,MP004,2023,11,November,Autumn,29240,3071,32311,15835,16476,2029,3107,3668,12024,20287,1.8,1144.27,Sunny,No,No,4.2,36972507.97,-14.5,Off Season,21-05-2023,07-04-2025
VS000048,MP004,2024,12,December,Winter,42069,1470,43539,20659,22880,3987,2347,5155,12576,30963,4.4,1582.81,Cloudy,Yes,No,4,68913964.59,23.8,New Year Rush,02-04-2025,08-01-2025
VS000049,MP005,2024,1,January,Winter,39129,5133,44262,24162,20100,3162,4039,4111,13467,30795,2.1,1734.98,Rainy,No,No,4.6,76793684.76,8.6,Winter Vacation,07-01-2024,03-02-2025
VS000050,MP005,2023,2,February,Winter,30054,2388,32442,15617,16825,1771,1630,3928,11987,20455,3.9,1033.79,Cloudy,No,No,4.2,33538215.18,19.4,Festival Crowd,06-05-2024,13-03-2025
VS000051,MP005,2024,3,March,Spring,25224,3424,28648,13686,14962,3091,1181,3685,8010,20638,2.2,1179.89,Windy,No,Yes,4.3,33801488.72,34.6,Peak Season,07-09-2025,08-09-2025
VS000052,MP005,2024,4,April,Spring,21294,841,22135,10121,12014,2388,2148,2400,7021,15114,2.8,926.22,Foggy,Yes,Yes,3.8,20501879.7,-13.2,Rain Affected,11-12-2025,14-02-2025
VS000053,MP005,2023,5,May,Summer,14692,2042,16734,9140,7594,1469,1622,1715,6454,10280,3,1248.55,Rainy,No,No,4.6,20893235.7,24.9,Rain Affected,09-08-2024,10-06-2025
VS000054,MP005,2024,6,June,Summer,16805,1570,18375,9912,8463,1680,1027,2739,5463,12912,5.3,824.28,Cloudy,No,No,4.2,15146145,13,Off Season,06-03-2024,08-02-2025
VS000055,MP005,2025,7,July,Monsoon,12724,1862,14586,7927,6659,1536,1168,1516,3828,10758,2.6,1032.4,Foggy,Yes,No,4.3,15058586.4,-3.7,Monsoon Season,03-07-2025,19-06-2025
VS000056,MP005,2024,8,August,Monsoon,10893,1308,12201,5593,6608,842,1169,1157,4571,7630,1.7,1305.2,Foggy,No,No,4.4,15924745.2,24.4,Rain Affected,21-10-2024,07-07-2025
VS000057,MP005,2023,9,September,Monsoon,16222,2160,18382,8895,9487,1329,1340,1664,5840,12542,4,1351,Sunny,Yes,No,3.8,24834082,-16.4,Rain Affected,22-04-2024,09-12-2025
VS000058,MP005,2025,10,October,Autumn,20409,2489,22898,10371,12527,1975,1319,2120,7313,15585,3.9,1762.69,Foggy,No,Yes,4.3,40362075.62,-19.4,Weekend Rush,04-07-2024,13-02-2025
VS000059,MP005,2024,11,November,Autumn,30786,1426,32212,17630,14582,3365,3021,2831,12162,20050,2.6,911.32,Cloudy,No,Yes,4.7,29355439.84,-19.1,Off Season,05-05-2024,19-09-2025
VS000060,MP005,2023,12,December,Winter,40167,1667,41834,19431,22403,3331,3841,5240,16508,25326,2.6,808.08,Rainy,No,No,4.6,33805218.72,10.9,Winter Vacation,03-04-2025,19-03-2025
VS000061,MP006,2025,1,January,Winter,28572,1742,30314,16298,14016,3621,1346,2651,9736,20578,1.7,1026.42,Foggy,Yes,No,4.8,31114895.88,16.8,Winter Vacation,09-11-2024,12-07-2025
VS000062,MP006,2023,2,February,Winter,33497,3550,37047,17653,19394,3023,2779,3269,10722,26325,5.5,1680.8,Cloudy,Yes,No,4.6,62268597.6,19.6,Weekend Rush,14-03-2024,17-01-2025
VS000063,MP006,2025,3,March,Spring,28498,2111,30609,16712,13897,2114,2443,4043,9947,20662,4.4,1464.71,Windy,No,No,4.9,44833308.39,27.7,Rain Affected,01-12-2023,17-09-2025
VS000064,MP006,2024,4,April,Spring,22739,2542,25281,12356,12925,1868,1725,2372,8304,16977,5.3,1508.79,Cloudy,Yes,No,4.3,38143719.99,-0.7,Holiday Rush,16-07-2024,07-01-2025
VS000065,MP006,2024,5,May,Summer,20440,1749,22189,12125,10064,1276,1863,2895,7512,14677,2.5,1754.58,Sunny,No,No,4.3,38932375.62,4.3,Rain Affected,14-12-2025,18-04-2025
VS000066,MP006,2023,6,June,Summer,12132,448,12580,6568,6012,1361,1012,1279,4617,7963,3,1274.38,Windy,No,No,4.6,16031700.4,25.5,Off Season,02-08-2023,24-09-2025
VS000067,MP006,2023,7,July,Monsoon,12770,527,13297,6056,7241,1578,586,1801,4067,9230,5.8,1645.38,Foggy,Yes,No,4.3,21878617.86,28.1,Rain Affected,08-09-2023,01-02-2025
VS000068,MP006,2023,8,August,Monsoon,10714,625,11339,5229,6110,636,851,1613,2888,8451,5,1017.3,Cloudy,Yes,No,3.8,11535164.7,-18.3,Rain Affected,06-01-2025,12-10-2025
VS000069,MP006,2023,9,September,Monsoon,14808,618,15426,6968,8458,879,676,2198,5824,9602,1.7,839.78,Cloudy,Yes,No,4.9,12954446.28,11.2,Festival Crowd,07-01-2024,09-03-2025
VS000070,MP006,2025,10,October,Autumn,29891,3978,33869,16816,17053,3494,1404,4139,9042,24827,5.3,1673.05,Sunny,Yes,No,4.6,56664530.45,-10.8,Rain Affected,02-11-2023,10-10-2025
VS000071,MP006,2025,11,November,Autumn,34506,1660,36166,18456,17710,3042,1495,4002,12605,23561,4.1,1386.68,Sunny,Yes,No,4,50150668.88,-2,Holiday Rush,21-01-2024,20-11-2025
VS000072,MP006,2023,12,December,Winter,31879,1412,33291,17763,15528,2591,3080,4981,9088,24203,2.5,1495.95,Sunny,No,No,4.7,49801671.45,15,Winter Vacation,24-05-2024,08-12-2025
VS000073,MP007,2024,1,January,Winter,32270,4580,36850,17584,19266,4078,3194,4627,10647,26203,1.7,1275.98,Foggy,No,No,4.6,47019863,1.9,Winter Vacation,23-10-2023,11-10-2025
VS000074,MP007,2023,2,February,Winter,26593,1254,27847,12830,15017,2130,2609,3006,7279,20568,4.9,833.04,Cloudy,Yes,No,4.4,23197664.88,28.8,Festival Crowd,20-08-2025,16-11-2025
VS000075,MP007,2023,3,March,Spring,23964,2295,26259,14038,12221,2955,1379,3795,9628,16631,4.4,1127.7,Rainy,No,Yes,4.5,29612274.3,3.4,Normal Traffic,08-01-2023,25-09-2025
VS000076,MP007,2023,4,April,Spring,27893,2805,30698,14671,16027,3543,2515,3087,8926,21772,1.7,1135.32,Foggy,No,No,4.4,34852053.36,24.6,Festival Crowd,17-04-2025,05-05-2025
VS000077,MP007,2024,5,May,Summer,20531,415,20946,9604,11342,2395,1124,2834,6003,14943,3,831.86,Cloudy,Yes,No,3.8,17424139.56,15.8,Peak Season,08-10-2024,08-05-2025
VS000078,MP007,2025,6,June,Summer,15046,505,15551,7444,8107,835,1479,2258,4013,11538,5.5,838.41,Sunny,No,No,4.1,13038113.91,-14.9,Normal Traffic,18-05-2023,21-11-2025
VS000079,MP007,2025,7,July,Monsoon,11384,1179,12563,6309,6254,773,599,1296,3876,8687,3,914.12,Rainy,No,No,4.2,11484089.56,25.5,Heavy Rain,21-08-2024,21-10-2025
VS000080,MP007,2024,8,August,Monsoon,11769,977,12746,6953,5793,1215,1120,1109,3895,8851,1.8,805.98,Rainy,No,No,4.2,10273021.08,-19.6,Heavy Rain,25-09-2025,05-07-2025
VS000081,MP007,2023,9,September,Monsoon,14604,457,15061,7709,7352,1160,860,1759,5805,9256,2.6,1341.3,Sunny,Yes,No,4,20201319.3,20.7,Holiday Rush,13-12-2024,14-10-2025
VS000082,MP007,2025,10,October,Autumn,23380,1339,24719,13126,11593,1430,2283,3383,8781,15938,2.7,1325.33,Sunny,Yes,Yes,4.3,32760832.27,14.8,Normal Traffic,04-11-2025,21-03-2025
VS000083,MP007,2025,11,November,Autumn,33970,3678,37648,18959,18689,3134,2053,4007,10437,27211,1.9,1246.14,Rainy,Yes,No,4.8,46914678.72,-8.6,Festival Crowd,18-06-2024,12-11-2025
VS000084,MP007,2025,12,December,Winter,36257,5101,41358,20673,20685,3039,2857,3630,11570,29788,4.7,969.15,Foggy,No,No,4.8,40082105.7,34.4,Winter Vacation,01-11-2023,22-11-2025
VS000085,MP008,2023,1,January,Winter,38068,5452,43520,20232,23288,4680,2965,5347,16666,26854,3.7,1444.2,Clear,Yes,No,4.6,62851584,6.4,New Year Rush,12-05-2025,08-03-2025
VS000086,MP008,2023,2,February,Winter,34666,4088,38754,18874,19880,1993,2648,4565,12527,26227,5.8,1091.7,Cloudy,No,No,4.7,42307741.8,24.6,Peak Season,14-03-2023,04-05-2025
VS000087,MP008,2023,3,March,Spring,32999,4760,37759,17484,20275,1911,1808,4958,12568,25191,3.5,1477.43,Foggy,No,No,4.1,55786279.37,-8.2,Rain Affected,05-02-2025,18-09-2025
VS000088,MP008,2024,4,April,Spring,22624,939,23563,12469,11094,1913,1119,2308,7709,15854,2,1216.28,Sunny,Yes,No,3.9,28659205.64,24.3,Holiday Rush,02-04-2023,10-12-2025
VS000089,MP008,2023,5,May,Summer,15012,2041,17053,8194,8859,1236,1571,1408,5031,12022,1.8,1528.5,Rainy,No,No,4.1,26065510.5,13,Off Season,25-11-2024,14-03-2025
VS000090,MP008,2023,6,June,Summer,12892,301,13193,6687,6506,1061,957,1320,3378,9815,4.4,832.06,Cloudy,Yes,No,4.4,10977367.58,19.7,Rain Affected,02-04-2025,12-09-2025
VS000091,MP008,2024,7,July,Monsoon,11350,1634,12984,5959,7025,1236,859,1058,4370,8614,5.9,1525.59,Clear,No,No,4.8,19808260.56,22.2,Rain Affected,03-03-2025,24-06-2025
VS000092,MP008,2025,8,August,Monsoon,13765,677,14442,6882,7560,1667,701,1638,3724,10718,2.3,1488.83,Windy,No,No,4.2,21501682.86,2.6,Monsoon Season,15-09-2024,02-08-2025
VS000093,MP008,2024,9,September,Monsoon,16833,345,17178,8047,9131,1082,1362,2572,4810,12368,4.9,1415.02,Rainy,Yes,No,4.5,24307213.56,17.7,Festival Crowd,04-04-2025,20-06-2025
VS000094,MP008,2024,10,October,Autumn,24173,1706,25879,13698,12181,1341,1704,3008,6930,18949,2.6,1562.33,Foggy,No,Yes,3.9,40431538.07,12.6,Normal Traffic,18-10-2025,15-10-2025
VS000095,MP008,2023,11,November,Autumn,25878,1442,27320,13182,14138,2622,1102,2250,10233,17087,3.3,1202.44,Windy,No,No,4.5,32850660.8,25,Holiday Rush,20-11-2023,12-05-2025
VS000096,MP008,2024,12,December,Winter,40972,2374,43346,20164,23182,3338,3201,4614,13664,29682,3,1201.77,Rainy,No,No,3.9,52091922.42,-6,Winter Vacation,03-11-2023,06-08-2025
VS000097,MP009,2023,1,January,Winter,29266,2669,31935,16577,15358,1908,2641,4733,9708,22227,2,1693.16,Windy,No,No,4.3,54071064.6,-19.7,Peak Season,09-11-2024,21-07-2025
VS000098,MP009,2024,2,February,Winter,29288,3731,33019,15858,17161,3193,3213,2870,12161,20858,5.7,888.23,Rainy,Yes,No,4,29328466.37,-8.7,Weekend Rush,20-01-2024,06-11-2025
VS000099,MP009,2025,3,March,Spring,27428,1279,28707,14547,14160,1905,1722,3763,10052,18655,3.2,1314.38,Foggy,No,Yes,3.9,37731906.66,17.9,Normal Traffic,22-08-2023,02-03-2025
VS000100,MP009,2025,4,April,Spring,25699,1418,27117,12937,14180,3001,1986,3581,6894,20223,4.1,1557.6,Sunny,Yes,Yes,4.5,42237439.2,21.1,Festival Crowd,21-03-2025,23-11-2025
VS000101,MP009,2023,5,May,Summer,20373,893,21266,11107,10159,1561,1243,1711,7770,13496,1.7,1120.71,Windy,Yes,No,3.9,23833018.86,12.9,Rain Affected,05-06-2024,14-02-2025
VS000102,MP009,2024,6,June,Summer,13023,1799,14822,6882,7940,1552,1452,1539,4763,10059,5.6,944.24,Foggy,Yes,No,3.9,13995525.28,-14.1,Festival Crowd,18-12-2025,07-08-2025
VS000103,MP009,2025,7,July,Monsoon,14997,605,15602,8011,7591,1139,1478,1492,4314,11288,5.4,1264.49,Windy,Yes,No,4.6,19728572.98,-7.9,Monsoon Season,01-04-2025,05-07-2025
VS000104,MP009,2023,8,August,Monsoon,10220,1124,11344,6188,5156,1327,523,1649,4059,7285,5.1,1391.76,Windy,Yes,No,4.1,15788125.44,16,Monsoon Season,09-02-2024,24-06-2025
VS000105,MP009,2024,9,September,Monsoon,12620,941,13561,7405,6156,1190,1138,1763,3860,9701,3.4,1284.22,Cloudy,Yes,No,4.3,17415307.42,-0.9,Normal Traffic,10-05-2023,05-08-2025
VS000106,MP009,2024,10,October,Autumn,28617,3845,32462,15519,16943,3651,2622,4197,8293,24169,5.6,898.83,Windy,No,No,4.6,29177819.46,21.4,Normal Traffic,23-01-2023,19-08-2025
VS000107,MP009,2023,11,November,Autumn,24985,3510,28495,13558,14937,1679,2313,3222,9114,19381,3.4,1500.64,,No,Yes,4.5,42760736.8,-3.5,Off Season,05-11-2024,19-10-2025
VS000108,MP009,2024,12,December,Winter,31868,3435,35303,17030,18273,1998,3084,3393,13695,21608,5.6,1320.17,Rainy,No,No,4.7,46605961.51,7.3,New Year Rush,04-07-2023,24-04-2025
VS000109,MP010,2023,1,January,Winter,34708,2960,37668,19684,17984,4166,3632,3442,12258,25410,4.7,1626.82,Cloudy,No,No,4.8,61279055.76,-18.4,Winter Vacation,14-06-2023,17-05-2025
VS000110,MP010,2025,2,Febauryruaury,Winter,26474,1780,28254,15013,13241,3094,2177,4190,7280,20974,4,801.17,Cloudy,No,No,4.8,22636257.18,29.2,Holiday Rush,05-11-2023,13-01-2025
VS000111,MP010,2023,3,March,Spring,30426,1534,31960,17328,14632,3614,1492,2952,10955,21005,5.3,1519.49,Cloudy,No,No,4.3,48562900.4,20.3,Holiday Rush,06-01-2025,08-10-2025
VS000112,MP010,2025,4,April,Spring,25786,2012,27798,14013,13785,2923,1627,3826,9599,18199,2.9,946.05,Cloudy,No,Yes,3.9,26298297.9,7.2,Normal Traffic,10-04-2024,08-11-2025
VS000113,MP010,2025,5,May,Summer,20895,1537,22432,10794,11638,2198,1375,1805,8298,14134,2.6,923.86,Rainy,No,No,3.9,20724027.52,16.4,Off Season,23-02-2023,17-06-2025
VS000114,MP010,2023,6,June,Summer,16655,2262,18917,9491,9426,1919,831,1944,6332,12585,5.8,1450.85,Rainy,Yes,No,4.4,27445729.45,-18.9,Holiday Rush,01-08-2025,02-12-2025
VS000115,MP010,2024,7,July,Monsoon,12532,838,13370,6492,6878,1260,957,1153,4239,9131,3.9,1436.44,Rainy,Yes,No,6.1,19205202.8,-18.9,Monsoon Season,06-03-2025,07-12-2025
VS000116,MP010,2024,8,August,Monsoon,11670,1485,13155,6711,6444,1316,993,1312,3727,9428,2,1372.44,Windy,No,No,4.4,18054448.2,-6.6,Monsoon Season,15-06-2024,07-12-2025
VS000117,MP010,2024,9,September,Monsoon,13608,496,14104,6448,7656,1348,1301,1760,4782,9322,3.3,1345.5,Sunny,No,No,4.6,18976932,-8.1,Holiday Rush,23-11-2024,02-04-2025
VS000118,MP010,2023,10,October,Autumn,22225,2635,24860,12239,12621,1696,1925,2572,9259,15601,6,1480.46,Rainy,Yes,No,4.7,36804235.6,29.1,Off Season,11-12-2025,25-05-2025
VS000119,MP010,2023,11,November,Autumn,33069,2756,35825,18730,17095,3799,2088,4455,13973,21852,3,1292.92,Clear,Yes,Yes,4.4,46318859,-4.6,Holiday Rush,08-02-2024,09-09-2025
VS000120,MP010,2024,12,December,Winter,39223,2257,41480,21767,19713,2555,2917,5176,14837,26643,3.3,1270.62,Sunny,Yes,No,4.5,6528664.99,16.9,Peak Season,11-08-2023,11-02-2025
VS000121,MP011,2025,1,January,Winter,31976,4286,36262,16652,19610,2784,2809,5300,10178,26084,2.3,1020.59,Clear,No,No,4.2,37008634.58,-4.9,Winter Vacation,08-08-2023,13-07-2025
VS000122,MP011,2024,2,February,Winter,37149,2699,39848,18813,21035,2914,3783,3494,10322,29526,4.9,1660.82,Foggy,No,No,4.8,66180355.36,12.8,Rain Affected,16-02-2023,15-03-2025
VS000123,MP011,2023,3,March,Spring,28925,924,29849,15862,13987,2272,2239,3234,10561,19288,3.3,1381.84,Foggy,No,No,4.7,41246542.16,-13.8,Holiday Rush,12-07-2023,11-03-2025
VS000124,MP011,2023,4,April,Spring,27973,4111,32084,15465,16619,2889,2798,3761,8379,23705,3.7,1618.08,Foggy,No,Yes,4.2,51914478.72,8.4,Off Season,02-07-2024,13-04-2025
VS000125,MP011,2025,5,May,Summer,20126,1258,21384,11616,9768,2562,1942,2223,6823,14561,2.7,1002.12,Sunny ,No,No,3.9,21429334.08,32.9,Weekend Rush ,22-05-2025,11-08-2025
VS000126,MP011,2024,6,June,Summer,17997,1689,19686,9596,10090,1304,1673,1777,5595,14091,2.8,929.84,Windy,Yes,No,4.9,18304830.24,-0.3,Rain Affected,04-12-2025,16-12-2025
VS000127,MP011,2023,7,July,Monsoon,10715,1070,11785,6420,5365,706,785,1164,3290,8495,5.3,1762.98,Sunny,Yes,No,4.4,20776719.3,-1.6,Heavy Rain,15-09-2023,16-07-2025
VS000128,MP011,2025,8,August,Monsoon,11606,783,12389,6532,5857,904,594,1030,3957,8432,3.1,1387.63,Cloudy,Yes,No,3.9,17191348.07,11.1,Monsoon Season,04-09-2024,24-05-2025
VS000129,MP011,2024,9,September,Monsoon,17883,1187,19070,8891,10179,1775,1877,2043,6048,13022,3.2,1522.36,Cloudy,No,No,4.2,29031405.2,15.9,Off Season,12-01-2024,21-01-2025
VS000130,MP011,2025,10,October,Autumn,20681,2268,22949,11323,11626,1591,979,3380,5867,17082,2.1,1569.69,Windy,Yes,Yes,3.8,36022815.81,12.4,Peak Season,21-11-2024,11-02-2025
VS000131,MP011,2023,11,November,Autumn,34307,1404,35711,18088,17623,3766,3385,3506,9342,26369,5.4,920.15,Rainy,No,Yes,4,32859476.65,34.3,Festival Crowd,17-04-2024,23-09-2025
VS000132,MP011,2024,12,December,Winter,41690,5000,46690,23151,23539,3727,2360,4955,17615,29075,5.5,1722.89,Rainy,No,No,4.6,80441734.1,-10,Winter Vacation,24-02-2024,13-01-2025
VS000133,MP012,2023,1,January,Winter,33167,1886,35053,17229,17824,3700,3092,4792,8942,26111,3,1214.43,Foggy,No,No,4.6,42569414.79,32.4,Peak Season,11-07-2024,25-08-2025
VS000134,MP012,2024,2,February,Winter,30890,4072,34962,17194,17768,2566,2816,4800,9916,25046,3.1,1121.47,Clear,Yes,No,3.9,39208834.14,2.5,Holiday Rush,01-07-2025,25-09-2025
VS000135,MP012,2023,3,March,Spring,27856,1175,29031,15089,13942,2583,1960,2689,7487,21544,2.9,1448.47,Sunny,No,No,4.4,42050532.57,-2.7,Holiday Rush,05-09-2024,17-01-2025
VS000136,MP012,2023,4,April,Spring,29577,1190,30767,16302,14465,3551,2304,3387,11790,18977,2.5,1261.91,Cloudy,Yes,Yes,3.8,38825184.97,26.6,Normal Traffic,03-04-2023,01-08-2025
VS000137,MP012,2024,5,May,Summer,17326,569,17895,9690,8205,905,1653,1661,4674,13221,5.6,1384.15,Cloudy,No,No,4.6,24769364.25,5.5,Festival Crowd,06-07-2025,09-11-2025
VS000138,MP012,2024,6,June,Summer,15816,2250,18066,8708,9358,1654,1064,2699,5118,12948,2.3,1762.3,Windy,Yes,No,4.5,31837711.8,-18.9,Rain Affected,01-08-2024,25-11-2025
VS000139,MP012,2023,7,July,Monsoon,13238,1232,14470,7320,7150,1280,909,1740,4305,10165,3.7,1427.52,Cloudy,No,No,3.9,20656214.4,-10.1,Rain Affected,11-05-2024,18-10-2025
VS000140,MP012,2023,8,August,Monsoon,12360,548,12908,6029,6879,1160,1083,1218,3691,9217,3.8,1632.92,Windy,Yes,No,4.5,21077731.36,11.4,Monsoon Season,20-10-2023,19-03-2025
VS000141,MP012,2024,9,September,Monsoon,16955,898,17853,8906,8947,1876,1739,1756,5670,12183,3.6,1112.92,Rainy,No,No,4.8,19868960.76,-4.1,Holiday Rush,14-05-2025,06-11-2025
VS000142,MP012,2023,10,October,Autumn,26321,1366,27687,13447,14240,2802,2235,3695,10518,17169,4.4,1473.88,Rainy,No,No,4.3,40807315.56,0.1,Festival Crowd,21-04-2025,24-02-2025
VS000143,MP012,2024,11,November,Autumn,31102,1285,32387,17793,14594,2671,2506,3689,11013,21374,4.6,1670.96,Sunny,Yes,No,4.1,54117381.52,-3.8,Festival Crowd,09-11-2023,19-07-2025
VS000144,MP012,2023,12,December,Winter,38576,2048,40624,20731,19893,3641,2668,3891,10667,29957,5.4,1158.65,Rainy,No,No,3.9,47068997.6,-13.1,Peak Season,16-05-2023,07-10-2025
VS000145,MP013,2025,1,January,Winter,34303,2706,37009,18065,18944,3440,1537,3466,12403,24606,2.7,892.9,Foggy,No,No,3.8,33045336.1,-2.9,Winter Vacation,22-04-2023,18-06-2025
VS000146,MP013,2023,2,February,Winter,32228,4383,36611,19832,16779,2214,1485,5411,10393,26218,4.3,1528.25,Sunny,Yes,No,4.6,55950760.75,-2.3,Weekend Rush,08-06-2025,01-03-2025
VS000147,MP013,2023,3,March,Spring,27787,2601,30388,14277,16111,1805,2906,2582,11958,18430,3.4,1319.53,Clear,Yes,No,4.8,40097877.64,1,Holiday Rush,07-03-2025,14-03-2025
VS000148,MP013,2023,4,April,Spring,22738,1408,24146,12481,11665,1555,2256,2593,6135,18011,2,1351.63,Rainy,No,No,4.5,32636457.98,7.5,Peak Season,04-10-2024,03-01-2025
VS000149,MP013,2024,5,May,Summer,19129,477,19606,10702,8904,1196,878,2320,7641,11965,2.1,958.28,Clear,Yes,No,4.3,18788037.68,-2.3,Rain Affected,18-10-2025,01-02-2025
VS000150,MP013,2023,6,June,Summer,17304,1575,18879,9784,9095,1883,897,2181,6724,12155,2.9,1282.93,Windy,Yes,No,4.2,24220435.47,-6.2,Normal Traffic,15-03-2023,06-03-2025
VS000151,MP013,2025,7,July,Monsoon,14265,645,14910,6729,8181,1625,1477,1604,4112,10798,1.9,1565.64,Rainy,No,No,4.8,23343692.4,11.3,Monsoon Season,22-02-2023,19-12-2025
VS000152,MP013,2024,8,August,Monsoon,14567,1118,15685,7160,8525,1554,1199,2294,4244,11441,5.1,1611.99,Cloudy,Yes,No,4.2,25284063.15,4.9,Heavy Rain,23-09-2024,07-02-2025
VS000153,MP013,2025,9,September,Monsoon,17442,1305,18747,9674,9073,1571,1857,2271,7192,11555,2.5,1592.9,Sunny,Yes,No,4.7,29862096.3,3.2,Holiday Rush,07-12-2025,13-07-2025
VS000154,MP013,2023,10,October,Autumn,29550,2861,32411,16892,15519,2606,1843,2803,9901,22510,4.6,1076.32,Foggy,Yes,No,3.8,34884607.52,-3,Peak Season,21-11-2024,08-08-2025
VS000155,MP013,2025,11,November,Autumn,34024,3289,37313,20063,17250,4445,3378,3864,12311,25002,5.1,1371.58,Sunny,Yes,Yes,4.9,51177764.54,25.7,Rain Affected,25-07-2024,10-01-2025
VS000156,MP013,2023,12,December,Winter,30406,877,31283,16893,14390,3215,1903,2991,11317,19966,2.7,1483.46,Foggy,Yes,No,4.4,46407079.18,-14.6,Peak Season,18-05-2023,22-06-2025
VS000157,MP014,2023,1,January,Winter,34707,4234,38941,20085,18856,2147,2531,5835,14498,24443,5.7,1134.25,Cloudy,Yes,No,4.8,44168829.25,-9.2,New Year Rush,25-07-2024,18-03-2025
VS000158,MP014,2025,2,February,Winter,38100,2542,40642,21451,19191,2808,3271,5028,15337,25305,2.9,1511.62,Rainy,No,No,4.1,61435260.04,19.5,Off Season,13-10-2024,24-11-2025
VS000159,MP014,2025,3,March,Spring,26753,3569,30322,13828,16494,2559,1833,3063,11595,18727,6,1429,Sunny,No,Yes,4,43330138,-16.8,Peak Season,23-02-2024,18-01-2025
VS000160,MP014,2025,4,April,Spring,27491,933,28424,13387,15037,2774,1993,3795,11195,17229,3.3,1261.44,Rainy,Yes,Yes,4.5,35855170.56,-6.1,Festival Crowd,17-08-2024,19-12-2025
VS000161,MP014,2025,5,May,Summer,17120,1417,18537,8543,9994,1727,1690,1915,7093,11444,3.5,1140.22,Rainy,Yes,No,3.9,21136258.14,14.6,Rain Affected,05-11-2023,16-12-2025
VS000162,MP014,2023,6,June,Summer,17524,1795,19319,10442,8877,1838,1231,1982,5505,13814,5.3,1373.48,Windy,Yes,No,4.1,26534260.12,0.2,Normal Traffic,01-10-2025,20-01-2025
VS000163,MP014,2025,7,July,Monsoon,11221,253,11474,5790,5684,943,870,1197,3993,7481,5.1,1791.45,Cloudy,No,No,4.4,20555097.3,23.8,Rain Affected,07-04-2025,02-06-2025
VS000164,MP014,2023,8,August,Monsoon,14690,383,15073,7307,7766,1025,1252,1258,4262,10811,3.5,1760.04,Foggy,Yes,No,3.9,26529082.92,24.9,Rain Affected,16-07-2024,10-12-2025
VS000165,MP014,2025,9,September,Monsoon,14270,1741,16011,7633,8378,1046,1552,2162,5123,10888,2.8,1681.94,Cloudy,Yes,No,4.8,26929541.34,32.8,Peak Season,02-11-2023,21-01-2025
VS000166,MP014,2023,10,October,Autumn,20411,2057,22468,11585,10883,1771,1928,2321,6500,15968,5.6,1250.67,Clear,No,No,4.1,28100053.56,27.6,Normal Traffic,04-02-2023,15-03-2025
VS000167,MP014,2023,11,November,Autumn,24582,3567,28149,14724,13425,1420,2344,3230,9388,18761,2.2,1558.87,Windy,Yes,Yes,4.5,43880631.63,3,Festival Crowd,21-03-2023,05-06-2025
VS000168,MP014,2024,12,December,Winter,38857,5643,44500,23569,20931,4406,3875,5334,12167,32333,4.3,1548.46,Windy,No,No,4.8,68906470,10.2,Winter Vacation,10-09-2024,23-10-2025
VS000169,MP015,2023,1,January,Winter,38623,3076,41699,19468,22231,4387,2409,4318,12200,29499,5.4,886.32,Sunny,Yes,No,4.1,36958657.68,9.2,Peak Season,25-03-2025,20-01-2025
VS000170,MP015,2024,2,February,Winter,28766,3821,32587,16155,16432,1976,2970,4243,9133,23454,5.8,935.23,Windy,No,No,4.5,30476340.01,15.4,Peak Season,17-09-2024,03-12-2025
VS000171,MP015,2024,3,March,Spring,25555,2529,28084,14058,14026,1527,2101,2926,10057,18027,5.3,1092.78,Sunny,Yes,No,4.8,30689633.52,19.2,Off Season,11-12-2024,21-12-2025
VS000172,MP015,2024,4,April,Spring,23357,539,23896,11305,12591,1954,1670,3107,6561,17335,2.3,833.09,Sunny,No,Yes,4.6,19907518.64,17.2,Festival Crowd,16-04-2024,12-07-2025
VS000173,MP015,2025,5,May,Summer,17432,2449,19881,9510,10371,1669,1888,2477,5661,14220,3.1,1020.81,Cloudy,Yes,No,4.7,20294723.61,-16.9,Peak Season,24-03-2023,09-10-2025
VS000174,MP015,2025,6,June,Summer,15393,894,16287,8649,7638,955,1444,1897,5896,10391,5.1,891.41,Clear,No,No,4.3,14518394.67,-4.5,Weekend Rush,16-05-2025,16-05-2025
VS000175,MP015,2025,7,July,Monsoon,12256,510,12766,6580,6186,655,800,1305,4456,8310,5,1585.27,Rainy,No,No,4,20237556.82,-11.2,Rain Affected,04-06-2023,11-12-2025
VS000176,MP015,2024,8,August,Monsoon,13880,1987,15867,8631,7236,1736,1016,1608,5394,10473,1.8,1478.54,Clear,Yes,No,4,23459994.18,-7.7,Rain Affected,12-09-2024,07-05-2025
VS000177,MP015,2025,9,September,Monsoon,13557,1794,15351,7822,7529,1528,1360,1236,5924,9427,2.5,1161.32,Rainy,Yes,No,3.8,17827423.32,15.5,Rain Affected,02-04-2025,25-08-2025
VS000178,MP015,2023,10,October,Autumn,24137,3404,27541,14753,12788,2702,2615,3608,8340,19201,3.2,1640.41,Windy,No,No,4.3,45178531.81,18.8,Weekend Rush,10-06-2025,04-10-2025
VS000179,MP015,2023,11,November,Autumn,27285,1299,28584,14900,13684,2009,2339,4160,10630,17954,3.8,1392.49,Sunny,Yes,Yes,4.4,39802934.16,15.1,Weekend Rush,19-11-2023,04-10-2025
VS000180,MP015,2025,12,December,Winter,31118,4411,35529,18770,16759,3485,2083,3397,11646,23883,5.4,926.05,Rainy,Yes,No,4.5,32901630.45,-9.7,Winter Vacation,25-03-2023,06-02-2025
VS000181,MP016,2024,1,January,Winter,33300,1761,35061,18842,16219,2649,2092,2946,8885,26176,5.8,891.97,Rainy,No,No,4.7,31273360.17,-3.7,New Year Rush,12-05-2023,19-11-2025
VS000182,MP016,2023,2,February,Winter,30351,3089,33440,17397,16043,2154,2809,4459,12011,21429,3.7,1575.96,Windy,No,No,4.3,52700102.4,7.9,Normal Traffic,12-04-2024,21-08-2025
VS000183,MP016,2025,3,March,Spring,23787,635,24422,12856,11566,1565,1075,3539,8847,15575,5,1352.07,Rainy,Yes,Yes,3.8,33020253.54,6.6,Rain Affected,10-11-2023,17-05-2025
VS000184,MP016,2023,4,April,Spring,29502,1194,30696,16223,14473,1704,2105,3902,9266,21430,1.6,1028.28,Rainy,No,No,4.7,31564082.88,23.3,Normal Traffic,11-08-2025,08-12-2025
VS000185,MP016,2025,5,May,Summer,15825,1503,17328,7975,9353,1049,1390,1524,4826,12502,2.7,1273.61,Sunny,No,No,3.9,22069114.08,-5.9,Rain Affected,16-03-2024,02-11-2025
VS000186,MP016,2024,6,June,Summer,14047,1867,15914,7371,8543,913,664,2255,5724,10190,2,1707.94,Sunny,No,No,4.7,27180157.16,2.1,Holiday Rush,18-03-2023,01-10-2025
VS000187,MP016,2025,7,July,Monsoon,13658,572,14230,6609,7621,1330,1116,1387,3642,10588,5.2,1267.59,Clear,No,No,3.8,18037805.7,13.4,Heavy Rain,10-07-2023,19-10-2025
VS000188,MP016,2024,8,August,Monsoon,12501,1120,13621,6262,7359,744,780,1103,4722,8899,1.8,1570.14,Cloudy,Yes,No,4,21386876.94,-9.3,Heavy Rain,02-01-2025,24-08-2025
VS000189,MP016,2024,9,September,Monsoon,16176,738,16914,8625,8289,1059,1028,1542,4476,12438,3,1650.8,Rainy,No,No,4.8,27921631.2,23,Festival Crowd,02-07-2023,07-04-2025
VS000190,MP016,2023,10,October,Autumn,21330,1104,22434,10367,12067,2407,1540,3339,7976,14458,4.8,1768.56,Rainy,No,Yes,4.7,39675875.04,-10.1,Off Season,04-08-2025,20-10-2025
VS000191,MP016,2024,11,November,Autumn,30054,4180,34234,17150,17084,2088,2344,4637,11102,23132,2.7,1543.93,Foggy,Yes,No,4.7,52854899.62,-5.5,Festival Crowd,15-09-2023,21-05-2025
VS000192,MP016,2024,12,December,Winter,40347,5187,45534,20498,25036,4602,4072,4727,13107,32427,2,829.09,Foggy,No,No,4,37751784.06,10.2,New Year Rush,02-07-2025,12-11-2025
VS000193,MP017,2024,1,January,Winter,37666,4365,42031,21080,20951,3357,2061,4509,11507,30524,5.4,1702.58,Cloudy,No,No,4.1,71561139.98,21.8,New Year Rush,19-08-2024,20-06-2025
VS000194,MP017,2024,2,February,Winter,33635,4958,38593,19243,19350,2306,2890,3332,12078,26515,5.2,1025.72,Rainy,No,No,4.7,39585611.96,-9.9,Rain Affected,03-01-2024,23-03-2025
VS000195,MP017,2024,3,March,Spring,32449,3259,35708,19465,16243,4124,3480,3710,10128,25580,5.7,1119.94,Windy,Yes,Yes,4.5,39990817.52,-0.2,Off Season,17-08-2025,21-03-2025
VS000196,MP017,2023,4,April,Spring,21549,2282,23831,11545,12286,2367,1779,2901,9033,14798,4,941.19,Clear,Yes,No,4,22429498.89,28.5,Peak Season,09-06-2024,22-03-2025
VS000197,MP017,2024,5,May,Summer,19089,825,19914,9326,10588,1934,837,2442,6752,13162,4.2,1532.68,Windy,Yes,No,4.2,30521789.52,17.1,Weekend Rush,19-03-2024,03-03-2025
VS000198,MP017,2024,6,June,Summer,14233,395,14628,7909,6719,1097,604,1374,4502,10126,3.8,1221.72,Sunny,Yes,No,4.5,17871320.16,27.1,Off Season,24-12-2025,13-10-2025
VS000199,MP017,2023,7,July,Monsoon,10941,935,11876,5808,6068,816,1136,1597,4395,7481,3.9,1416.42,Foggy,No,No,4.6,16821403.92,-12.5,Rain Affected,22-06-2024,10-11-2025
VS000200,MP017,2025,8,August,Monsoon,13536,1753,15289,7776,7513,899,832,1424,4408,10881,4.4,1390.21,Clear,Yes,No,3.9,21254920.69,32.8,Rain Affected,18-03-2025,09-12-2025
VS000201,MP017,2024,9,September,Monsoon,15914,887,16801,8185,8616,1488,673,1436,5682,11119,1.5,1320.8,Windy,No,No,4,22190760.8,-2.6,Peak Season,23-12-2023,02-03-2025
VS000202,MP017,2023,10,October,Autumn,24024,3335,27359,15020,12339,2007,2139,3128,6911,20448,2.9,1183.06,Clear,Yes,Yes,3.9,32367338.54,26,Rain Affected,23-04-2023,15-02-2025
VS000203,MP017,2025,11,November,Autumn,25847,1750,27597,13592,14005,1456,1248,2902,7222,20375,2.6,885.12,Windy,No,No,4.7,24426656.64,11.4,Weekend Rush,14-03-2024,05-03-2025
VS000204,MP017,2024,12,December,Winter,39841,5806,45647,22384,23263,4838,3454,5751,16838,28809,1.6,1339.96,Cloudy,Yes,No,3.8,61165154.12,17.6,New Year Rush,13-06-2025,18-03-2025
VS000205,MP018,2023,1,January,Winter,32424,1732,34156,17368,16788,3948,2515,3168,10665,23491,3.3,1766.51,Foggy,No,No,4.2,60336915.56,29.7,Winter Vacation,03-08-2024,04-02-2025
VS000206,MP018,2023,2,February,Winter,26516,1539,28055,12750,15305,1827,1344,3424,7803,20252,5.5,1367.04,Rainy,Yes,No,4.6,38352307.2,14.3,Weekend Rush,20-06-2025,05-10-2025
VS000207,MP018,2024,3,March,Spring,30657,3612,34269,16941,17328,3248,2377,3813,10407,23862,3.2,862.19,,Yes,No,4.5,29546389.11,26.7,Holiday Rush,05-11-2023,17-09-2025
VS000208,MP018,2023,4,April,Spring,23499,569,24068,11437,12631,1334,1497,3027,6764,17304,5.4,808.79,Sunny,Yes,Yes,3.8,19465957.72,31.3,Off Season,12-03-2023,05-11-2025
VS000209,MP018,2025,5,May,Summer,20830,2376,23206,11970,11236,1277,2276,2647,7618,15588,3.5,936.36,Foggy,Yes,No,3.9,21729170.16,9.4,Peak Season,11-05-2024,15-10-2025
VS000210,MP018,2024,6,Junaurye,Summer,13374,1125,14499,7865,6634,808,1343,1902,4801,9698,2.5,1145.55,Windy,Yes,No,4.8,16609329.45,-10.6,Festival Crowd,09-01-2025,01-02-2025
VS000211,MP018,2025,7,July,Monsoon,11725,765,12490,6195,6295,669,615,1451,3653,8837,1.9,945.75,Clear,No,No,4.2,11812417.5,3.5,Heavy Rain,11-06-2023,08-03-2025
VS000212,MP018,2024,8,August,Monsoon,10579,1554,12133,6103,6030,834,765,1252,3139,8994,2.5,1334.47,Foggy,No,No,4,16191124.51,33.4,Rain Affected,07-12-2025,24-10-2025
VS000213,MP018,2023,9,September,Monsoon,12851,1577,14428,6666,7762,1028,934,1564,3698,10730,5.2,1751.69,Foggy,No,No,4.7,25273383.32,12.3,Rain Affected,19-01-2024,04-08-2025
VS000214,MP018,2025,10,October,Autumn,23149,1800,24949,12778,12171,1379,1166,2222,9926,15023,2.8,1376.9,Clear,Yes,No,3.9,34352278.1,29.6,Rain Affected,04-03-2024,03-05-2025
VS000215,MP018,2023,11,November,Autumn,31433,1457,32890,15793,17097,2283,2356,4644,12120,20770,3.7,1108.01,Sunny,No,Yes,6.4,36442448.9,-2.2,Weekend Rush,03-04-2023,10-12-2025
VS000216,MP018,2023,12,December,Winter,43904,3519,47423,21538,25885,5238,3675,6647,14648,32775,3.5,1758.96,Clear,No,No,4.4,83415160.08,20.4,Peak Season,17-10-2023,04-08-2025
VS000217,MP019,2025,1,January,Winter,30306,2023,32329,17627,14702,2210,2534,4217,12200,20129,4.7,1373.41,Foggy,No,No,4.3,44400971.89,-15.1,New Year Rush,19-04-2025,22-10-2025
VS000218,MP019,2025,2,February,Winter,34703,4210,38913,19742,19171,3100,2959,5258,12218,26695,3.9,807.6,Cloudy,No,No,4.6,31426138.8,17.7,Festival Crowd,03-02-2024,07-12-2025
VS000219,MP019,2025,3,March,Spring,25626,3804,29430,14854,14576,2159,1865,2774,9524,19906,3,940.95,Sunny,Yes,Yes,3.8,27692158.5,-4.2,Peak Season,20-03-2025,21-08-2025
VS000220,MP019,2025,4,April,Spring,21624,905,22529,12164,10365,1815,1540,2694,7060,15469,5.9,1079.61,Windy,Yes,Yes,4.7,2543500.12,-13.3,Weekend Rush,06-01-2023,18-01-2025
VS000221,MP019,2023,5,May,Summer,15567,314,15881,8521,7360,1681,844,1847,5224,10657,2.6,1589.09,Sunny,No,No,4.7,25236338.29,28.3,Normal Traffic,04-06-2025,20-01-2025
VS000222,MP019,2023,6,June,Summer,12143,932,13075,6688,6387,777,637,1470,4405,8670,3.4,1145.02,Clear,No,No,4.8,14971136.5,-10.4,Off Season,03-10-2024,23-07-2025
VS000223,MP019,2024,7,July,Monsoon,14873,1909,16782,8967,7815,918,1359,1705,5211,11571,1.9,1703.05,Windy,No,No,4.3,28580585.1,2.5,Heavy Rain,15-06-2025,09-09-2025
VS000224,MP019,2024,8,August,Monsoon,10913,254,11167,5630,5537,836,672,1368,3222,7945,3.3,1361.84,Windy,Yes,No,4,15207667.28,26,Monsoon Season,07-04-2025,19-10-2025
VS000225,MP019,2025,9,September,Monsoon,16646,493,17139,8791,8348,1853,1036,2501,4976,12163,1.9,944.33,Foggy ,Yes,No,4.2,16184871.87,8.5,Peak Season ,06-08-2025,16-05-2025
VS000226,MP019,2025,10,October,Autumn,20148,1162,21310,10084,11226,2285,1530,2525,7586,13724,4.4,1132.62,Foggy,Yes,No,4.2,24136132.2,31.8,Festival Crowd,19-03-2024,14-04-2025
VS000227,MP019,2024,11,November,Autumn,31064,3315,34379,18483,15896,3743,1814,2796,12581,21798,4,1059.37,Sunny,No,Yes,4.3,36420081.23,12.6,Holiday Rush,22-02-2025,12-11-2025
VS000228,MP019,2023,12,December,Winter,37595,1203,38798,17773,21025,2969,2441,3117,14103,24695,5.9,1748.22,Sunny,Yes,No,4.4,67827439.56,17.1,Peak Season,02-08-2024,05-03-2025
VS000229,MP020,2025,1,January,Winter,31739,3830,35569,17024,18545,1869,1755,4716,11610,23959,3.6,1788.49,Clear,No,No,4.8,63614800.81,29,Peak Season,01-08-2023,02-05-2025
VS000230,MP020,2023,2,February,Winter,34432,3450,37882,18948,18934,2118,3781,4570,9474,28408,4.7,852.72,Rainy,Yes,No,4.5,32302739.04,1.5,Weekend Rush,04-05-2025,15-12-2025
VS000231,MP020,2023,3,March,Spring,29197,689,29886,16071,13815,2901,2750,3487,9599,20287,3.6,1177.56,Sunny,No,Yes,3.8,35192558.16,16.3,Normal Traffic,02-09-2024,01-01-2025
VS000232,MP020,2023,4,April,Spring,27415,2982,30397,14630,15767,3426,1945,3963,8158,22239,1.9,1529.98,Windy,No,No,4,46506802.06,24.1,Festival Crowd,09-01-2023,10-02-2025
VS000233,MP020,2023,5,May,Summer,19351,515,19866,10380,9486,1015,1325,1832,7812,12054,5.5,1560.18,Clear,No,No,4.3,30994535.88,16.1,Peak Season,03-04-2023,09-08-2025
VS000234,MP020,2023,6,June,Summer,16092,1019,17111,9065,8046,1057,708,1437,6479,10632,4.3,1403.85,Cloudy,No,No,4.6,24021277.35,30.4,Holiday Rush,08-01-2024,20-03-2025
VS000235,MP020,2024,7,July,Monsoon,11059,1143,12202,6032,6170,1077,675,1421,3575,8627,1.6,1569.07,Sunny,No,No,4.3,19145792.14,21,Rain Affected,03-11-2024,24-02-2025
VS000236,MP020,2025,8,August,Monsoon,14261,860,15121,7439,7682,1313,1438,2188,3945,11176,4.6,990.02,Clear,No,No,4.4,14970092.42,33.6,Heavy Rain,10-07-2025,23-04-2025
VS000237,MP020,2025,9,September,Monsoon,13947,1991,15938,8484,7454,803,959,1619,4010,11928,4.6,1369.61,Windy,No,No,4.6,21828844.18,-15.4,Festival Crowd,09-06-2024,21-06-2025
VS000238,MP020,2023,10,October,Autumn,22739,2726,25465,13325,12140,1944,2172,2642,9596,15869,2.7,1770.02,Foggy,No,No,4.6,45073559.3,2.9,Festival Crowd,01-02-2025,03-04-2025
VS000239,MP020,2025,11,November,Autumn,35437,1170,36607,19539,17068,3835,1643,4631,12285,24322,5,869.54,Clear,No,Yes,4.2,31831250.78,8.4,Normal Traffic,03-12-2025,19-12-2025
VS000240,MP020,2023,12,December,Winter,43223,1229,44452,22875,21577,2239,3569,6194,14992,29460,1.6,854.2,Sunny,Yes,No,4.5,37970898.4,17.8,New Year Rush,17-06-2025,04-06-2025
VS000241,MP021,2024,1,January,Winter,12975,1342,14317,6491,7826,1204,1395,2044,4006,10311,2.1,738.05,Rainy,Yes,No,4.4,10566661.85,22.7,Winter Vacation,12-10-2023,08-11-2025
VS000242,MP021,2024,2,February,Winter,12668,1644,14312,7318,6994,1078,713,1255,3713,10599,3.2,453.42,Cloudy,No,No,4.8,6489347.04,-15.7,Normal Traffic,14-06-2024,03-11-2025
VS000243,MP021,2023,3,March,Spring,11243,562,11805,5749,6056,932,650,1022,4283,7522,3.9,629.6,Foggy,No,No,4.5,7432428,-9.2,Off Season,16-03-2024,24-12-2025
VS000244,MP021,2025,4,April,Spring,10550,1024,11574,5934,5640,1003,914,980,3020,8554,5.6,524.97,Rainy,No,Yes,4.6,6076002.78,34.6,Normal Traffic,09-03-2025,01-08-2025
VS000245,MP021,2024,5,May,Summer,6761,283,7044,3831,3213,461,639,1028,2323,4721,4.3,967.37,Windy,No,No,4.8,6814154.28,-8.6,Off Season,25-02-2023,01-05-2025
VS000246,MP021,2024,6,June,Summer,5358,625,5983,2788,3195,452,321,769,2319,3664,3,663.27,Rainy,No,No,4.7,3968344.41,23.9,Rain Affected,19-01-2023,22-02-2025
VS000247,MP021,2025,7,July,Monsoon,4122,167,4289,2032,2257,249,195,568,1687,2602,3.6,1060.14,Sunny,Yes,No,4.5,4546940.46,11.5,Rain Affected,08-08-2024,24-03-2025
VS000248,MP021,2023,8,August,Monsoon,5672,519,6191,2809,3382,540,310,822,2071,4120,3.6,757.13,Sunny,Yes,No,4.5,4687391.83,31.5,Heavy Rain,04-01-2024,19-03-2025
VS000249,MP021,2024,9,September,Monsoon,5572,780,6352,2926,3426,580,379,635,2496,3856,5.7,929.24,Cloudy,Yes,No,4,5902532.48,27,Peak Season,17-02-2025,21-06-2025
VS000250,MP021,2025,10,October,Autumn,11680,792,12472,5849,6623,635,1155,1342,4920,7552,5.3,678.7,Rainy,No,Yes,4.5,8464746.4,34.5,Off Season,15-07-2024,23-12-2025
VS000251,MP021,2025,11,November,Autumn,13795,840,14635,7131,7504,767,772,1365,4130,10505,3.4,836.85,Clear,No,No,4.4,12247299.75,24.5,Holiday Rush,01-11-2023,17-04-2025
VS000252,MP021,2023,12,December,Winter,16473,2195,18668,8500,10168,934,1162,1894,6978,11690,4.3,772.02,Rainy,Yes,No,4.6,14412069.36,17.8,Winter Vacation,25-04-2024,12-11-2025
VS000253,MP022,2023,1,January,Winter,15458,713,16171,8578,7593,1445,807,1506,5116,11055,4.8,836.24,Rainy,No,No,4.4,13522837.04,-18.5,Peak Season,03-10-2024,06-12-2025
VS000254,MP022,2025,2,February,Winter,11738,755,12493,6449,6044,1259,567,1008,3404,9089,2.2,1151.08,Windy,Yes,No,4.4,14380442.44,-4.8,Weekend Rush,01-05-2024,03-08-2025
VS000255,MP022,2024,3,March,Spring,10112,553,10665,5409,5256,669,969,855,4021,6644,5.8,692.27,Foggy,No,Yes,4.7,7383059.55,-8.9,Off Season,19-02-2023,07-10-2025
VS000256,MP022,2025,4,April,Spring,11231,1576,12807,6219,6588,1426,997,1201,4763,8044,2.3,436.65,Foggy,No,No,4.2,5592176.55,32.8,Weekend Rush,07-11-2025,21-11-2025
VS000257,MP022,2024,5,May,Summer,7435,1063,8498,4367,4131,995,473,1250,2464,6034,4,986.03,Sunny,No,No,4.6,8379282.94,9.4,Normal Traffic,21-01-2025,18-10-2025
VS000258,MP022,2025,6,June,Summer,5195,432,5627,2689,2938,367,552,531,1966,3661,1.6,1097.8,Windy,Yes,No,4.8,6177320.6,24.9,Holiday Rush,20-10-2023,05-07-2025
VS000259,MP022,2023,7,July,Monsoon,5677,127,5804,2924,2880,651,270,868,2109,3695,1.7,946.42,Sunny,No,No,4.5,5493021.68,32.5,Rain Affected,09-08-2025,03-11-2025
VS000260,MP022,2024,8,August,Monsoon,5941,851,6792,3647,3145,756,647,966,2254,4538,1.6,1185.8,Foggy,Yes,No,4.5,8053953.6,2.4,Heavy Rain,20-01-2023,20-10-2025
VS000261,MP022,2025,9,September,Monsoon,4830,115,4945,2347,2598,535,249,490,1461,3484,5.3,857.01,Rainy,No,No,4.6,4237914.45,24.5,Weekend Rush,11-09-2024,20-04-2025
VS000262,MP022,2023,10,October,Autumn,11058,1548,12606,6521,6085,931,812,1716,4926,7680,1.7,898.58,Windy,No,No,3.8,11327499.48,16.4,Rain Affected,13-03-2023,10-12-2025
VS000263,MP022,2024,11,November,Autumn,13551,374,13925,6289,7636,1037,1013,1870,3785,10140,5.6,1137.72,Windy,Yes,No,4.4,15842751,-5.7,Weekend Rush,06-09-2023,02-01-2025
VS000264,MP022,2024,12,December,Winter,12268,1440,13708,7532,6176,1423,803,1180,4568,9140,2.5,1002.37,Windy,Yes,No,4.9,13740487.96,13.5,New Year Rush,23-09-2023,04-08-2025
VS000265,MP023,2025,1,January,Winter,14468,674,15142,7978,7164,923,1070,2124,5908,9234,3.1,427.71,Clear,Yes,No,4.2,6476384.82,-15.7,Peak Season,25-12-2024,08-02-2025
VS000266,MP023,2023,2,February,Winter,15305,660,15965,8044,7921,1533,1066,1882,4955,11010,1.7,629.79,Windy,No,No,4.5,10054597.35,12.8,Peak Season,09-09-2025,05-09-2025
VS000267,MP023,2024,3,March,Spring,9438,222,9660,4741,4919,653,927,1029,2941,6719,5.3,1178.67,Sunny,No,No,4.4,11385952.2,-10.7,Weekend Rush,08-02-2023,07-05-2025
VS000268,MP023,2024,4,April,Spring,9647,1351,10998,5921,5077,1034,712,1569,3199,7799,3.4,912.75,Sunny,No,Yes,4.9,10038424.5,29.5,Holiday Rush,19-03-2025,19-10-2025
VS000269,MP023,2025,5,May,Summer,6545,137,6682,3066,3616,558,476,898,1768,4914,3.9,781.72,Clear,Yes,No,4.6,5223453.04,1.7,Holiday Rush,19-07-2023,15-02-2025
VS000270,MP023,2023,6,June,Summer,6286,812,7098,3371,3727,576,397,571,2400,4698,1.5,1159.22,Foggy,No,No,4.2,8228143.56,-5.7,Festival Crowd,05-08-2023,25-02-2025
VS000271,MP023,2024,7,July,Monsoon,5179,622,5801,3032,2769,693,276,758,1993,3808,4,649.98,Cloudy,Yes,No,4.3,3770533.98,-19,Rain Affected,15-07-2025,01-03-2025
VS000272,MP023,2025,8,August,Monsoon,4900,165,5065,2471,2594,323,358,736,1607,3458,4.7,558.83,Foggy,No,No,4.7,2830473.95,4.2,Heavy Rain,23-02-2025,25-03-2025
VS000273,MP023,2025,9,September,Monsoon,6580,975,7555,3547,4008,716,612,639,1976,5579,1.6,1018.81,Clear,No,No,4.1,7697109.55,-18.6,Peak Season,02-11-2024,15-11-2025
VS000274,MP023,2025,10,October,Autumn,11968,832,12800,6844,5956,1457,605,1303,4318,8482,4.8,740.27,Foggy,Yes,Yes,4.2,9475456,23.8,Weekend Rush,08-06-2023,19-08-2025
VS000275,MP023,2025,11,November,Autumn,13912,1415,15327,7558,7769,1789,1386,1837,4997,10330,4.2,1062.62,Windy,No,Yes,4.7,16286776.74,-5,Holiday Rush,19-06-2025,06-05-2025
VS000276,MP023,2023,12,December,Winter,16631,1804,18435,8861,9574,2048,1059,2042,6801,11634,5.5,859.6,Cloudy,Yes,No,4.3,15846726,30.8,Winter Vacation,22-07-2024,18-04-2025
VS000277,MP024,2025,1,January,Winter,14896,836,15732,8630,7102,1456,1496,1696,5406,10326,3.8,995.41,Foggy,No,No,4.2,15659790.12,-12.8,Winter Vacation,06-08-2023,17-01-2025
VS000278,MP024,2025,2,February,Winter,14465,565,15030,7252,7778,1580,1036,1784,5486,9544,6,596.32,Sunny,Yes,No,4,8962689.6,3.7,Peak Season,04-05-2023,13-02-2025
VS000279,MP024,2023,3,March,Spring,9236,397,9633,4496,5137,887,468,1093,2542,7091,3.9,1160.87,Sunny,No,Yes,3.9,11182660.71,-15.6,Normal Traffic,13-09-2023,16-10-2025
VS000280,MP024,2025,4,April,Spring,9210,1100,10310,5003,5307,569,494,1250,3070,7240,2,912.28,Cloudy,No,Yes,3.9,9405606.8,10.4,Off Season,02-12-2025,06-04-2025
VS000281,MP024,2025,5,May,Summer,7919,1057,8976,4884,4092,786,414,734,2646,6330,5.2,636.19,Rainy,No,No,4,5710441.44,0.9,Rain Affected,13-03-2023,21-07-2025
VS000282,MP024,2025,6,June,Summer,6914,574,7488,4095,3393,691,741,1117,2124,5364,1.6,1053.43,Sunny,Yes,No,4.3,7888083.84,17.4,Weekend Rush,09-09-2024,09-11-2025
VS000283,MP024,2025,7,July,Monsoon,5917,298,6215,3344,2871,695,275,730,2239,3976,2.4,616.32,Windy,No,No,4.6,3830428.8,30.2,Rain Affected,07-10-2024,16-04-2025
VS000284,MP024,2023,8,August,Monsoon,4631,431,5062,2709,2353,386,357,737,1922,3140,3.7,732.14,Cloudy,Yes,No,4.3,3706092.68,14.3,Monsoon Season,10-01-2023,07-04-2025
VS000285,MP024,2024,9,September,Monsoon,5674,517,6191,2898,3293,644,569,909,1610,4581,3.3,485.03,Foggy,No,No,4.2,3002820.73,14.8,Rain Affected,17-04-2024,19-11-2025
VS000286,MP024,2024,10,October,Autumn,11778,1646,13424,6227,7197,1452,1079,1625,5369,8055,3.1,1026.64,Rainy,Yes,No,4.6,13781615.36,-7.8,Off Season,18-09-2023,01-08-2025
VS000287,MP024,2023,11,November,Autumn,14123,1501,15624,7264,8360,1015,817,1459,5876,9748,5.1,492.64,Sunny,No,Yes,4.7,7697007.36,-8.1,Off Season,19-11-2023,18-02-2025
VS000288,MP024,2025,12,December,Winter,13268,458,13726,6369,7357,947,1190,1539,4025,9701,4.5,457.58,Cloudy,No,No,4.6,6280743.08,-13.6,Winter Vacation,20-02-2025,12-01-2025
VS000289,MP025,2024,1,January,Winter,13707,689,14396,6890,7506,1214,868,1553,3942,10454,4.7,409.83,Sunny,No,No,4,5899912.68,18.1,Peak Season,22-09-2024,20-06-2025
VS000290,MP025,2025,2,February,Winter,12561,295,12856,5937,6919,1205,1247,1728,4848,8008,5.9,1024.93,Foggy,No,No,4.6,13176500.08,17.4,Rain Affected,03-11-2023,19-01-2025
VS000291,MP025,2023,3,March,Spring,11953,841,12794,5910,6884,1217,1021,1206,4110,8684,4.2,1121.36,Sunny,No,No,4.2,14346679.84,23.5,Normal Traffic,16-03-2025,24-09-2025
VS000292,MP025,2024,4,April,Spring,11006,355,11361,5308,6053,772,841,1381,4306,7055,3.7,560.13,Windy,No,No,4,6363636.93,14.3,Off Season,18-08-2025,19-06-2025
VS000293,MP025,2024,5,May,Summer,6016,136,6152,3200,2952,682,538,722,2091,4061,3.5,889.84,Foggy,No,No,4.1,5474295.68,34.8,Weekend Rush,12-04-2023,18-06-2025
VS000294,MP025,2025,6,June,Summer,7037,722,7759,3959,3800,484,392,644,2779,4980,5.2,618.73,Rainy,No,No,4.7,4800726.07,-19.3,Rain Affected,01-05-2023,03-09-2025
VS000295,MP025,2024,7,July,Monsoon,4132,568,4700,2510,2190,435,191,648,1711,2989,2.9,1198.67,Rainy,Yes,No,4.9,5633749,17.2,Rain Affected,23-10-2023,17-04-2025
VS000296,MP025,2023,8,August,Monsoon,5890,372,6262,2937,3325,705,433,851,1699,4563,3.6,834,Cloudy,Yes,No,4.4,5222508,-18.8,Heavy Rain,14-01-2024,22-06-2025
VS000297,MP025,2024,9,September,Monsoon,6814,573,7387,3889,3498,552,511,1000,2036,5351,5.7,898.34,Clear,Yes,No,4.4,6636037.58,25,Off Season,24-04-2025,04-01-2025
VS000298,MP025,2025,10,October,Autumn,11065,1475,12540,5939,6601,1182,1027,1589,4928,7612,2.5,955.11,Windy,No,No,4,11977079.4,32.9,Normal Traffic,21-08-2025,02-04-2025
VS000299,MP025,2023,11,November,Autumn,9644,887,10531,5114,5417,1163,638,864,2637,7894,2.9,860.64,Rainy,No,No,4.5,9063399.84,3.9,Holiday Rush,14-10-2023,19-04-2025
VS000300,MP025,2023,12,December,Winter,15568,1296,16864,8623,8241,1241,958,1886,6573,10291,5.8,436.18,Sunny,No,No,4.3,7355739.52,21.6,Winter Vacation,04-07-2024,17-11-2025
VS000301,MP026,2024,1,January,Winter,13398,1991,15389,8419,6970,848,1298,1662,5149,10240,4.7,892.15,Foggy,No,No,4.2,13729296.35,29.2,Winter Vacation,10-07-2024,02-12-2025
VS000302,MP026,2024,2,February,Winter,11030,221,11251,5585,5666,999,832,1224,3006,8245,2.5,699.65,Windy,Yes,No,4.2,7871762.15,-3.7,Peak Season,07-08-2025,04-06-2025
VS000303,MP026,2024,3,March,Spring,11341,904,12245,6190,6055,1176,563,1520,4632,7613,3.2,1048.94,Clear,No,No,4.2,12844270.3,23.7,Normal Traffic,19-11-2024,09-05-2025
VS000304,MP026,2025,4,April,Spring,11797,1591,13388,6137,7251,1044,697,1659,3700,9688,5.6,934.87,Sunny,Yes,Yes,4.1,12516039.56,-7.9,Peak Season,17-10-2025,14-08-2025
VS000305,MP026,2024,5,May,Summer,7862,1129,8991,4302,4689,1044,458,1053,3329,5662,2.3,403.22,Rainy,No,No,4.3,3625351.02,-6.8,Festival Crowd,22-05-2025,21-08-2025
VS000306,MP026,2025,6,June,Summer,6770,722,7492,4119,3373,628,405,754,2667,4825,3,952.38,Windy,Yes,No,4.3,7135230.96,25.8,Weekend Rush,24-11-2023,25-05-2025
VS000307,MP026,2023,7,July,Monsoon,5426,297,5723,3139,2584,387,298,757,1701,4022,4.5,747.29,,No,No,4.8,4276740.67,10.9,Monsoon Season,24-10-2025,24-12-2025
VS000308,MP026,2024,8,August,Monsoon,5263,146,5409,2876,2533,452,454,758,2124,3285,1.6,1082.91,Foggy,No,No,3.9,5857460.19,-13.2,Heavy Rain,07-04-2023,18-07-2025
VS000309,MP026,2025,9,September,Monsoon,6398,555,6953,3736,3217,761,294,922,1839,5114,1.8,467.19,Clear,Yes,No,4.8,3248372.07,33.9,Weekend Rush,21-12-2025,11-08-2025
VS000310,MP026,2025,10,Octauryober,Autumn,10886,650,11536,5288,6248,1350,500,1612,3100,8436,2.4,668.41,Rainy,No,Yes,4.2,7710777.76,8.8,Festival Crowd,23-06-2023,02-07-2025
VS000311,MP026,2025,11,November,Autumn,13162,1851,15013,8033,6980,1694,1393,1930,4284,10729,3.8,796.07,Clear,Yes,No,3.9,11951398.91,17.1,Weekend Rush,20-09-2025,20-09-2025
VS000312,MP026,2024,12,December,Winter,17805,1840,19645,9089,10556,2324,1385,1628,6439,13206,2.8,910.53,Clear,Yes,No,3.8,17887361.85,21.7,Peak Season,11-10-2023,14-01-2025
VS000313,MP027,2023,1,January,Winter,16369,723,17092,7788,9304,1745,1498,2163,4626,12466,3.4,1023.37,Cloudy,Yes,No,4.7,17491440.04,-11.7,Winter Vacation,05-05-2024,14-03-2025
VS000314,MP027,2025,2,February,Winter,12378,1471,13849,6529,7320,1643,780,1753,4616,9233,2.6,461.51,Clear,Yes,No,3.8,6391451.99,8.9,Festival Crowd,01-12-2023,23-11-2025
VS000315,MP027,2025,3,March,Spring,12229,1142,13371,6905,6466,914,1038,1525,5182,8189,4.1,651.38,Foggy,No,No,6.8,8709601.98,13.4,Weekend Rush,15-09-2024,08-05-2025
VS000316,MP027,2023,4,April,Spring,11925,392,12317,6571,5746,1415,611,1410,4322,7995,1.7,1198.43,Sunny,Yes,No,4.8,14761062.31,-8.4,Holiday Rush,25-08-2024,06-11-2025
VS000317,MP027,2023,5,May,Summer,6480,956,7436,3346,4090,448,522,768,2217,5219,5.1,849.49,Rainy,Yes,No,4.6,6316807.64,-5.6,Normal Traffic,19-02-2023,22-10-2025
VS000318,MP027,2024,6,June,Summer,6960,476,7436,3431,4005,646,523,895,2194,5242,4,961.04,Rainy,No,No,4.2,7146293.44,-0.6,Festival Crowd,11-02-2024,21-05-2025
VS000319,MP027,2025,7,July,Monsoon,4694,701,5395,2658,2737,600,284,583,2044,3351,5.5,404.79,Rainy,No,No,4.5,2183842.05,-4.7,Rain Affected,18-10-2025,04-04-2025
VS000320,MP027,2023,8,August,Monsoon,5081,694,5775,2667,3108,689,547,576,2248,3527,3.1,441.08,Cloudy,No,No,4,788502.91,-12.3,Rain Affected,18-12-2025,13-09-2025
VS000321,MP027,2023,9,September,Monsoon,6234,289,6523,3565,2958,487,570,521,2004,4519,4.2,755.1,Sunny,Yes,No,4.4,4925517.3,6.3,Rain Affected,07-02-2025,04-09-2025
VS000322,MP027,2023,10,October,Autumn,8619,415,9034,4130,4904,546,574,1030,3480,5554,4.3,1128,Sunny,Yes,Yes,3.9,10190352,-16.5,Normal Traffic,22-12-2025,01-06-2025
VS000323,MP027,2023,11,November,Autumn,11008,344,11352,5908,5444,633,715,1043,2942,8410,3.1,718.44,Rainy,Yes,Yes,4.2,8155730.88,-18.9,Rain Affected,21-03-2024,07-11-2025
VS000324,MP027,2025,12,December,Winter,15965,848,16813,8507,8306,2010,956,1899,4855,11958,2.5,716.39,Sunny,No,No,4.3,12044665.07,8,New Year Rush,21-01-2025,25-02-2025
VS000325,MP028,2024,1,January,Winter,12302,336,12638,6333,6305,1445,1247,1815,3342,9296,4.4,814.4,Windy ,Yes,No,4.2,10292387.2,-14.8,Winter Vacation ,18-09-2024,22-10-2025
VS000326,MP028,2025,2,February,Winter,14035,494,14529,7776,6753,1546,1045,2179,3716,10813,4.1,726.54,Windy,No,No,3.9,10555899.66,14.2,Festival Crowd,03-10-2024,05-07-2025
VS000327,MP028,2025,3,March,Spring,10367,1263,11630,6390,5240,867,1038,1033,2971,8659,5.6,1083.74,Rainy,Yes,No,4,12603896.2,-15.8,Peak Season,12-12-2023,14-10-2025
VS000328,MP028,2025,4,April,Spring,8179,956,9135,4675,4460,917,608,1125,3016,6119,5.2,954.43,Windy,Yes,No,4.6,8718718.05,-8.6,Off Season,13-06-2023,04-09-2025
VS000329,MP028,2023,5,May,Summer,6538,620,7158,3423,3735,603,422,993,1983,5175,5.8,1125.82,Foggy,Yes,No,4.3,8058619.56,31.7,Festival Crowd,20-01-2025,03-06-2025
VS000330,MP028,2024,6,June,Summer,6307,252,6559,3116,3443,680,318,867,2404,4155,4.6,745.61,Foggy,Yes,No,3.9,4890455.99,-15.1,Normal Traffic,15-01-2024,02-06-2025
VS000331,MP028,2023,7,July,Monsoon,4546,120,4666,2398,2268,502,387,697,1315,3351,2.1,668.15,Windy,No,No,4.2,3117587.9,13.8,Rain Affected,02-07-2023,17-11-2025
VS000332,MP028,2023,8,August,Monsoon,4052,203,4255,2164,2091,448,372,617,1086,3169,5.4,653.79,Clear,Yes,No,4.2,2781876.45,-15.2,Heavy Rain,19-11-2023,02-12-2025
VS000333,MP028,2023,9,September,Monsoon,6998,700,7698,4212,3486,539,421,831,2953,4745,5.6,520.75,Sunny,No,No,4.5,4008733.5,5.9,Off Season,22-08-2025,13-06-2025
VS000334,MP028,2023,10,October,Autumn,10906,1587,12493,6266,6227,1117,1004,1648,3125,9368,3.9,973.91,Foggy,No,Yes,4.8,12167057.63,-8.8,Festival Crowd,11-09-2023,21-01-2025
VS000335,MP028,2025,11,November,Autumn,13030,727,13757,7075,6682,1073,1232,1673,4684,9073,3.4,560.56,Sunny,Yes,No,4.4,7711623.92,27,Off Season,07-10-2023,22-12-2025
VS000336,MP028,2023,12,December,Winter,16466,1687,18153,8871,9282,1506,1308,2633,5495,12658,5.8,761.24,Foggy,No,No,4.3,13818789.72,-9.3,New Year Rush,11-02-2024,23-04-2025
VS000337,MP029,2023,1,January,Winter,15460,407,15867,8115,7752,1129,1087,1870,6252,9615,1.7,533.52,Foggy,No,No,4.3,8465361.84,12.1,New Year Rush,14-06-2023,20-10-2025
VS000338,MP029,2023,2,February,Winter,12910,307,13217,6590,6627,833,1313,1861,4975,8242,4.5,819.74,Foggy,No,No,4.8,10834503.58,30.7,Normal Traffic,01-08-2025,09-10-2025
VS000339,MP029,2025,3,March,Spring,12775,1861,14636,7176,7460,957,1038,1382,3666,10970,3.3,1157.77,Foggy,Yes,Yes,4.5,16945121.72,-13.5,Festival Crowd,05-02-2024,12-04-2025
VS000340,MP029,2025,4,April,Spring,11481,1516,12997,6516,6481,758,1054,1689,4035,8962,2.8,707.91,Cloudy,Yes,No,3.9,9200706.27,32.5,Rain Affected,05-03-2024,25-06-2025
VS000341,MP029,2023,5,May,Summer,6903,381,7284,3673,3611,769,371,769,1832,5452,6,422.76,Windy,No,No,4,3079383.84,-15.8,Normal Traffic,25-11-2025,20-07-2025
VS000342,MP029,2024,6,June,Summer,6615,434,7049,3411,3638,668,648,874,2646,4403,3.8,1197.88,Sunny,Yes,No,4.2,8443856.12,26.3,Rain Affected,12-09-2025,10-12-2025
VS000343,MP029,2025,7,July,Monsoon,5263,442,5705,2724,2981,470,527,701,1448,4257,1.7,717.36,Sunny,Yes,No,4.7,4092538.8,26.3,Heavy Rain,14-03-2023,01-11-2025
VS000344,MP029,2023,8,August,Monsoon,5451,725,6176,2879,3297,497,383,693,2413,3763,5.7,536.73,Cloudy,Yes,No,4.3,3314844.48,-19.3,Heavy Rain,25-02-2024,21-11-2025
VS000345,MP029,2024,9,September,Monsoon,6336,848,7184,3859,3325,776,334,787,2130,5054,5.1,1032.51,Cloudy,Yes,No,4,7417551.84,24.3,Normal Traffic,05-02-2024,03-04-2025
VS000346,MP029,2023,10,October,Autumn,9338,466,9804,5351,4453,695,692,1307,2932,6872,6,1163.71,Clear,No,No,4.8,11409012.84,-3.1,Weekend Rush,19-09-2025,10-02-2025
VS000347,MP029,2025,11,November,Autumn,11892,1525,13417,6288,7129,1085,1285,1974,5048,8369,4.6,770.15,Rainy,Yes,No,4.5,10333102.55,22.4,Rain Affected,14-11-2023,06-10-2025
VS000348,MP029,2025,12,December,Winter,14009,984,14993,7576,7417,1434,1437,2130,4630,10363,3.6,666.58,Clear,No,No,4,9994033.94,15.1,Peak Season,18-09-2023,16-12-2025
VS000349,MP030,2023,1,January,Winter,11865,630,12495,6771,5724,1348,1035,1613,4220,8275,3.1,679.54,Clear,Yes,No,4.3,8490852.3,12.2,Winter Vacation,18-09-2024,02-08-2025
VS000350,MP030,2023,2,February,Winter,14750,1443,16193,8361,7832,1368,1106,2195,6431,9762,3,729.2,Windy,No,No,4.1,11807935.6,-14.5,Festival Crowd,05-06-2025,10-12-2025
VS000351,MP030,2024,3,March,Spring,11672,1537,13209,6996,6213,673,1054,1663,4392,8817,5.1,507.44,Rainy,No,No,4.3,6702774.96,-2.8,Holiday Rush,20-04-2025,13-12-2025
VS000352,MP030,2025,4,April,Spring,10061,644,10705,5074,5631,926,795,1307,3754,6951,4.3,1118.47,Cloudy,No,Yes,4,11973221.35,-14.4,Weekend Rush,07-11-2024,24-10-2025
VS000353,MP030,2023,5,May,Summer,6736,161,6897,3768,3129,527,528,597,2064,4833,3.9,1174.08,Cloudy,Yes,No,4.9,8097629.76,-18,Peak Season,20-08-2023,07-03-2025
VS000354,MP030,2024,6,June,Summer,5892,273,6165,3224,2941,608,295,818,1965,4200,4.7,577.51,Clear,Yes,No,4.6,3560349.15,18.6,Off Season,01-09-2024,24-08-2025
VS000355,MP030,2023,7,July,Monsoon,4908,127,5035,2669,2366,474,237,598,1869,3166,5.3,574.32,Cloudy,No,No,4.8,2891701.2,17.9,Monsoon Season,19-08-2025,23-07-2025
VS000356,MP030,2023,8,August,Monsoon,4512,169,4681,2523,2158,421,467,459,1261,3420,5.8,610.44,Foggy,Yes,No,3.9,2857469.64,21.3,Heavy Rain,13-04-2024,05-02-2025
VS000357,MP030,2025,9,September,Monsoon,5747,754,6501,3246,3255,558,460,837,2370,4131,3.8,1074.33,Clear,No,No,4.7,6984219.33,-0.6,Off Season,01-03-2024,25-01-2025
VS000358,MP030,2025,10,October,Autumn,9352,656,10008,4638,5370,884,566,1405,3330,6678,3,417.43,Sunny,Yes,No,4.8,4177639.44,29.4,Normal Traffic,06-09-2024,02-02-2025
VS000359,MP030,2024,11,November,Autumn,10204,400,10604,5572,5032,1230,834,1013,3853,6751,1.5,710.91,Cloudy,No,No,4.2,7538489.64,24.5,Normal Traffic,12-06-2024,14-11-2025
VS000360,MP030,2025,12,December,Winter,15584,1913,17497,9089,8408,1425,743,2175,4596,12901,3.4,509.53,Foggy,No,No,3.9,8915246.41,21.1,New Year Rush,19-05-2025,06-08-2025
VS000361,MP031,2024,1,January,Winter,16170,848,17018,8443,8575,1515,1227,1651,5083,11935,4.1,1015.87,Cloudy,Yes,No,4.3,17288075.66,26.7,New Year Rush,23-06-2025,17-02-2025
VS000362,MP031,2023,2,February,Winter,13873,1010,14883,8103,6780,1683,918,2059,4863,10020,3.1,844.42,Cloudy,No,No,4.6,12567502.86,10.2,Peak Season,01-11-2024,07-01-2025
VS000363,MP031,2025,3,March,Spring,12227,524,12751,6820,5931,1145,547,1821,5038,7713,3.3,462.83,Cloudy,No,No,4.8,5901545.33,17.1,Normal Traffic,24-04-2025,10-01-2025
VS000364,MP031,2023,4,April,Spring,11255,269,11524,5440,6084,681,929,1525,3395,8129,5.1,1093.94,Clear,Yes,Yes,4.3,12606564.56,34.1,Normal Traffic,15-12-2024,19-04-2025
VS000365,MP031,2023,5,May,Summer,6204,171,6375,3338,3037,509,312,955,2395,3980,5.7,1189.68,Cloudy,Yes,No,3.9,7584210,10.1,Holiday Rush,02-07-2025,23-10-2025
VS000366,MP031,2024,6,June,Summer,6418,711,7129,3615,3514,437,430,860,2557,4572,2.8,683.54,Cloudy,No,No,4.1,4872956.66,-15,Festival Crowd,21-07-2023,18-03-2025
VS000367,MP031,2025,7,July,Monsoon,5148,172,5320,2701,2619,324,500,583,1801,3519,1.6,1176.99,Cloudy,Yes,No,4.4,6261586.8,-0.7,Monsoon Season,11-12-2023,14-11-2025
VS000368,MP031,2025,8,August,Monsoon,4369,224,4593,2088,2505,240,192,494,1572,3021,3.1,787.25,Rainy,Yes,No,4.5,3615839.25,-16.8,Monsoon Season,25-03-2024,06-11-2025
VS000369,MP031,2024,9,September,Monsoon,6283,304,6587,3467,3120,537,462,570,1700,4887,5.2,952.35,Clear,No,No,3.9,6273129.45,-9.3,Normal Traffic,19-05-2023,01-04-2025
VS000370,MP031,2023,10,October,Autumn,9402,276,9678,4675,5003,717,638,790,2764,6914,2.4,441.55,Foggy,No,No,4.7,4273320.9,-0.9,Holiday Rush,11-09-2023,15-01-2025
VS000371,MP031,2023,11,November,Autumn,13735,1973,15708,7887,7821,1495,631,1439,6029,9679,4,1128.45,Windy,Yes,Yes,4.3,17725692.6,-3.8,Holiday Rush,09-08-2025,24-12-2025
VS000372,MP031,2024,12,December,Winter,12262,1193,13455,7092,6363,733,720,1528,4332,9123,2.4,938.19,Windy,No,No,4.8,12623346.45,-15,New Year Rush,04-07-2025,24-08-2025
VS000373,MP032,2023,1,January,Winter,16756,686,17442,8316,9126,1952,1469,2238,5607,11835,2.1,556.45,Cloudy,No,No,4.5,9705600.9,5.4,New Year Rush,06-02-2024,21-03-2025
VS000374,MP032,2025,2,February,Winter,13972,1882,15854,7142,8712,1438,1540,1381,5955,9899,4.3,424.11,Cloudy,Yes,No,4.5,6723839.94,0.5,Off Season,21-11-2025,25-10-2025
VS000375,MP032,2023,3,March,Spring,10019,1123,11142,5921,5221,968,766,1532,3180,7962,4.7,1149.97,Sunny,No,No,4.1,12812965.74,-8.9,Festival Crowd,06-08-2024,24-12-2025
VS000376,MP032,2024,4,April,Spring,11841,1148,12989,6442,6547,1541,840,1269,3882,9107,5.4,1010.46,Cloudy,No,Yes,4.4,13124864.94,-9.5,Off Season,16-11-2025,04-09-2025
VS000377,MP032,2025,5,May,Summer,6416,694,7110,3655,3455,477,301,739,2414,4696,2.7,820.72,Rainy,No,No,4.7,5835319.2,24.7,Peak Season,10-12-2025,09-08-2025
VS000378,MP032,2025,6,June,Summer,5177,460,5637,2778,2859,458,453,799,1934,3703,2.3,852.47,Clear,No,No,4.5,4805373.39,12.4,Weekend Rush,15-03-2025,12-07-2025
VS000379,MP032,2024,7,July,Monsoon,4943,457,5400,2600,2800,291,345,454,1656,3744,5.4,550.37,Cloudy,Yes,No,4.6,2971998,11.2,Rain Affected,20-05-2024,01-04-2025
VS000380,MP032,2023,8,August,Monsoon,5382,311,5693,2710,2983,375,255,469,2034,3659,3.8,483.62,Rainy,No,No,4.4,2753248.66,-6.6,Rain Affected,05-10-2025,04-07-2025
VS000381,MP032,2025,9,September,Monsoon,5657,425,6082,3332,2750,444,476,697,1588,4494,3.5,872.09,Foggy,No,No,4,5304051.38,-7.7,Peak Season,03-02-2024,22-05-2025
VS000382,MP032,2023,10,October,Autumn,9105,701,9806,5147,4659,843,771,1210,2453,7353,2,1166.37,Rainy,No,Yes,4.3,11437424.22,-12.9,Normal Traffic,05-10-2024,10-05-2025
VS000383,MP032,2023,11,November,Autumn,11511,387,11898,6432,5466,598,998,1597,3882,8016,6,867.04,Sunny,Yes,No,4.7,10316041.92,31.4,Off Season,16-10-2023,18-07-2025
VS000384,MP032,2024,12,December,Winter,12355,250,12605,6835,5770,815,752,1327,4878,7727,2.5,1011.22,Windy,Yes,No,4.5,12746428.1,-5.5,Winter Vacation,02-10-2024,25-03-2025
VS000385,MP033,2025,1,January,Winter,15329,389,15718,7235,8483,1630,1025,2287,4937,10781,1.9,979.95,Foggy,No,No,4,15402854.1,27.4,Peak Season,13-03-2024,23-01-2025
VS000386,MP033,2023,2,February,Winter,14201,1014,15215,7957,7258,1030,1389,1239,4536,10679,5.2,1017.39,Rainy,No,No,4.9,15479588.85,20.8,Normal Traffic,09-01-2025,25-06-2025
VS000387,MP033,2023,3,March,Spring,11239,1481,12720,6268,6452,1374,1192,1648,3547,9173,2.3,913.8,Clear,No,No,4,11623536,22.3,Weekend Rush,14-06-2023,04-06-2025
VS000388,MP033,2025,4,April,Spring,9689,1404,11093,5661,5432,1192,932,1260,3932,7161,4.5,699.54,Foggy,No,No,4.5,7759997.22,25,Festival Crowd,15-06-2023,20-09-2025
VS000389,MP033,2025,5,May,Summer,5886,504,6390,3193,3197,349,363,839,1923,4467,3.3,917.24,Windy,No,No,4.8,5861163.6,-12,Normal Traffic,08-04-2023,06-11-2025
VS000390,MP033,2025,6,June,Summer,6794,421,7215,3449,3766,686,493,1023,2185,5030,3,639.59,Windy,No,No,4.3,4614641.85,7.2,Rain Affected,01-03-2025,20-11-2025
VS000391,MP033,2023,7,July,Monsoon,5431,285,5716,2637,3079,569,432,832,1737,3979,3.2,1180.75,Sunny,No,No,4.8,6749167,-14.7,Monsoon Season,02-01-2025,16-12-2025
VS000392,MP033,2024,8,August,Monsoon,5322,738,6060,2729,3331,524,449,555,2341,3719,4.6,517.16,Clear,No,No,4.6,3133989.6,22.2,Monsoon Season,11-11-2024,13-09-2025
VS000393,MP033,2023,9,September,Monsoon,5602,403,6005,3004,3001,537,430,761,1763,4242,1.9,505.56,Clear,Yes,No,3.9,3035887.8,-12.4,Rain Affected,03-03-2023,25-01-2025
VS000394,MP033,2025,10,October,Autumn,10463,347,10810,5282,5528,894,480,1414,3489,7321,3.1,1088.61,Cloudy,Yes,Yes,4.3,11767874.1,-8.6,Festival Crowd,05-06-2024,13-10-2025
VS000395,MP033,2024,11,November,Autumn,10640,1581,12221,6124,6097,1338,1205,1543,4646,7575,5.9,1166.12,Rainy,No,Yes,4.4,14251152.52,16.2,Normal Traffic,12-02-2025,03-04-2025
VS000396,MP033,2024,12,December,Winter,13773,2059,15832,7840,7992,1078,923,1523,6117,9715,5.3,709.01,Cloudy,Yes,No,4.4,11225046.32,13.3,Winter Vacation,06-02-2024,22-12-2025
VS000397,MP034,2025,1,January,Winter,15309,1198,16507,8740,7767,1944,825,1635,6310,10197,2.2,918.58,Foggy,Yes,No,4,15163000.06,19.7,Winter Vacation,02-03-2023,21-05-2025
VS000398,MP034,2025,2,February,Winter,10997,666,11663,6010,5653,1213,704,1250,3358,8305,5.1,1013.65,Windy,No,No,4.1,11822199.95,-17.3,Festival Crowd,15-09-2025,13-02-2025
VS000399,MP034,2023,3,March,Spring,9576,1180,10756,5600,5156,812,995,1377,4208,6548,4.7,768.14,Clear,No,No,4.7,8262113.84,6.9,Festival Crowd,15-05-2023,05-07-2025
VS000400,MP034,2025,4,April,Spring,8125,768,8893,4713,4180,1064,649,803,2779,6114,3.9,579.97,Foggy,No,No,3.9,5157673.21,28.8,Holiday Rush,14-06-2023,23-08-2025
VS000401,MP034,2023,5,May,Summer,8239,572,8811,4449,4362,906,833,1179,3508,5303,2.3,1183.29,Cloudy,Yes,No,4.3,10425968.19,-14.7,Normal Traffic,10-10-2024,02-05-2025
VS000402,MP034,2025,6,June,Summer,6602,309,6911,3701,3210,395,490,991,1810,5101,1.5,951.45,Cloudy,Yes,No,4.7,6575470.95,3.1,Off Season,13-04-2024,07-11-2025
VS000403,MP034,2024,7,July,Monsoon,5429,691,6120,2978,3142,704,565,796,2388,3732,4.8,983.11,Cloudy,Yes,No,3.8,6016633.2,-2.7,Heavy Rain,11-07-2025,13-07-2025
VS000404,MP034,2025,8,August,Monsoon,5674,305,5979,2965,3014,693,593,887,1600,4379,3.5,739.76,Foggy,No,No,4.8,4423025.04,33,Heavy Rain,09-05-2023,14-02-2025
VS000405,MP034,2025,9,September,Monsoon,7119,211,7330,3623,3707,734,379,601,1842,5488,3.2,1111.28,Rainy,No,No,4.7,8145682.4,11.3,Rain Affected,24-06-2023,19-08-2025
VS000406,MP034,2025,10,October,Autumn,11163,678,11841,5472,6369,900,933,1185,4620,7221,3.9,1150.12,Rainy,Yes,Yes,4.5,13618570.92,-2.6,Rain Affected,16-07-2025,02-08-2025
VS000407,MP034,2023,11,November,Autumn,12751,650,13401,6234,7167,1582,1305,1774,4157,9244,3.5,628.1,,Yes,No,4.3,8417168.1,-19.4,Rain Affected,14-11-2024,12-04-2025
VS000408,MP034,2023,12,December,Winter,17158,2321,19479,9556,9923,2186,1933,2401,7255,12224,3.6,905.22,Sunny,Yes,No,4.1,17632780.38,20.2,New Year Rush,01-11-2023,01-03-2025
VS000409,MP035,2025,1,January,Winter,13608,1515,15123,8271,6852,1216,770,2221,5129,9994,3.1,443.88,Rainy,Yes,No,3.9,6712797.24,19.8,Winter Vacation,17-10-2024,06-02-2025
VS000410,MP035,2024,2,Febauryruaury,Winter,14169,986,15155,7095,8060,1139,1501,1613,5688,9467,4.2,736.15,Rainy,No,No,4.7,11156353.25,-11,Festival Crowd,08-12-2024,11-02-2025
VS000411,MP035,2024,3,March,Spring,11654,767,12421,6312,6109,835,972,1265,3908,8513,1.9,565.1,Clear,Yes,No,4.2,7019107.1,5.7,Normal Traffic,10-02-2024,12-07-2025
VS000412,MP035,2024,4,April,Spring,9006,1097,10103,5091,5012,925,753,1068,2582,7521,5.7,1179.55,Sunny,No,No,4.2,11916993.65,-13.9,Festival Crowd,16-12-2024,06-02-2025
VS000413,MP035,2023,5,May,Summer,8368,342,8710,4087,4623,928,520,1171,2232,6478,5.7,863.26,Clear,Yes,No,4.9,7518994.6,-13.8,Rain Affected,10-04-2024,14-08-2025
VS000414,MP035,2023,6,June,Summer,6133,306,6439,3326,3113,533,321,926,1861,4578,5.4,943.71,Clear,Yes,No,4.4,6076548.69,32.3,Peak Season,04-03-2024,01-08-2025
VS000415,MP035,2024,7,July,Monsoon,4116,237,4353,2332,2021,396,393,439,1410,2943,2.5,954.68,Clear,Yes,No,5.7,4155722.04,33.8,Monsoon Season,02-12-2023,01-03-2025
VS000416,MP035,2024,8,August,Monsoon,4717,292,5009,2537,2472,525,414,701,1401,3608,2.9,443.46,Sunny,Yes,No,4.2,2221291.14,1,Rain Affected,24-04-2024,19-08-2025
VS000417,MP035,2023,9,September,Monsoon,5386,743,6129,3314,2815,532,569,589,1807,4322,5.9,505.79,Clear,Yes,No,4,3099986.91,1.3,Peak Season,24-11-2025,16-01-2025
VS000418,MP035,2024,10,October,Autumn,8926,626,9552,5204,4348,656,886,921,2451,7101,4.5,898.68,Rainy,No,Yes,4.5,8584191.36,-11.8,Normal Traffic,04-04-2023,21-12-2025
VS000419,MP035,2024,11,November,Autumn,9629,222,9851,4900,4951,684,846,1000,3427,6424,3.4,560.61,Windy,No,Yes,4.4,5522569.11,-11.9,Off Season,19-04-2024,05-05-2025
VS000420,MP035,2024,12,December,Winter,15380,1006,16386,7427,8959,844,1506,1972,6270,10116,6,688.96,Foggy,No,No,4.5,3096843.47,-7.8,Peak Season,13-12-2025,20-05-2025
VS000421,MP036,2024,1,January,Winter,12688,866,13554,6351,7203,1220,926,1103,4025,9529,2.9,847.84,Foggy,No,No,4.2,11491623.36,-16.5,Peak Season,09-07-2025,24-06-2025
VS000422,MP036,2024,2,February,Winter,13605,1403,15008,7077,7931,1785,777,1342,5896,9112,3.9,503.53,Rainy,Yes,No,4.3,7556978.24,26.8,Holiday Rush,06-06-2024,01-06-2025
VS000423,MP036,2024,3,March,Spring,11601,835,12436,6392,6044,1383,972,1058,4081,8355,5.5,748.73,Rainy,No,No,4.6,9311206.28,1.4,Peak Season,24-08-2023,07-03-2025
VS000424,MP036,2024,4,April,Spring,11358,1422,12780,6389,6391,1383,765,1848,4396,8384,3.1,969.31,Foggy,No,No,4.1,12387781.8,30.1,Rain Affected,10-06-2025,19-10-2025
VS000425,MP036,2025,5,May,Summer,6970,465,7435,3404,4031,611,642,643,2443,4992,5.9,872.67,Cloudy ,Yes,No,4,6488301.45,28.7,Normal Traffic ,22-06-2024,11-01-2025
VS000426,MP036,2025,6,June,Summer,6286,429,6715,3246,3469,692,668,630,1987,4728,1.6,1122.49,Rainy,No,No,4.3,7537520.35,-15.6,Peak Season,07-11-2024,18-06-2025
VS000427,MP036,2025,7,July,Monsoon,4598,666,5264,2889,2375,576,494,515,1807,3457,4.1,1056.01,Windy,Yes,No,4.2,5558836.64,16.1,Rain Affected,13-08-2024,01-02-2025
VS000428,MP036,2024,8,August,Monsoon,4905,202,5107,2711,2396,398,347,688,1627,3480,1.9,450.8,Windy,No,No,4.1,2302235.6,32,Rain Affected,04-02-2025,19-04-2025
VS000429,MP036,2025,9,September,Monsoon,6585,715,7300,3428,3872,580,439,679,2048,5252,4.7,864.15,Sunny,No,No,4.7,6308295,-13.3,Peak Season,06-05-2023,15-11-2025
VS000430,MP036,2023,10,October,Autumn,8849,1212,10061,5487,4574,1100,471,1307,3798,6263,3.1,806.64,Windy,Yes,No,4.3,8115605.04,-7.1,Holiday Rush,04-11-2023,09-06-2025
VS000431,MP036,2023,11,November,Autumn,13841,764,14605,7878,6727,1592,1290,1703,4629,9976,2.5,473.19,Clear,No,No,4.5,6910939.95,0.4,Weekend Rush,11-06-2024,25-06-2025
VS000432,MP036,2023,12,December,Winter,12583,689,13272,6728,6544,1324,586,1456,4982,8290,2.6,436.66,Windy,Yes,No,4.1,5795351.52,24.7,Peak Season,23-12-2023,10-12-2025
VS000433,MP037,2024,1,January,Winter,12363,985,13348,7084,6264,1172,815,1337,3487,9861,5.1,543.05,Sunny,No,No,4.3,7248631.4,9,Peak Season,13-04-2023,14-03-2025
VS000434,MP037,2025,2,February,Winter,13130,557,13687,6188,7499,1161,896,1576,3935,9752,3.4,985.1,Cloudy,Yes,No,4.5,13483063.7,-17.1,Weekend Rush,07-10-2023,14-01-2025
VS000435,MP037,2025,3,March,Spring,11111,651,11762,5928,5834,1349,495,1325,3746,8016,5.9,618.39,Rainy,Yes,No,4.8,7273503.18,16.2,Peak Season,18-03-2024,08-08-2025
VS000436,MP037,2025,4,April,Spring,10328,1361,11689,6346,5343,1194,1159,1221,3403,8286,4.3,987.97,Sunny,No,Yes,3.9,11548381.33,21.4,Off Season,01-07-2025,04-02-2025
VS000437,MP037,2023,5,May,Summer,6447,389,6836,3415,3421,533,393,726,1827,5009,2.1,750.65,Windy,No,No,4.2,5131443.4,0,Holiday Rush,02-10-2024,02-05-2025
VS000438,MP037,2025,6,June,Summer,6825,234,7059,3240,3819,542,457,663,1878,5181,3.7,598.43,Cloudy,Yes,No,4,4224317.37,12.6,Festival Crowd,02-08-2023,13-05-2025
VS000439,MP037,2023,7,July,Monsoon,5358,279,5637,2637,3000,323,280,792,1488,4149,3.2,1114.8,Sunny,Yes,No,4.8,6284127.6,9,Rain Affected,23-11-2023,23-07-2025
VS000440,MP037,2023,8,August,Monsoon,5059,612,5671,3112,2559,632,302,477,2248,3423,4.2,720.22,Cloudy,No,No,4.5,4084367.62,34.1,Heavy Rain,07-08-2023,20-10-2025
VS000441,MP037,2025,9,September,Monsoon,5237,782,6019,3228,2791,660,526,751,2165,3854,2.5,1184.75,Clear,No,No,3.9,7131010.25,-4.8,Rain Affected,08-12-2023,09-06-2025
VS000442,MP037,2025,10,October,Autumn,10137,297,10434,5178,5256,1184,724,1258,3512,6922,4.5,1027.02,Clear,No,Yes,3.9,10715926.68,-12.3,Normal Traffic,03-07-2024,15-01-2025
VS000443,MP037,2023,11,November,Autumn,10293,935,11228,5824,5404,1139,815,1176,3065,8163,2.7,688.63,Windy,No,No,4.7,7731937.64,-9.1,Normal Traffic,03-12-2023,09-12-2025
VS000444,MP037,2023,12,December,Winter,15682,335,16017,7632,8385,1585,931,1901,5287,10730,3.6,1194.61,Clear,Yes,No,4.8,19134068.37,26.9,Winter Vacation,18-05-2023,04-06-2025
VS000445,MP038,2025,1,January,Winter,12165,1422,13587,6296,7291,1175,1087,1825,5374,8213,2.1,668.22,Cloudy,Yes,No,4.4,9079105.14,15.2,New Year Rush,17-08-2024,24-09-2025
VS000446,MP038,2025,2,February,Winter,14159,1767,15926,7223,8703,1288,949,2155,4034,11892,3.1,579.62,Rainy,Yes,No,4.4,9231028.12,11.2,Holiday Rush,13-12-2024,08-01-2025
VS000447,MP038,2023,3,March,Spring,9858,832,10690,5074,5616,870,492,1404,3112,7578,2.4,701.96,Rainy,No,No,4.1,7503952.4,-16.1,Festival Crowd,03-08-2024,11-06-2025
VS000448,MP038,2025,4,April,Spring,9180,514,9694,4543,5151,1154,881,941,3448,6246,4.5,791,Rainy,No,Yes,4.7,7667954,-14.3,Rain Affected,24-01-2025,08-01-2025
VS000449,MP038,2024,5,May,Summer,7134,911,8045,3855,4190,490,753,900,3003,5042,2.7,917.66,Foggy,Yes,No,4.2,7382574.7,12.6,Rain Affected,21-10-2023,04-07-2025
VS000450,MP038,2025,6,June,Summer,5858,776,6634,3024,3610,638,314,609,2309,4325,2.7,1152.31,Windy,Yes,No,4.3,7644424.54,26,Normal Traffic,14-05-2025,08-12-2025
VS000451,MP038,2025,7,July,Monsoon,4431,391,4822,2263,2559,459,439,574,1267,3555,3,583.88,Foggy,No,No,4.4,2815469.36,19.1,Heavy Rain,14-09-2025,18-06-2025
VS000452,MP038,2023,8,August,Monsoon,5866,507,6373,3031,3342,643,371,864,2302,4071,2.6,432.51,Windy,Yes,No,4.4,2756386.23,-13.7,Monsoon Season,17-03-2024,14-09-2025
VS000453,MP038,2025,9,September,Monsoon,5751,520,6271,3290,2981,560,305,521,1695,4576,4.8,1111.61,Cloudy,Yes,No,4.5,6970906.31,10.4,Rain Affected,13-01-2023,21-08-2025
VS000454,MP038,2023,10,October,Autumn,9022,928,9950,5099,4851,946,500,889,2557,7393,4,633.05,Cloudy,No,No,4.4,6298847.5,3.6,Weekend Rush,25-04-2023,04-04-2025
VS000455,MP038,2025,11,November,Autumn,9930,1304,11234,5530,5704,950,935,1201,3888,7346,4.5,519.85,Rainy,No,Yes,4,5839994.9,-17.2,Holiday Rush,22-12-2025,25-05-2025
VS000456,MP038,2023,12,December,Winter,12362,1820,14182,6876,7306,1575,1363,1932,5671,8511,5.3,899.07,Windy,No,No,4.3,12750610.74,-17.5,Peak Season,04-12-2023,09-11-2025
VS000457,MP039,2024,1,January,Winter,16404,2000,18404,8685,9719,1472,1745,2298,6869,11535,5.6,515.66,Cloudy,No,No,4.1,9490206.64,2.5,New Year Rush,24-07-2025,18-12-2025
VS000458,MP039,2023,2,February,Winter,14390,492,14882,7907,6975,767,904,1217,5912,8970,3.6,1166.69,Sunny,No,No,4.4,17362680.58,-16.3,Normal Traffic,18-03-2025,23-02-2025
VS000459,MP039,2023,3,March,Spring,8823,1278,10101,5362,4739,945,476,1347,2673,7428,5.5,525.64,Windy,Yes,No,3.8,5309489.64,24.3,Weekend Rush,11-01-2024,01-01-2025
VS000460,MP039,2025,4,April,Spring,11297,398,11695,6371,5324,1216,1067,1532,3898,7797,4.9,723.53,Sunny,Yes,No,4.6,8461683.35,-11.8,Normal Traffic,06-06-2023,13-02-2025
VS000461,MP039,2023,5,May,Summer,7546,986,8532,4377,4155,595,799,832,3244,5288,2.7,1056.57,Foggy,No,No,4.7,9014655.24,-14.4,Off Season,21-06-2023,15-03-2025
VS000462,MP039,2025,6,June,Summer,4856,276,5132,2546,2586,514,264,655,2042,3090,4,609.79,Clear,No,No,3.8,3129442.28,3.8,Rain Affected,11-02-2024,04-02-2025
VS000463,MP039,2025,7,July,Monsoon,5302,450,5752,2928,2824,464,459,796,1621,4131,5,696.09,Cloudy,Yes,No,4.3,4003909.68,-5.5,Monsoon Season,08-05-2025,06-01-2025
VS000464,MP039,2025,8,August,Monsoon,5740,245,5985,3051,2934,637,464,597,1952,4033,5.3,1157.58,Windy,No,No,4.1,6928116.3,22.5,Heavy Rain,04-06-2024,08-04-2025
VS000465,MP039,2025,9,September,Monsoon,6011,134,6145,3157,2988,656,327,605,1977,4168,1.8,561.58,Cloudy,Yes,No,4.7,3450909.1,-12.1,Rain Affected,19-02-2025,02-12-2025
VS000466,MP039,2023,10,October,Autumn,8640,1154,9794,4847,4947,936,616,1022,3494,6300,3.6,1013.79,Clear,No,No,4.1,9929059.26,19.2,Festival Crowd,18-04-2025,25-10-2025
VS000467,MP039,2023,11,November,Autumn,13321,278,13599,6823,6776,1576,1082,1453,4256,9343,5.2,510.3,Sunny,Yes,Yes,4.6,6939569.7,8,Holiday Rush,12-08-2025,17-06-2025
VS000468,MP039,2025,12,December,Winter,14793,1594,16387,7872,8515,1784,1043,2277,5023,11364,5.3,406.8,Windy,No,No,4.8,6666231.6,6.8,New Year Rush,24-05-2023,05-01-2025
VS000469,MP040,2023,1,January,Winter,15078,1735,16813,8893,7920,1156,1426,1583,6433,10380,5.7,978.92,Foggy,No,No,4.8,16458581.96,-16.2,Winter Vacation,24-06-2023,12-07-2025
VS000470,MP040,2024,2,February,Winter,12583,1763,14346,7664,6682,1276,991,2052,5409,8937,3.4,1053.16,Windy,Yes,No,4.7,15108633.36,13.6,Peak Season,20-07-2023,25-04-2025
VS000471,MP040,2024,3,March,Spring,11293,1325,12618,6297,6321,892,661,1345,3464,9154,4.4,991.28,Cloudy,Yes,Yes,3.8,12507971.04,27.1,Holiday Rush,22-05-2024,17-09-2025
VS000472,MP040,2025,4,April,Spring,11312,1193,12505,6589,5916,984,882,1025,4107,8398,1.6,1007.87,Clear,Yes,No,4.6,12603414.35,26.6,Normal Traffic,18-10-2024,02-12-2025
VS000473,MP040,2025,5,May,Summer,6466,742,7208,3372,3836,777,556,928,2271,4937,3.2,590.33,Clear,Yes,No,4.2,4255098.64,31.4,Peak Season,14-12-2024,04-12-2025
VS000474,MP040,2024,6,June,Summer,5650,658,6308,3324,2984,450,520,680,1920,4388,2.7,955.87,Sunny,Yes,No,4.3,6029627.96,2.3,Weekend Rush,19-04-2025,02-06-2025
VS000475,MP040,2023,7,July,Monsoon,5042,537,5579,2547,3032,303,260,805,1628,3951,4.1,548.62,Foggy,Yes,No,3.9,3060750.98,22,Monsoon Season,07-10-2023,18-09-2025
VS000476,MP040,2025,8,August,Monsoon,4622,256,4878,2677,2201,530,286,668,1636,3242,3.7,1073.04,Foggy,No,No,4,5234289.12,-2.4,Rain Affected,17-10-2025,18-03-2025
VS000477,MP040,2023,9,September,Monsoon,6182,473,6655,3179,3476,696,436,578,1814,4841,2.5,581.67,Windy,No,No,3.8,3871013.85,-10,Peak Season,14-09-2025,01-11-2025
VS000478,MP040,2023,10,October,Autumn,10692,1373,12065,6474,5591,674,916,1765,4616,7449,5.2,1193.68,Foggy,No,Yes,4.7,14401749.2,-2.1,Weekend Rush,15-11-2023,18-03-2025
VS000479,MP040,2023,11,November,Autumn,11224,549,11773,5552,6221,874,871,974,3189,8584,4.7,1100.12,Sunny,No,Yes,4.4,12951712.76,22.9,Normal Traffic,08-12-2023,07-07-2025
VS000480,MP040,2023,12,December,Winter,16148,376,16524,8326,8198,1760,1143,1829,6276,10248,1.9,906.18,Clear,Yes,No,4.8,14973718.32,-2.1,Winter Vacation,01-06-2023,19-09-2025
VS000481,MP041,2023,1,January,Winter,11451,1543,12994,6187,6807,1258,687,1609,3381,9613,1.6,969.74,Sunny,Yes,No,4.5,12600801.56,8.6,Winter Vacation,02-02-2023,08-11-2025
VS000482,MP041,2025,2,February,Winter,15395,386,15781,7689,8092,1318,953,1770,4060,11721,6,580.52,Cloudy,Yes,No,4.8,9161186.12,27.8,Weekend Rush,01-03-2025,10-09-2025
VS000483,MP041,2024,3,March,Spring,11751,656,12407,6784,5623,1204,1177,1695,3864,8543,3.1,1055.49,Sunny,Yes,No,3.9,13095464.43,21.4,Festival Crowd,08-10-2024,15-05-2025
VS000484,MP041,2023,4,April,Spring,10769,641,11410,5944,5466,1139,871,1027,3242,8168,2.4,979.98,Sunny,Yes,No,4.5,11181571.8,15.1,Weekend Rush,04-08-2025,22-05-2025
VS000485,MP041,2024,5,May,Summer,7382,1097,8479,4489,3990,489,442,1260,2508,5971,4.7,410.56,Cloudy,No,No,4.9,3481138.24,2.1,Weekend Rush,08-09-2025,19-11-2025
VS000486,MP041,2024,6,June,Summer,5039,422,5461,2974,2487,493,320,536,2095,3366,3.4,587.6,Windy,Yes,No,4.2,3208883.6,-19.7,Holiday Rush,14-09-2025,10-11-2025
VS000487,MP041,2024,7,July,Monsoon,5735,136,5871,2649,3222,497,564,488,1538,4333,4.3,621.24,Windy,Yes,No,4.3,3647300.04,-2.1,Rain Affected,07-02-2025,19-03-2025
VS000488,MP041,2023,8,August,Monsoon,5279,696,5975,2694,3281,339,407,581,1734,4241,4.1,437.04,Sunny,No,No,3.8,2611314,22.6,Heavy Rain,02-01-2024,22-10-2025
VS000489,MP041,2023,9,September,Monsoon,6743,921,7664,4001,3663,721,683,1028,2513,5151,5.6,677.42,Sunny,No,No,4.3,5191746.88,17.4,Weekend Rush,25-04-2025,14-02-2025
VS000490,MP041,2025,10,October,Autumn,10520,1459,11979,5903,6076,1258,1158,1538,3212,8767,4.3,937.52,Windy,No,No,3.9,11230552.08,14,Festival Crowd,01-01-2023,18-12-2025
VS000491,MP041,2025,11,November,Autumn,12271,729,13000,6200,6800,939,737,1606,4513,8487,4.2,1030.97,Cloudy,Yes,Yes,4.7,13402610,32.7,Peak Season,21-04-2025,10-08-2025
VS000492,MP041,2025,12,December,Winter,13764,1945,15709,8367,7342,1314,1244,1647,5887,9822,4.8,623.18,Clear,Yes,No,3.9,9789534.62,21.5,Winter Vacation,24-06-2025,07-06-2025
VS000493,MP042,2023,1,January,Winter,15617,1521,17138,8426,8712,1789,971,2066,4691,12447,1.7,888.59,Cloudy,Yes,No,3.9,15228655.42,-3,Winter Vacation,22-04-2025,06-10-2025
VS000494,MP042,2025,2,February,Winter,13460,572,14032,7299,6733,928,767,1168,4042,9990,3,523.34,Sunny,No,No,4.4,7343506.88,13.7,Rain Affected,25-11-2025,22-03-2025
VS000495,MP042,2025,3,March,Spring,11957,509,12466,6046,6420,771,777,1069,4824,7642,1.6,1140.75,Sunny,No,Yes,4.4,14220589.5,14,Holiday Rush,12-01-2025,16-02-2025
VS000496,MP042,2023,4,April,Spring,10376,1160,11536,5362,6174,1127,777,1066,3341,8195,2.3,993.46,Sunny,No,Yes,4.6,11460554.56,-10.3,Peak Season,03-01-2025,02-04-2025
VS000497,MP042,2025,5,May,Summer,8360,658,9018,4643,4375,653,689,1327,2632,6386,1.9,766.01,Rainy,No,No,4.6,6907878.18,34.1,Peak Season,08-08-2023,16-03-2025
VS000498,MP042,2023,6,June,Summer,5889,367,6256,3280,2976,713,273,661,2353,3903,3.2,1126.72,Foggy,No,No,4.4,7048760.32,-2.3,Rain Affected,15-04-2023,25-03-2025
VS000499,MP042,2024,7,July,Monsoon,4536,645,5181,2532,2649,266,401,767,1624,3557,2.7,1168.85,Windy,Yes,No,4.9,6055811.85,-15.1,Heavy Rain,20-12-2023,15-06-2025
VS000500,MP042,2023,8,August,Monsoon,4299,201,4500,2028,2472,455,435,620,1624,2876,4,451.88,Cloudy,No,No,4.8,2033460,-15,Heavy Rain,13-01-2025,03-06-2025
VS000501,MP042,2024,9,September,Monsoon,4997,624,5621,2946,2675,369,298,450,2095,3526,3.1,1100.45,Sunny,No,No,4.7,6185629.45,18.9,Normal Traffic,07-05-2025,02-07-2025
VS000502,MP042,2024,10,October,Autumn,11107,829,11936,6525,5411,1293,901,1568,3471,8465,5,934.6,Sunny,Yes,No,4.4,11155385.6,-5.3,Festival Crowd,05-05-2024,23-10-2025
VS000503,MP042,2023,11,November,Autumn,13896,1634,15530,8474,7056,1256,885,1775,6007,9523,1.8,711.78,Rainy,No,Yes,4.6,11053943.4,-16,Weekend Rush,21-07-2025,10-10-2025
VS000504,MP042,2025,12,December,Winter,15337,2209,17546,8761,8785,1706,950,1736,5519,12027,3.4,806.02,Foggy,No,No,4.5,14142426.92,27.9,Peak Season,19-08-2025,12-07-2025
VS000505,MP043,2025,1,January,Winter,14843,449,15292,7789,7503,1360,1310,2107,4874,10418,4,1057.68,Rainy,No,No,4.9,16174042.56,23.3,Peak Season,02-03-2023,15-04-2025
VS000506,MP043,2025,2,February,Winter,11093,1438,12531,6599,5932,1428,1011,1564,3337,9194,2,421.2,Cloudy,Yes,No,4.5,5278057.2,23.7,Holiday Rush,03-05-2024,20-10-2025
VS000507,MP043,2025,3,March,Spring,12106,616,12722,6545,6177,1058,853,1582,4905,7817,1.8,1174.57,,No,No,4.5,14942879.54,-19.3,Festival Crowd,05-03-2024,14-08-2025
VS000508,MP043,2024,4,April,Spring,9887,245,10132,4657,5475,637,952,1021,2615,7517,2.5,800,Clear,Yes,No,4,8105600,-4.6,Peak Season,11-05-2025,16-01-2025
VS000509,MP043,2024,5,May,Summer,6961,677,7638,3703,3935,438,365,789,2332,5306,3.8,1009.37,Rainy,No,No,4.6,7709568.06,-9.6,Holiday Rush,04-02-2024,11-12-2025
VS000510,MP043,2023,6,June,Summer,4807,715,5522,2710,2812,399,533,595,1943,3579,4.5,682.2,Cloudy,No,No,4.8,3767108.4,18.6,Peak Season,24-09-2024,03-04-2025
VS000511,MP043,2023,7,July,Monsoon,5381,158,5539,2733,2806,546,348,669,1653,3886,2.7,887.95,Sunny,No,No,4.5,4918355.05,10.7,Rain Affected,10-03-2024,17-08-2025
VS000512,MP043,2024,8,August,Monsoon,5111,590,5701,3122,2579,671,442,809,2217,3484,3.1,1003.02,Rainy,No,No,3.9,5718217.02,32.8,Monsoon Season,17-07-2024,01-10-2025
VS000513,MP043,2024,9,September,Monsoon,6536,273,6809,3355,3454,391,512,769,2034,4775,5.8,691.33,Rainy,No,No,4,4707265.97,-18.6,Weekend Rush,09-07-2025,17-01-2025
VS000514,MP043,2023,10,October,Autumn,8556,297,8853,4788,4065,619,723,766,2811,6042,4.8,946.37,Clear,No,No,4.1,8378213.61,-17.4,Peak Season,03-02-2023,25-07-2025
VS000515,MP043,2024,11,November,Autumn,12101,266,12367,6131,6236,1178,663,1354,3447,8920,3.6,841.65,Rainy,No,No,4.1,10408685.55,24.6,Holiday Rush,10-09-2024,19-09-2025
VS000516,MP043,2023,12,December,Winter,12668,888,13556,7371,6185,1378,990,1727,5128,8428,2.6,1023.88,Cloudy,Yes,No,4.7,13879717.28,25.2,Winter Vacation,11-09-2025,01-05-2025
VS000517,MP044,2024,1,January,Winter,11234,1128,12362,6396,5966,725,582,1701,4064,8298,3.2,728.77,Windy,No,No,4.9,9009054.74,-7.2,New Year Rush,23-11-2023,03-09-2025
VS000518,MP044,2024,2,February,Winter,10662,642,11304,5726,5578,1336,823,1293,3542,7762,3.9,982.71,Windy,No,No,4.2,11108553.84,18.3,Peak Season,03-07-2025,18-09-2025
VS000519,MP044,2025,3,March,Spring,12922,849,13771,6415,7356,1316,779,1522,5105,8666,4.6,858.15,Windy,Yes,Yes,4.8,11817583.65,26.8,Holiday Rush,09-08-2024,11-01-2025
VS000520,MP044,2025,4,April,Spring,9719,682,10401,5480,4921,1184,808,876,2969,7432,4.2,945.4,Clear,No,No,4.4,9833105.4,-1.2,Weekend Rush,09-05-2024,20-12-2025
VS000521,MP044,2024,5,May,Summer,5768,386,6154,2934,3220,445,293,755,1726,4428,5.1,1046.69,Rainy,Yes,No,4.8,6441330.26,23.7,Off Season,14-03-2025,09-11-2025
VS000522,MP044,2023,6,June,Summer,4894,217,5111,2316,2795,508,230,650,1889,3222,3,686.1,Cloudy,No,No,4.3,3506657.1,7.9,Holiday Rush,06-07-2024,18-03-2025
VS000523,MP044,2025,7,July,Monsoon,4170,219,4389,2282,2107,271,401,605,1407,2982,1.7,753.16,Rainy,Yes,No,4.8,3305619.24,-14.8,Rain Affected,01-10-2024,13-02-2025
VS000524,MP044,2025,8,August,Monsoon,5325,413,5738,2766,2972,403,488,555,2156,3582,1.8,1020.25,Rainy,Yes,No,4.1,5854194.5,5.8,Monsoon Season,20-03-2023,03-09-2025
VS000525,MP044,2025,9,September,Monsoon,5996,711,6707,3189,3518,349,329,707,2200,4507,2.4,949.21,Rainy,No,No,4.4,6366351.47,-10.8,Festival Crowd,02-08-2025,17-06-2025
VS000526,MP044,2025,10,October,Autumn,10113,550,10663,5817,4846,844,579,1310,3656,7007,2.5,815.65,Foggy,No,No,3.8,8697275.95,-10,Off Season,15-10-2025,16-03-2025
VS000527,MP044,2024,11,November,Autumn,12833,1416,14249,7410,6839,1578,781,1567,4867,9382,2.1,1046.85,Sunny,Yes,No,4.5,14916565.65,-19,Weekend Rush,23-09-2024,23-02-2025
VS000528,MP044,2024,12,December,Winter,12785,951,13736,6450,7286,1422,866,1272,4101,9635,5.9,1043.33,Windy,No,No,4.1,14331180.88,-2.9,Peak Season,04-05-2024,22-11-2025
VS000529,MP045,2024,1,January,Winter,15627,1832,17459,7972,9487,954,1666,1634,6413,11046,4.9,1138.24,Windy,Yes,No,4.4,19872532.16,-17.4,New Year Rush,17-04-2024,03-09-2025
VS000530,MP045,2025,2,February,Winter,13400,327,13727,6976,6751,1381,601,1847,4101,9626,5.4,486.1,Cloudy,No,No,4.2,6672694.7,24.7,Holiday Rush,09-11-2023,06-07-2025
VS000531,MP045,2023,3,March,Spring,9245,671,9916,5191,4725,750,647,1187,2493,7423,2.8,1115.65,Windy,No,No,4.2,11062785.4,-4.2,Off Season,07-01-2023,01-06-2025
VS000532,MP045,2024,4,April,Spring,9367,234,9601,4764,4837,947,791,1092,2917,6684,3.5,612.54,Sunny,No,Yes,4.1,5880996.54,5.4,Holiday Rush,09-08-2023,05-10-2025
VS000533,MP045,2023,5,May,Summer,7384,595,7979,4209,3770,827,563,915,2381,5598,3.8,955.53,Cloudy,No,No,4.1,7624173.87,17.7,Off Season,22-02-2024,25-06-2025
VS000534,MP045,2024,6,June,Summer,6339,948,7287,3947,3340,554,569,814,2438,4849,3.3,647.39,Windy,Yes,No,4.6,4717530.93,2.6,Holiday Rush,20-02-2024,24-09-2025
VS000535,MP045,2025,7,July,Monsoon,5058,484,5542,2727,2815,426,419,810,1588,3954,3,503.85,Cloudy,No,No,4.1,2792336.7,-13.9,Monsoon Season,12-07-2024,03-06-2025
VS000536,MP045,2025,8,August,Monsoon,5338,425,5763,2845,2918,677,556,698,1637,4126,1.9,566.8,Sunny,Yes,No,4,3266468.4,7.3,Heavy Rain,11-06-2025,05-05-2025
VS000537,MP045,2024,9,September,Monsoon,6921,394,7315,3469,3846,626,568,1084,2407,4908,4.9,931.26,Foggy,Yes,No,4.2,6812166.9,-19.9,Normal Traffic,19-11-2023,02-11-2025
VS000538,MP045,2025,10,October,Autumn,10695,383,11078,5369,5709,851,1061,1217,2812,8266,4,1144.69,Clear,No,No,4.4,12680875.82,29.4,Off Season,17-05-2023,12-01-2025
VS000539,MP045,2023,11,November,Autumn,9836,1287,11123,5549,5574,821,998,1146,3323,7800,3,1178.4,Sunny,Yes,Yes,3.9,13107343.2,16.7,Rain Affected,11-01-2025,08-09-2025
VS000540,MP045,2025,12,December,Winter,16737,938,17675,8120,9555,1894,900,1650,5466,12209,2.6,734.7,Windy,Yes,No,4.6,12985822.5,-8.4,Peak Season,18-04-2024,24-04-2025
VS000541,MP046,2024,1,January,Winter,13498,1148,14646,6720,7926,1386,585,1873,4077,10569,5.1,557.98,Cloudy,No,No,4,8172175.08,2.4,Peak Season,06-05-2024,04-10-2025
VS000542,MP046,2025,2,February,Winter,14350,2095,16445,8287,8158,866,1104,1854,5973,10472,3.4,1147.49,Foggy,Yes,No,4.8,18870473.05,14.9,Normal Traffic,03-08-2024,16-03-2025
VS000543,MP046,2025,3,March,Spring,10353,686,11039,5473,5566,1115,708,1196,3626,7413,3.4,570.62,Rainy,Yes,Yes,4.2,6299074.18,12.3,Off Season,12-03-2025,06-11-2025
VS000544,MP046,2024,4,April,Spring,11088,481,11569,5467,6102,950,1003,1241,4102,7467,5.8,480.77,Foggy,Yes,Yes,4.1,5562028.13,-6,Holiday Rush,17-10-2025,23-04-2025
VS000545,MP046,2024,5,May,Summer,7276,872,8148,4451,3697,716,726,1080,2911,5237,2.2,856.99,Foggy,Yes,No,4.3,6982754.52,15.4,Off Season,20-10-2023,23-01-2025
VS000546,MP046,2024,6,June,Summer,5545,143,5688,2924,2764,536,353,578,1480,4208,2.1,1114.78,Cloudy,Yes,No,3.9,6340868.64,14,Festival Crowd,12-02-2024,21-12-2025
VS000547,MP046,2024,7,July,Monsoon,5057,189,5246,2390,2856,612,378,640,2076,3170,4.8,678.04,Clear,Yes,No,4.3,3556997.84,17.2,Rain Affected,07-05-2024,09-11-2025
VS000548,MP046,2024,8,August,Monsoon,5906,752,6658,3062,3596,602,478,822,2044,4614,5.4,980.61,Clear,Yes,No,4.9,6528901.38,27.6,Monsoon Season,01-07-2024,13-11-2025
VS000549,MP046,2023,9,September,Monsoon,5831,760,6591,3580,3011,416,277,553,2496,4095,3.5,1165.64,Clear,Yes,No,4,7682733.24,-15.7,Peak Season,09-09-2023,03-04-2025
VS000550,MP046,2023,10,October,Autumn,8795,1058,9853,4707,5146,749,451,834,3213,6640,2.6,848.93,Rainy,No,No,4.8,8364507.29,-12.4,Festival Crowd,16-04-2025,08-07-2025
VS000551,MP046,2023,11,November,Autumn,14296,1792,16088,7331,8757,1130,1119,2138,4950,11138,3,932.77,Clear,No,No,4.4,15006403.76,1.9,Weekend Rush,16-06-2024,23-02-2025
VS000552,MP046,2023,12,December,Winter,16920,1261,18181,9028,9153,957,841,2339,6525,11656,5.4,844.17,Clear,Yes,No,3.9,15347854.77,28.9,New Year Rush,15-01-2025,15-05-2025
VS000553,MP047,2024,1,January,Winter,16437,2202,18639,9370,9269,1807,1380,2692,7170,11469,2.7,901.56,Rainy,No,No,4.4,16804176.84,-15,Peak Season,19-06-2025,08-01-2025
VS000554,MP047,2024,2,February,Winter,10864,1301,12165,5720,6445,1149,1090,1653,4787,7378,3,943,Foggy,No,No,3.9,11471595,23.7,Normal Traffic,05-12-2025,11-10-2025
VS000555,MP047,2024,3,March,Spring,11855,257,12112,5676,6436,1147,981,1725,3342,8770,2.8,1191.59,Cloudy,Yes,No,3.9,14432538.08,23.2,Festival Crowd,16-10-2023,06-01-2025
VS000556,MP047,2024,4,April,Spring,10132,665,10797,5881,4916,950,494,1586,3655,7142,5.9,1091.79,Sunny,No,Yes,4.1,11788056.63,-7.9,Off Season,04-04-2023,11-08-2025
VS000557,MP047,2025,5,May,Summer,7553,677,8230,4089,4141,476,805,1134,2690,5540,5.8,599.1,Windy,Yes,No,4.2,4930593,33,Holiday Rush,15-11-2023,01-10-2025
VS000558,MP047,2023,6,June,Summer,6145,253,6398,2965,3433,603,268,919,2075,4323,4.3,592.24,Windy,Yes,No,4.7,3789151.52,26.2,Normal Traffic,10-05-2023,05-09-2025
VS000559,MP047,2023,7,July,Monsoon,5818,313,6131,3246,2885,582,373,875,2048,4083,2.8,930.55,Cloudy,No,No,4.7,5705202.05,34.8,Heavy Rain,22-11-2025,06-06-2025
VS000560,MP047,2023,8,August,Monsoon,4679,242,4921,2474,2447,340,486,624,1403,3518,5.3,994.17,Foggy,Yes,No,4,4892310.57,0.3,Monsoon Season,14-12-2024,06-07-2025
VS000561,MP047,2024,9,September,Monsoon,5972,810,6782,3392,3390,436,276,698,2070,4712,5.2,482.66,Rainy,No,No,4.8,3273400.12,-9.9,Weekend Rush,15-10-2023,08-10-2025
VS000562,MP047,2024,10,October,Autumn,8902,1174,10076,4539,5537,1073,981,1417,4021,6055,5.1,410.31,Rainy,Yes,Yes,4.1,4134283.56,-5.4,Peak Season,24-02-2023,17-03-2025
VS000563,MP047,2025,11,November,Autumn,10046,1043,11089,5718,5371,982,576,1226,3002,8087,5.4,601.43,Windy,Yes,No,4.3,6669257.27,0.4,Normal Traffic,06-04-2024,24-11-2025
VS000564,MP047,2023,12,December,Winter,15235,1494,16729,8183,8546,1688,1565,2466,4879,11850,2.8,691.81,Foggy,No,No,4.8,11573289.49,32.5,Peak Season,12-07-2023,02-07-2025
VS000565,MP048,2024,1,January,Winter,12767,557,13324,6721,6603,801,1017,1460,5206,8118,5.7,532.38,Clear,No,No,4,7093431.12,31.3,Winter Vacation,24-11-2024,16-03-2025
VS000566,MP048,2024,2,February,Winter,12168,738,12906,6628,6278,1136,1054,1112,3885,9021,1.8,955.69,Windy,No,No,4,12334135.14,13.3,Rain Affected,12-04-2023,03-10-2025
VS000567,MP048,2024,3,March,Spring,10642,1574,12216,6577,5639,1157,1132,1553,4239,7977,3,696.63,Clear,No,No,4.5,8510032.08,0,Festival Crowd,17-01-2025,21-07-2025
VS000568,MP048,2023,4,April,Spring,11470,1412,12882,6640,6242,1483,992,1571,3710,9172,4.3,1184.6,Windy,Yes,Yes,4.5,15260017.2,-3.6,Normal Traffic,12-06-2025,15-04-2025
VS000569,MP048,2025,5,May,Summer,6014,579,6593,3121,3472,463,275,723,2295,4298,2.7,866.01,Foggy,Yes,No,4.1,5709603.93,-1.6,Weekend Rush,18-07-2023,21-12-2025
VS000570,MP048,2025,6,June,Summer,6520,434,6954,3643,3311,763,594,682,2341,4613,5.3,454.73,Windy,No,No,4,3162192.42,15.2,Weekend Rush,16-03-2024,01-03-2025
VS000571,MP048,2024,7,July,Monsoon,4095,469,4564,2163,2401,477,393,379,1197,3367,5.9,826.57,Rainy,Yes,No,3.8,3772465.48,8.1,Rain Affected,12-06-2023,14-10-2025
VS000572,MP048,2025,8,August,Monsoon,5538,394,5932,3140,2792,299,276,881,1595,4337,2.7,811.35,Foggy,No,No,4.5,4812928.2,-1.9,Rain Affected,20-08-2023,16-08-2025
VS000573,MP048,2024,9,September,Monsoon,6690,555,7245,3602,3643,484,649,657,2231,5014,2.1,534.91,Cloudy,No,No,4,3875422.95,-18.3,Peak Season,07-05-2023,03-10-2025
VS000574,MP048,2023,10,October,Autumn,11722,589,12311,6385,5926,790,563,1157,3778,8533,2.4,482.21,Clear,Yes,No,4.7,5936487.31,-1.6,Off Season,11-08-2024,23-09-2025
VS000575,MP048,2023,11,November,Autumn,10727,701,11428,5902,5526,1212,891,1154,2893,8535,2.1,523.71,Clear,No,Yes,4.3,5984957.88,4.3,Weekend Rush,01-05-2023,11-07-2025
VS000576,MP048,2023,12,December,Winter,15141,2171,17312,7817,9495,1309,849,1440,6890,10422,5,889.92,Windy,Yes,No,3.8,15406295.04,-14.1,Winter Vacation,04-08-2023,08-04-2025
VS000577,MP049,2023,1,January,Winter,15904,1146,17050,8024,9026,1115,1084,2510,4832,12218,2.6,877.34,Cloudy,Yes,No,4.4,14958647,34.4,Winter Vacation,11-05-2023,05-07-2025
VS000578,MP049,2023,2,February,Winter,12054,1614,13668,6279,7389,1120,943,1886,3889,9779,4.3,556.74,Windy,No,No,4.8,7609522.32,24.4,Peak Season,07-10-2024,05-10-2025
VS000579,MP049,2024,3,March,Spring,12443,1759,14202,7427,6775,1574,835,2102,4406,9796,2.6,685.69,Clear,No,No,4,9738169.38,-1.4,Weekend Rush,04-01-2023,08-04-2025
VS000580,MP049,2024,4,April,Spring,10957,652,11609,5469,6140,874,712,1320,3886,7723,5.5,413.82,Sunny,Yes,Yes,4.4,4804036.38,-16.8,Weekend Rush,18-09-2025,06-10-2025
VS000581,MP049,2025,5,May,Summer,7984,459,8443,4226,4217,902,632,1026,3093,5350,2.9,730.86,Cloudy,Yes,No,4.6,6170650.98,-11.5,Festival Crowd,19-11-2023,06-11-2025
VS000582,MP049,2023,6,June,Summer,7038,195,7233,3958,3275,658,637,975,1935,5298,2.5,783.69,Cloudy,No,No,4.7,5668429.77,3.5,Off Season,09-03-2025,17-02-2025
VS000583,MP049,2023,7,July,Monsoon,4432,112,4544,2462,2082,313,323,423,1299,3245,5.2,498.28,Rainy,No,No,3.8,2264184.32,24.9,Rain Affected,06-01-2023,13-04-2025
VS000584,MP049,2023,8,August,Monsoon,5090,262,5352,2718,2634,278,467,752,1987,3365,4.2,704.45,Rainy,Yes,No,3.9,3770216.4,-0.6,Rain Affected,11-07-2024,04-02-2025
VS000585,MP049,2023,9,September,Monsoon,5426,561,5987,3054,2933,460,410,547,1770,4217,5.9,520.58,Foggy,No,No,4.3,3116712.46,12.6,Festival Crowd,08-11-2023,06-11-2025
VS000586,MP049,2025,10,October,Autumn,11103,1609,12712,6720,5992,1151,909,1385,3843,8869,2.6,738.47,Windy,No,No,4.3,9387430.64,30.1,Rain Affected,24-05-2025,09-10-2025
VS000587,MP049,2024,11,November,Autumn,14000,890,14890,8010,6880,1122,1456,1823,4317,10573,2.4,1183.78,Rainy,Yes,No,4.3,17626484.2,-8.7,Peak Season,21-06-2025,13-04-2025
VS000588,MP049,2025,12,December,Winter,17157,1510,18667,9373,9294,2087,1060,2175,6738,11929,2,930.28,Clear,No,No,3.9,17365536.76,20.1,New Year Rush,04-01-2024,25-01-2025
VS000589,MP050,2024,1,January,Winter,15968,1549,17517,8330,9187,1614,1688,2284,6810,10707,5.7,1108.56,Cloudy,Yes,No,4,19418645.52,19.3,New Year Rush,19-09-2024,24-12-2025
VS000590,MP050,2023,2,February,Winter,10878,737,11615,5962,5653,1131,920,1591,4381,7234,3.2,607.86,Cloudy,Yes,No,3.8,7060293.9,30.9,Rain Affected,20-11-2024,15-03-2025
VS000591,MP050,2024,3,March,Spring,11413,958,12371,6177,6194,1367,1201,1478,3146,9225,4.5,502.53,Sunny,No,Yes,4.6,6216798.63,31.5,Holiday Rush,04-03-2023,17-08-2025
VS000592,MP050,2025,4,April,Spring,8948,1296,10244,4950,5294,875,587,880,2867,7377,3.1,1062.3,Foggy,No,Yes,3.8,10882201.2,31.9,Rain Affected,12-03-2024,22-05-2025
VS000593,MP050,2023,5,May,Summer,7700,355,8055,4210,3845,576,779,815,2592,5463,4.5,802.9,Clear,Yes,No,4.4,6467359.5,3,Rain Affected,10-05-2025,08-08-2025
VS000594,MP050,2023,6,June,Summer,6815,695,7510,3713,3797,510,573,639,2768,4742,3.9,519.96,Rainy,No,No,4.6,3904899.6,-11,Holiday Rush,10-08-2023,16-03-2025
VS000595,MP050,2025,7,July,Monsoon,5180,483,5663,2728,2935,617,502,459,1498,4165,2.5,888.27,Rainy,No,No,4.2,5030273.01,0.8,Rain Affected,21-05-2025,07-12-2025
VS000596,MP050,2024,8,August,Monsoon,5362,249,5611,2725,2886,405,559,760,2235,3376,4.3,715.92,Sunny,No,No,3.9,4017027.12,11.4,Rain Affected,05-08-2024,24-11-2025
VS000597,MP050,2025,9,September,Monsoon,6895,896,7791,3716,4075,497,654,753,2014,5777,1.9,952.01,Clear,Yes,No,4.8,7417109.91,25.9,Off Season,15-02-2023,20-01-2025
VS000598,MP050,2024,10,October,Autumn,8779,916,9695,5071,4624,695,792,1379,3067,6628,3.9,1171.81,Cloudy,Yes,No,4.3,11360697.95,29.8,Weekend Rush,02-01-2024,09-09-2025
VS000599,MP050,2025,11,November,Autumn,10862,1404,12266,6731,5535,748,876,1474,4088,8178,3.8,658.48,Cloudy,No,No,4.1,8076915.68,24.6,Off Season,01-05-2023,08-05-2025
VS000600,MP050,2025,12,December,Winter,13899,2053,15952,8307,7645,1559,791,1879,5726,10226,3.9,628.91,Clear,Yes,No,3.9,10032372.32,-5.4,New Year Rush,03-11-2025,03-04-2025
VS000601,MP051,2023,1,January,Winter,4860,647,5507,2734,2773,470,373,500,1718,3789,5.3,1018.06,Cloudy,No,No,3.9,5606456.42,3.2,Peak Season,25-11-2023,10-07-2025
VS000602,MP051,2024,2,February,Winter,3954,128,4082,2111,1971,359,342,431,1392,2690,2.9,475.62,Foggy,Yes,No,4.9,1941480.84,-15.7,Weekend Rush,16-10-2024,18-12-2025
VS000603,MP051,2023,3,March,Spring,3028,430,3458,1572,1886,205,180,341,1286,2172,4,696.24,Sunny,No,No,4.5,2407597.92,10.8,Festival Crowd,04-04-2025,12-05-2025
VS000604,MP051,2024,4,April,Spring,3383,332,3715,1699,2016,312,347,479,1161,2554,1.9,697.99,Foggy,Yes,No,4.7,2593032.85,0,Off Season,13-02-2024,06-01-2025
VS000605,MP051,2023,5,May,Summer,1952,124,2076,1060,1016,176,171,193,622,1454,5.4,424.38,Sunny,No,No,4.2,881012.88,-18.1,Rain Affected,18-03-2025,20-02-2025
VS000606,MP051,2025,6,June,Summer,1661,57,1718,902,816,152,129,169,563,1155,5.1,1064.22,Rainy,No,No,4.8,1828329.96,17.2,Off Season,12-03-2024,25-02-2025
VS000607,MP051,2025,7,July,Monsoon,1244,171,1415,728,687,125,59,187,361,1054,2.3,532.01,,No,No,4.6,752794.15,-17.7,Heavy Rain,06-04-2023,07-04-2025
VS000608,MP051,2023,8,August,Monsoon,1214,47,1261,690,571,83,74,108,326,935,5.3,624.57,Clear,Yes,No,4.9,787582.77,30.5,Rain Affected,14-11-2025,11-06-2025
VS000609,MP051,2025,9,September,Monsoon,1920,90,2010,995,1015,107,161,175,748,1262,4.8,578.37,Clear,Yes,No,4.1,1162523.7,12.5,Rain Affected,13-08-2023,14-12-2025
VS000610,MP051,2025,10,October,Autumn,3045,90,3135,1696,1439,211,298,286,874,2261,5,871.18,Foggy,No,No,4.1,2731149.3,5.2,Festival Crowd,24-12-2023,06-09-2025
VS000611,MP051,2023,11,November,Autumn,3493,422,3915,1769,2146,306,363,526,1442,2473,4.1,1032.95,Windy,Yes,No,3.9,4043999.25,32.6,Normal Traffic,20-01-2025,05-04-2025
VS000612,MP051,2024,12,December,Winter,4476,562,5038,2386,2652,254,235,685,1667,3371,2.4,443.85,Sunny,No,No,3.8,2236116.3,21.2,Peak Season,13-01-2024,11-04-2025
VS000613,MP052,2025,1,January,Winter,4053,502,4555,2476,2079,306,292,632,1543,3012,5,627.37,Clear,Yes,No,4.7,2857670.35,10,Winter Vacation,08-03-2024,22-10-2025
VS000614,MP052,2025,2,February,Winter,4636,170,4806,2395,2411,347,289,622,1592,3214,4.8,1047.41,Windy,No,No,4.9,5033852.46,17.9,Weekend Rush,16-05-2024,07-12-2025
VS000615,MP052,2023,3,March,Spring,3434,246,3680,1964,1716,191,351,361,1318,2362,3.8,769.47,Rainy,Yes,No,4.2,2831649.6,14.7,Off Season,05-11-2025,02-06-2025
VS000616,MP052,2025,4,April,Spring,3590,511,4101,2021,2080,420,179,424,1523,2578,2.3,1198.96,Foggy,No,No,4.1,4916934.96,3.2,Weekend Rush,01-04-2024,01-06-2025
VS000617,MP052,2023,5,May,Summer,1766,154,1920,1008,912,150,178,257,659,1261,3.3,802.02,Sunny,No,No,4,1539878.4,33.7,Festival Crowd,01-11-2025,18-11-2025
VS000618,MP052,2024,6,June,Summer,1532,186,1718,791,927,182,154,150,568,1150,2.4,447.63,Cloudy,Yes,No,4.2,769028.34,-9.4,Rain Affected,12-05-2024,14-07-2025
VS000619,MP052,2024,7,July,Monsoon,1592,200,1792,886,906,176,143,169,457,1335,2.8,1014.16,Foggy,No,No,4,1817374.72,18.7,Monsoon Season,12-10-2024,10-07-2025
VS000620,MP052,2024,8,August,Monsoon,1478,76,1554,713,841,184,153,162,609,945,4.6,573.24,Foggy,Yes,No,4,890814.96,-6.7,Monsoon Season,17-05-2024,19-02-2025
VS000621,MP052,2024,9,September,Monsoon,1692,221,1913,875,1038,189,176,183,665,1248,2.6,1189.51,Rainy,No,No,4.8,2275532.63,-7.1,Off Season,08-12-2023,06-10-2025
VS000622,MP052,2023,10,October,Autumn,3271,89,3360,1597,1763,231,217,469,1213,2147,5.4,657.38,Windy,Yes,Yes,4.3,2208796.8,17.3,Weekend Rush,10-07-2025,05-04-2025
VS000623,MP052,2024,11,November,Autumn,3491,403,3894,1829,2065,446,317,401,1398,2496,2.5,1148.21,Sunny,No,No,3.8,4471129.74,28.5,Peak Season,17-03-2025,23-09-2025
VS000624,MP052,2023,12,December,Winter,4479,356,4835,2494,2341,493,418,408,1340,3495,3.8,677.73,Sunny,No,No,3.9,3276824.55,16.6,Peak Season,06-12-2023,01-01-2025
VS000625,MP053,2024,1,January,Winter,4693,144,4837,2249,2588,562,238,673,1899,2938,2,1143.79,Windy,No,No,4.3,5532512.23,14.5,Peak Season,06-04-2023,09-11-2025
VS000626,MP053,2025,2,February,Winter,4311,550,4861,2437,2424,543,274,610,1615,3246,2.9,659.23,Sunny,Yes,No,4.2,3204517.03,11.7,Festival Crowd,22-12-2024,21-12-2025
VS000627,MP053,2024,3,March,Spring,3578,314,3892,1921,1971,389,243,360,1090,2802,4.6,526.93,Clear,Yes,Yes,4.1,2050811.56,30.9,Festival Crowd,03-04-2024,16-01-2025
VS000628,MP053,2023,4,April,Spring,2407,182,2589,1294,1295,288,134,373,1026,1563,5.3,950.17,Sunny,Yes,No,4.4,2459990.13,-11.2,Festival Crowd,11-06-2025,14-06-2025
VS000629,MP053,2024,5,May,Summer,2446,116,2562,1240,1322,294,134,307,842,1720,3.3,1019.1,Sunny,No,No,3.9,2610934.2,5.2,Weekend Rush,17-07-2024,07-09-2025
VS000630,MP053,2023,6,June,Summer,1463,78,1541,805,736,83,105,169,601,940,1.6,1168.64,Sunny,Yes,No,4.3,1800874.24,-18.5,Festival Crowd,09-12-2024,21-07-2025
VS000631,MP053,2025,7,July,Monsoon,1628,210,1838,991,847,126,163,196,536,1302,2.8,448.58,Sunny,Yes,No,4.5,824490.04,-0.8,Rain Affected,01-04-2025,08-09-2025
VS000632,MP053,2023,8,August,Monsoon,1677,46,1723,822,901,184,125,219,530,1193,3.1,753.89,Cloudy,No,No,3.9,1298952.47,16,Monsoon Season,22-07-2025,01-02-2025
VS000633,MP053,2024,9,September,Monsoon,2153,92,2245,1044,1201,121,124,301,711,1534,3.5,660.71,Sunny,Yes,No,3.8,1483293.95,1,Rain Affected,18-02-2025,20-01-2025
VS000634,MP053,2025,10,October,Autumn,2525,146,2671,1233,1438,153,165,258,776,1895,2.2,472.1,Foggy,No,Yes,4,1260979.1,-15.5,Weekend Rush,22-07-2023,01-11-2025
VS000635,MP053,2024,11,November,Autumn,3821,322,4143,2154,1989,359,260,338,1120,3023,5,640.33,Sunny,No,No,3.9,2652887.19,-9.5,Holiday Rush,02-05-2025,16-02-2025
VS000636,MP053,2023,12,December,Winter,5141,258,5399,2806,2593,404,232,777,2098,3301,1.8,829.55,Foggy,No,No,4.4,4478740.45,-2.7,Winter Vacation,08-10-2025,15-11-2025
VS000637,MP054,2023,1,January,Winter,3524,92,3616,1758,1858,247,304,376,1336,2280,4.5,771.79,Foggy,Yes,No,4.3,2790792.64,9.1,New Year Rush,07-07-2024,19-01-2025
VS000638,MP054,2025,2,February,Winter,4056,99,4155,2048,2107,448,303,432,1256,2899,4.8,1044.12,Windy,Yes,No,4.4,4338318.6,-11.4,Weekend Rush,14-12-2025,14-06-2025
VS000639,MP054,2025,3,March,Spring,3502,295,3797,1842,1955,192,259,304,1189,2608,1.6,1159.86,Windy,Yes,Yes,4.6,4403988.42,-10.4,Normal Traffic,18-01-2024,05-09-2025
VS000640,MP054,2023,4,April,Spring,3352,487,3839,2106,1733,197,382,497,976,2863,1.6,965.38,Cloudy,Yes,Yes,4.4,3706093.82,26.2,Weekend Rush,03-03-2025,19-04-2025
VS000641,MP054,2024,5,May,Summer,1857,262,2119,1021,1098,137,128,271,690,1429,2.7,1058.55,Sunny,Yes,No,4.7,2243067.45,-10,Rain Affected,16-09-2024,13-08-2025
VS000642,MP054,2024,6,June,Summer,2140,262,2402,1162,1240,123,185,199,696,1706,3.2,1081.15,Sunny,No,No,4.8,2596922.3,6.1,Holiday Rush,01-11-2025,25-07-2025
VS000643,MP054,2025,7,July,Monsoon,1278,91,1369,752,617,139,118,129,414,955,4.4,478.26,Foggy,No,No,4.9,654737.94,9.4,Monsoon Season,20-02-2023,25-07-2025
VS000644,MP054,2025,8,August,Monsoon,1523,217,1740,883,857,132,118,218,570,1170,2.1,1038.09,Sunny,No,No,4.9,1806276.6,32.2,Monsoon Season,02-10-2025,23-09-2025
VS000645,MP054,2023,9,September,Monsoon,1487,48,1535,740,795,110,125,162,576,959,5.4,668.55,Clear,Yes,No,4.6,1026224.25,27.3,Holiday Rush,12-06-2024,21-07-2025
VS000646,MP054,2023,10,October,Autumn,3279,122,3401,1782,1619,186,268,282,1071,2330,2.9,934.33,Cloudy,Yes,No,4.7,3177656.33,9.9,Festival Crowd,05-03-2024,25-10-2025
VS000647,MP054,2023,11,November,Autumn,4059,197,4256,2312,1944,294,373,392,1485,2771,5.2,808.77,Cloudy,Yes,Yes,4.3,3442125.12,1.5,Rain Affected,10-08-2023,21-08-2025
VS000648,MP054,2024,12,December,Winter,5214,381,5595,2716,2879,582,355,769,2233,3362,5.4,723.17,Sunny,No,No,4.1,4046136.15,-5.9,Peak Season,17-01-2023,18-01-2025
VS000649,MP055,2023,1,January,Winter,4933,717,5650,2600,3050,309,452,560,1635,4015,5.4,967.02,Sunny,No,No,4.6,5463663,24.2,Peak Season,03-12-2024,04-12-2025
VS000650,MP055,2025,2,February,Winter,4024,81,4105,2178,1927,388,269,430,1487,2618,3.9,1002.12,Foggy,Yes,No,4.5,4113702.6,-15.3,Peak Season,16-01-2023,12-11-2025
VS000651,MP055,2024,3,March,Spring,3126,230,3356,1602,1754,253,310,315,1046,2310,2.1,435.25,Cloudy,No,No,4.1,1460699,22.4,Rain Affected,03-01-2024,05-05-2025
VS000652,MP055,2025,4,April,Spring,3543,335,3878,1880,1998,362,167,365,1088,2790,4.7,892.54,Foggy,Yes,No,4.8,3461270.12,-15.9,Holiday Rush,19-09-2024,11-08-2025
VS000653,MP055,2025,5,May,Summer,1801,120,1921,898,1023,151,160,259,523,1398,4.3,545.03,Rainy,No,No,4.8,1047002.63,30.5,Normal Traffic,16-11-2023,15-06-2025
VS000654,MP055,2025,6,June,Summer,1729,80,1809,829,980,153,104,269,616,1193,5,410.57,Cloudy,Yes,No,4.3,742721.13,20.8,Rain Affected,12-05-2024,15-03-2025
VS000655,MP055,2023,7,July,Monsoon,1252,174,1426,695,731,137,141,188,509,917,5.1,497.17,Cloudy,No,No,4.9,708964.42,19.2,Monsoon Season,18-04-2025,10-04-2025
VS000656,MP055,2023,8,August,Monsoon,1745,117,1862,999,863,209,146,235,661,1201,4.7,665.73,Sunny,Yes,No,4.6,1239589.26,14.3,Rain Affected,07-11-2023,17-02-2025
VS000657,MP055,2025,9,September,Monsoon,1827,210,2037,1063,974,133,180,257,740,1297,4,1140.82,Cloudy,No,No,4.7,2323850.34,21.2,Holiday Rush,14-08-2023,07-05-2025
VS000658,MP055,2025,10,October,Autumn,2743,359,3102,1669,1433,278,207,383,1182,1920,2.6,774.27,Rainy,Yes,No,3.8,2401785.54,0,Off Season,17-06-2023,21-05-2025
VS000659,MP055,2025,11,November,Autumn,3651,279,3930,1858,2072,433,178,368,989,2941,2.8,1094.45,Rainy,No,No,4.1,4301188.5,4.7,Rain Affected,16-06-2025,23-01-2025
VS000660,MP055,2025,12,December,Winter,3815,126,3941,1997,1944,403,298,577,1061,2880,2.2,531.08,Sunny,Yes,No,4.2,2092986.28,15.5,Winter Vacation,03-11-2024,10-03-2025
VS000661,MP056,2024,1,January,Winter,4475,564,5039,2311,2728,256,214,584,1797,3242,3.6,640.36,Foggy,No,No,4.4,3226774.04,3.1,Winter Vacation,06-11-2024,24-04-2025
VS000662,MP056,2025,2,February,Winter,4509,526,5035,2266,2769,371,460,628,1877,3158,4.4,701.82,Windy,No,No,4.2,3533663.7,11.7,Weekend Rush,15-12-2023,22-08-2025
VS000663,MP056,2024,3,March,Spring,3513,168,3681,1691,1990,303,265,483,938,2743,5.4,1044.3,Windy,No,No,4.5,3844068.3,-17.3,Festival Crowd,07-04-2025,11-04-2025
VS000664,MP056,2025,4,April,Spring,3298,239,3537,1928,1609,420,275,355,1103,2434,2.9,636.97,Foggy,Yes,No,3.8,2252962.89,-10.5,Holiday Rush,18-11-2023,19-03-2025
VS000665,MP056,2024,5,May,Summer,2340,321,2661,1298,1363,198,116,217,700,1961,2.6,1115.95,Sunny,No,No,4.4,2969542.95,25.3,Holiday Rush,11-11-2024,04-07-2025
VS000666,MP056,2025,6,June,Summer,2050,201,2251,1218,1033,200,146,295,673,1578,5.8,695.38,Clear,Yes,No,4.7,1565300.38,-13.7,Peak Season,12-08-2024,04-05-2025
VS000667,MP056,2025,7,July,Monsoon,1542,55,1597,850,747,143,142,150,416,1181,1.6,1173.43,Windy,No,No,4.3,1873967.71,-5.1,Heavy Rain,23-04-2025,22-03-2025
VS000668,MP056,2023,8,August,Monsoon,1319,148,1467,801,666,159,117,214,557,910,3.8,897.87,Rainy,Yes,No,4.1,1317175.29,-13.4,Heavy Rain,08-09-2025,11-03-2025
VS000669,MP056,2024,9,September,Monsoon,2133,125,2258,1059,1199,226,129,252,713,1545,2,1096.56,Windy,Yes,No,4,2476032.48,11.6,Holiday Rush,24-02-2024,02-11-2025
VS000670,MP056,2024,10,October,Autumn,3288,438,3726,1908,1818,189,260,356,1211,2515,4.5,513.15,Windy,No,Yes,4.8,1911996.9,3.3,Off Season,25-10-2025,06-05-2025
VS000671,MP056,2023,11,November,Autumn,3897,163,4060,2112,1948,447,279,350,1606,2454,4.1,970.1,Clear,No,No,4,3938606,6.9,Holiday Rush,01-06-2023,10-10-2025
VS000672,MP056,2023,12,December,Winter,3925,323,4248,2024,2224,379,274,457,1140,3108,5.4,450.07,Foggy,No,No,4.7,1911897.36,-14.1,Peak Season,21-01-2023,22-03-2025
VS000673,MP057,2025,1,January,Winter,3879,78,3957,1909,2048,392,323,503,1562,2395,1.7,483.98,Rainy,Yes,No,3.9,1915108.86,1.4,New Year Rush,13-09-2024,18-04-2025
VS000674,MP057,2023,2,February,Winter,3998,207,4205,2200,2005,504,348,518,1501,2704,4.2,927.98,Clear,No,No,3.9,3902155.9,33.7,Normal Traffic,05-05-2024,16-01-2025
VS000675,MP057,2023,3,March,Spring,3323,189,3512,1920,1592,196,322,296,991,2521,5.1,1044.3,Sunny,Yes,Yes,3.8,3667581.6,-10.8,Weekend Rush,22-03-2023,22-03-2025
VS000676,MP057,2024,4,April,Spring,2771,233,3004,1429,1575,169,142,258,1056,1948,5.5,871.28,Cloudy,Yes,Yes,4.3,2617325.12,-12.8,Rain Affected,07-05-2025,20-06-2025
VS000677,MP057,2023,5,May,Summer,1694,134,1828,1000,828,112,135,185,534,1294,3.6,781.57,Sunny,No,No,4.2,1428709.96,-16,Off Season,16-12-2024,01-07-2025
VS000678,MP057,2025,6,June,Summer,2032,217,2249,1223,1026,192,179,208,892,1357,2.6,683.72,Cloudy,No,No,4.2,1537686.28,17.6,Off Season,04-07-2023,02-03-2025
VS000679,MP057,2025,7,July,Monsoon,1563,224,1787,929,858,198,98,175,485,1302,4.7,1193.51,Clear,Yes,No,3.8,2132802.37,25.3,Rain Affected,15-12-2024,22-05-2025
VS000680,MP057,2025,8,August,Monsoon,1764,117,1881,977,904,150,172,256,531,1350,4.2,656.36,Rainy,Yes,No,4.2,1234613.16,-5.5,Rain Affected,11-01-2023,11-03-2025
VS000681,MP057,2024,9,September,Monsoon,2101,79,2180,1142,1038,206,206,191,701,1479,5,892.69,Rainy,No,No,3.9,1946064.2,6,Rain Affected,24-04-2025,16-08-2025
VS000682,MP057,2025,10,October,Autumn,2882,153,3035,1472,1563,277,184,432,794,2241,3.4,628.37,Foggy,No,Yes,4.7,1907102.95,3.7,Off Season,19-02-2024,14-04-2025
VS000683,MP057,2023,11,November,Autumn,3308,297,3605,1662,1943,269,181,311,1350,2255,4.8,854.85,Windy,No,Yes,4.3,3081734.25,21.8,Holiday Rush,13-08-2023,11-08-2025
VS000684,MP057,2024,12,December,Winter,3844,278,4122,2175,1947,347,169,486,1178,2944,3.9,759.2,Clear,No,No,4.7,3129422.4,10.8,New Year Rush,18-01-2024,23-10-2025
VS000685,MP058,2025,1,January,Winter,4887,246,5133,2508,2625,323,322,502,1432,3701,4.5,938.42,Cloudy,No,No,4.8,4816909.86,-4.3,Peak Season,01-09-2024,25-11-2025
VS000686,MP058,2023,2,February,Winter,3315,234,3549,1859,1690,216,167,405,1089,2460,3.4,838.74,Sunny,No,No,4.4,2976688.26,29.1,Weekend Rush,21-11-2023,12-02-2025
VS000687,MP058,2024,3,March,Spring,2853,348,3201,1480,1721,199,270,396,1183,2018,3.3,589.2,Rainy,No,Yes,4.9,1886029.2,-6.2,Festival Crowd,01-05-2024,01-11-2025
VS000688,MP058,2024,4,April,Spring,3110,129,3239,1681,1558,268,250,475,1189,2050,5.3,1153.81,Cloudy,No,Yes,3.8,3737190.59,12.9,Weekend Rush,13-12-2023,06-06-2025
VS000689,MP058,2024,5,May,Summer,2245,238,2483,1269,1214,152,164,224,968,1515,3.3,698.39,Sunny,No,No,4.3,1734102.37,25.5,Festival Crowd,21-10-2023,23-06-2025
VS000690,MP058,2025,6,June,Summer,1990,190,2180,1062,1118,213,109,290,594,1586,3.2,479.9,Clear,Yes,No,4.6,1046182,-15.8,Peak Season,14-04-2023,08-05-2025
VS000691,MP058,2023,7,July,Monsoon,1395,79,1474,740,734,125,99,171,468,1006,4.2,824.02,Rainy,Yes,No,4.6,1214605.48,-6.8,Monsoon Season,07-09-2025,14-06-2025
VS000692,MP058,2025,8,August,Monsoon,1312,62,1374,641,733,98,101,154,490,884,3.6,941.72,Clear,No,No,4.3,1293923.28,-9.5,Rain Affected,02-02-2025,24-08-2025
VS000693,MP058,2025,9,September,Monsoon,1995,177,2172,1014,1158,196,179,247,615,1557,3.5,490.83,Rainy,Yes,No,4.2,1066082.76,19.7,Festival Crowd,14-05-2023,12-02-2025
VS000694,MP058,2025,10,October,Autumn,3506,97,3603,1756,1847,340,175,412,1327,2276,4.7,583.65,Foggy,Yes,No,4.1,2102890.95,6.4,Holiday Rush,19-01-2023,18-10-2025
VS000695,MP058,2024,11,November,Autumn,3382,403,3785,1910,1875,327,278,345,1060,2725,2.4,551.19,Windy,Yes,No,4.4,2086254.15,0.6,Weekend Rush,02-11-2024,07-03-2025
VS000696,MP058,2025,12,December,Winter,4874,332,5206,2653,2553,526,238,592,1735,3471,3.9,1107.86,Windy,No,No,4.3,5767519.16,25.3,Peak Season,10-05-2024,04-11-2025
VS000697,MP059,2025,1,January,Winter,3779,562,4341,2010,2331,318,260,412,1566,2775,4.8,968.83,Rainy,Yes,No,4.2,4205691.03,24.4,New Year Rush,19-01-2024,20-06-2025
VS000698,MP059,2025,2,February,Winter,4629,506,5135,2751,2384,362,383,416,1887,3248,2.4,707.73,Rainy,No,No,4.5,3634193.55,-19,Holiday Rush,17-03-2025,21-07-2025
VS000699,MP059,2024,3,March,Spring,3381,244,3625,1671,1954,338,220,443,1263,2362,5.6,996.29,Clear,No,Yes,4.2,3611551.25,21.3,Festival Crowd,08-06-2023,16-08-2025
VS000700,MP059,2024,4,April,Spring,2505,192,2697,1420,1277,247,158,319,767,1930,2.6,945.79,Foggy,No,No,4.6,2550795.63,-1,Rain Affected,24-06-2023,24-04-2025
VS000701,MP059,2023,5,May,Summer,2110,231,2341,1090,1251,171,213,303,755,1586,4.4,606.47,Windy,No,No,4,1419746.27,1.8,Peak Season,17-05-2024,06-04-2025
VS000702,MP059,2025,6,June,Summer,1518,106,1624,782,842,114,86,221,609,1015,4.4,1159.89,Rainy,Yes,No,4.4,1883661.36,33.8,Off Season,01-07-2023,18-02-2025
VS000703,MP059,2023,7,July,Monsoon,1264,178,1442,711,731,110,132,193,534,908,3.7,948.16,Windy,Yes,No,4.8,1367246.72,10.6,Rain Affected,20-10-2025,18-02-2025
VS000704,MP059,2024,8,August,Monsoon,1627,181,1808,916,892,151,149,249,578,1230,1.9,764.07,Clear,Yes,No,4.4,1381438.56,-18.1,Rain Affected,01-06-2025,23-02-2025
VS000705,MP059,2025,9,September,Monsoon,1794,131,1925,943,982,135,124,271,715,1210,3.8,1081.29,Clear,No,No,4.8,2081483.25,7,Weekend Rush,13-12-2025,25-02-2025
VS000706,MP059,2024,10,October,Autumn,3282,461,3743,1967,1776,327,172,414,1130,2613,4.8,520.14,Cloudy,Yes,No,4.4,1946884.02,15.7,Weekend Rush,14-11-2025,21-10-2025
VS000707,MP059,2023,11,November,Autumn,3975,180,4155,1902,2253,214,286,615,1323,2832,5.9,1183.23,,Yes,No,4.8,4916320.65,-13.5,Festival Crowd,18-10-2024,19-10-2025
VS000708,MP059,2024,12,December,Winter,4111,296,4407,2005,2402,263,336,575,1602,2805,2.8,806.33,Windy,Yes,No,4.8,3553496.31,3.6,Peak Season,15-03-2024,07-10-2025
VS000709,MP060,2024,1,January,Winter,4368,387,4755,2323,2432,474,364,679,1888,2867,2,1050.16,Cloudy,Yes,No,4.7,4993510.8,11.8,Winter Vacation,11-11-2024,18-10-2025
VS000710,MP060,2025,2,February,Winter,4163,414,4577,2062,2515,514,317,636,1516,3061,1.6,976.97,Windy,Yes,No,4.4,4471591.69,11.7,Peak Season,12-05-2024,23-06-2025
VS000711,MP060,2023,3,March,Spring,2640,55,2695,1334,1361,280,192,286,845,1850,5.3,661.83,Rainy,Yes,No,4.7,1783631.85,-15.7,Peak Season,21-05-2025,25-05-2025
VS000712,MP060,2023,4,April,Spring,2404,81,2485,1290,1195,278,156,369,635,1850,1.6,745.68,Sunny,Yes,No,4.6,1853014.8,16,Festival Crowd,20-09-2025,05-03-2025
VS000713,MP060,2024,5,May,Summer,1771,109,1880,869,1011,217,144,239,708,1172,5.9,546.3,Foggy,Yes,No,4.1,1027044,15.9,Peak Season,19-06-2024,08-11-2025
VS000714,MP060,2025,6,June,Summer,1721,217,1938,907,1031,103,139,277,486,1452,3.1,1134.61,Foggy,No,No,4.9,2198874.18,12.2,Rain Affected,21-07-2025,16-07-2025
VS000715,MP060,2023,7,July,Monsoon,1554,129,1683,853,830,163,134,191,540,1143,2.2,734.62,Foggy,No,No,4.3,1236365.46,31.7,Monsoon Season,18-09-2025,10-03-2025
VS000716,MP060,2024,8,August,Monsoon,1250,116,1366,733,633,82,73,180,376,990,5.1,667.83,Rainy,Yes,No,3.8,912255.78,-18.4,Monsoon Season,12-03-2024,14-11-2025
VS000717,MP060,2025,9,September,Monsoon,2148,92,2240,1021,1219,115,118,286,817,1423,4.9,684.62,Windy,Yes,No,4.9,1533548.8,31,Festival Crowd,11-10-2025,22-06-2025
VS000718,MP060,2024,10,October,Autumn,2891,164,3055,1664,1391,183,215,272,1192,1863,2.4,571.37,Cloudy,No,No,4.5,1745535.35,13.2,Off Season,13-01-2025,05-12-2025
VS000719,MP060,2025,11,November,Autumn,3152,302,3454,1556,1898,212,150,470,967,2487,1.6,629.75,Clear,No,No,4,2175156.5,-3.2,Peak Season,23-10-2024,06-08-2025
VS000720,MP060,2025,12,December,Winter,5378,276,5654,2672,2982,322,505,708,2206,3448,2.7,813.07,Rainy,Yes,No,4.3,4597097.78,30.6,New Year Rush,06-11-2024,02-09-2025
VS000721,MP061,2023,1,January,Winter,3680,365,4045,2018,2027,209,288,333,1411,2634,3.2,1179.2,Rainy,Yes,No,4.1,4769864,27.1,Peak Season,05-06-2025,10-12-2025
VS000722,MP061,2025,2,February,Winter,3595,195,3790,1865,1925,304,298,434,1017,2773,3.2,978.43,Foggy,Yes,No,4.3,3708249.7,-6.3,Holiday Rush,03-06-2023,07-11-2025
VS000723,MP061,2024,3,March,Spring,3418,152,3570,1827,1743,403,215,470,911,2659,5.7,907.41,Sunny,No,No,4.5,3239453.7,31.7,Normal Traffic,06-03-2024,10-11-2025
VS000724,MP061,2025,4,April,Spring,3549,172,3721,1797,1924,377,265,422,943,2778,1.9,1093.66,Windy,No,No,4.3,4069508.86,-19.9,Rain Affected,14-01-2024,23-04-2025
VS000725,MP061,2024,5,May,Summer,2057,81,2138,1037,1101,225,161,188,788,1350,1.7,1096.09,Windy,No,No,4.8,2343440.42,-13.2,Normal Traffic,11-08-2025,03-02-2025
VS000726,MP061,2023,6,June,Summer,1653,191,1844,929,915,178,123,168,666,1178,4,616.53,Foggy,Yes,No,4.7,1136881.32,16.6,Off Season,09-10-2025,04-11-2025
VS000727,MP061,2025,7,July,Monsoon,1391,42,1433,728,705,93,128,196,424,1009,5.7,448.66,Windy,No,No,4.8,642929.78,-0.1,Rain Affected,19-10-2023,14-06-2025
VS000728,MP061,2023,8,August,Monsoon,1551,79,1630,808,822,140,68,240,561,1069,5.9,625.8,Windy,Yes,No,3.8,1020054,34.2,Rain Affected,24-04-2025,07-06-2025
VS000729,MP061,2023,9,September,Monsoon,2005,236,2241,1171,1070,241,208,202,651,1590,4.5,457.9,Clear,No,No,4.6,1026153.9,5,Peak Season,02-03-2023,22-03-2025
VS000730,MP061,2025,10,October,Autumn,3362,384,3746,1931,1815,425,297,497,1236,2510,1.7,1016.72,Windy,Yes,Yes,4,3808633.12,27.3,Peak Season,01-01-2025,11-03-2025
VS000731,MP061,2024,11,November,Autumn,3058,124,3182,1730,1452,376,155,453,1002,2180,1.6,920.4,Foggy,Yes,Yes,4.5,2928712.8,12.6,Normal Traffic,23-12-2025,14-06-2025
VS000732,MP061,2025,12,December,Winter,4933,529,5462,2656,2806,650,433,580,2051,3411,2.2,1114.44,Foggy,No,No,4,6087071.28,23.8,Winter Vacation,05-07-2025,24-03-2025
VS000733,MP062,2023,1,January,Winter,4501,122,4623,2378,2245,322,460,568,1310,3313,4.9,876.25,Cloudy,No,No,4.8,4050903.75,23.2,New Year Rush,25-12-2024,19-08-2025
VS000734,MP062,2024,2,February,Winter,3333,349,3682,1960,1722,243,183,508,1108,2574,4.5,482.61,Windy,Yes,No,4.4,1776970.02,25.5,Off Season,15-04-2025,09-02-2025
VS000735,MP062,2023,3,March,Spring,2773,238,3011,1589,1422,205,187,283,825,2186,2.4,1105.16,Windy,No,No,4.1,3327636.76,-13.7,Rain Affected,19-09-2025,22-02-2025
VS000736,MP062,2023,4,April,Spring,3521,252,3773,1954,1819,299,283,514,1421,2352,5.9,1068.14,Clear,Yes,No,4.2,4030092.22,-2.9,Weekend Rush,25-10-2023,17-10-2025
VS000737,MP062,2023,5,May,Summer,1763,60,1823,958,865,122,109,206,631,1192,4.7,775.8,Clear,Yes,No,3.9,1414283.4,20.3,Holiday Rush,04-08-2025,08-10-2025
VS000738,MP062,2025,6,June,Summer,1854,104,1958,1029,929,138,129,202,644,1314,2.6,740.5,Foggy,No,No,4.3,1449899,9.6,Normal Traffic,14-04-2023,07-11-2025
VS000739,MP062,2024,7,July,Monsoon,1478,193,1671,894,777,126,120,154,570,1101,2.2,645.3,Foggy,No,No,4.1,1078296.3,-16.5,Heavy Rain,14-08-2025,12-10-2025
VS000740,MP062,2024,8,August,Monsoon,1341,151,1492,726,766,118,102,181,503,989,3.1,422.19,Windy,Yes,No,4,629907.48,16.5,Rain Affected,19-05-2025,21-12-2025
VS000741,MP062,2023,9,September,Monsoon,1513,226,1739,858,881,181,116,194,596,1143,2.4,720.85,Cloudy,No,No,4.5,1253558.15,26.7,Festival Crowd,25-07-2024,17-12-2025
VS000742,MP062,2023,10,October,Autumn,2485,160,2645,1334,1311,158,186,293,916,1729,4.9,1092.42,Windy,No,No,4.7,2889450.9,-4.7,Weekend Rush,22-11-2023,18-03-2025
VS000743,MP062,2024,11,November,Autumn,3690,337,4027,1839,2188,240,354,457,1380,2647,4.9,512.09,Windy,Yes,No,4.3,2062186.43,-7.8,Festival Crowd,20-07-2023,14-03-2025
VS000744,MP062,2025,12,December,Winter,4832,265,5097,2452,2645,454,260,534,1402,3695,5.8,546.05,Rainy,Yes,No,4.3,2783216.85,0.5,New Year Rush,10-09-2024,15-01-2025
VS000745,MP063,2025,1,January,Winter,3506,177,3683,1838,1845,235,277,515,1342,2341,5.8,516.24,Sunny,Yes,No,4.2,1901311.92,23.7,New Year Rush,05-06-2025,17-02-2025
VS000746,MP063,2024,2,February,Winter,3620,268,3888,2018,1870,319,272,413,1043,2845,2.6,1079.7,Foggy,No,No,4.7,4197873.6,14.6,Peak Season,24-08-2025,25-04-2025
VS000747,MP063,2025,3,March,Spring,3063,260,3323,1688,1635,386,201,303,1151,2172,1.9,1023.35,Clear,No,Yes,4.7,3400592.05,29,Peak Season,07-12-2024,10-11-2025
VS000748,MP063,2024,4,April,Spring,3280,265,3545,1940,1605,397,176,301,1168,2377,4.3,764.48,Foggy,No,No,4.7,2710081.6,24.7,Off Season,03-11-2024,10-06-2025
VS000749,MP063,2025,5,May,Summer,2300,196,2496,1358,1138,280,135,243,834,1662,5.7,602.37,Rainy,No,No,4.3,1503515.52,14.4,Holiday Rush,16-03-2024,13-10-2025
VS000750,MP063,2023,6,June,Summer,1724,146,1870,1003,867,94,121,219,545,1325,3.6,594.79,Clear,No,No,3.8,1112257.3,-1.6,Holiday Rush,08-07-2025,16-09-2025
VS000751,MP063,2024,7,July,Monsoon,1431,78,1509,745,764,142,96,172,447,1062,3.4,968.19,Rainy,Yes,No,4.8,1460998.71,3.3,Heavy Rain,21-03-2025,01-03-2025
VS000752,MP063,2024,8,August,Monsoon,1587,63,1650,823,827,179,93,215,658,992,4.5,880.46,Clear,No,No,4,1452759,9.7,Heavy Rain,01-07-2024,07-03-2025
VS000753,MP063,2023,9,September,Monsoon,1762,227,1989,1053,936,197,80,195,702,1287,3.9,708.53,Rainy,No,No,4.7,1409266.17,16.1,Normal Traffic,02-08-2023,22-02-2025
VS000754,MP063,2023,10,October,Autumn,3039,206,3245,1734,1511,249,249,412,1281,1964,2.3,966.39,Cloudy,No,No,4.6,3135935.55,10.7,Holiday Rush,02-08-2023,02-06-2025
VS000755,MP063,2023,11,November,Autumn,3944,321,4265,2171,2094,300,262,422,1203,3062,3.3,1050.7,Clear,No,Yes,4.8,4481235.5,24.4,Weekend Rush,19-06-2025,23-10-2025
VS000756,MP063,2025,12,December,Winter,5368,480,5848,2737,3111,433,451,855,1506,4342,1.6,631.03,Cloudy,No,No,3.8,3690263.44,-5.8,Winter Vacation,07-08-2025,17-05-2025
VS000757,MP064,2024,1,January,Winter,3936,425,4361,2293,2068,254,350,596,1243,3118,1.7,895.37,Windy,Yes,No,4,3904708.57,10.5,New Year Rush,02-02-2025,06-06-2025
VS000758,MP064,2023,2,February,Winter,4029,248,4277,2080,2197,388,393,533,1532,2745,4,940.72,Cloudy,Yes,No,4.5,4023459.44,34.5,Holiday Rush,05-09-2025,11-05-2025
VS000759,MP064,2024,3,March,Spring,3102,330,3432,1560,1872,318,214,320,1012,2420,4.1,1129.56,Cloudy,No,Yes,3.9,3876649.92,-3.9,Rain Affected,10-03-2024,03-03-2025
VS000760,MP064,2025,4,April,Spring,3469,185,3654,1715,1939,240,291,486,1031,2623,2.7,572.63,Foggy,Yes,Yes,4.4,2092390.02,7.1,Holiday Rush,03-04-2025,09-10-2025
VS000761,MP064,2023,5,May,Summer,2509,215,2724,1233,1491,291,165,240,989,1735,3.4,1134.41,Foggy,Yes,No,4.7,3090132.84,0.2,Normal Traffic,19-11-2023,09-10-2025
VS000762,MP064,2025,6,June,Summer,1531,97,1628,847,781,151,71,166,487,1141,2.4,1038.04,Windy,Yes,No,4,1689929.12,-14.4,Normal Traffic,17-10-2024,14-05-2025
VS000763,MP064,2024,7,July,Monsoon,1234,163,1397,706,691,106,78,135,402,995,1.7,1157.14,Cloudy,No,No,4.4,1616524.58,25.2,Monsoon Season,08-09-2024,11-05-2025
VS000764,MP064,2025,8,August,Monsoon,1681,44,1725,807,918,99,145,205,454,1271,5.9,677.83,Cloudy,Yes,No,3.8,1169256.75,5.1,Heavy Rain,04-12-2025,02-05-2025
VS000765,MP064,2024,9,September,Monsoon,2148,299,2447,1218,1229,219,231,198,699,1748,4.3,801.56,Rainy,Yes,No,4.7,1961417.32,-7,Peak Season,25-03-2025,16-12-2025
VS000766,MP064,2024,10,October,Autumn,3338,230,3568,1658,1910,213,175,488,953,2615,3.5,962.78,Clear,Yes,Yes,4.6,3435199.04,7.2,Festival Crowd,17-10-2024,10-03-2025
VS000767,MP064,2023,11,November,Autumn,2926,141,3067,1648,1419,304,192,294,789,2278,4.9,716.18,Foggy,Yes,Yes,4.9,2196524.06,23.3,Festival Crowd,18-09-2024,21-06-2025
VS000768,MP064,2023,12,December,Winter,5105,354,5459,2959,2500,447,513,457,1944,3515,1.5,901.95,Cloudy,Yes,No,4.2,4923745.05,11.4,New Year Rush,23-10-2023,20-11-2025
VS000769,MP065,2024,1,January,Winter,3859,267,4126,1922,2204,341,402,373,1447,2679,5,1113.24,Sunny,No,No,4.7,4593228.24,-11.2,Winter Vacation,23-05-2025,08-08-2025
VS000770,MP065,2025,2,February,Winter,4046,260,4306,2319,1987,392,344,352,1078,3228,3.1,1044.79,Cloudy,Yes,No,4,4498865.74,1,Weekend Rush,22-09-2023,17-08-2025
VS000771,MP065,2023,3,March,Spring,3326,102,3428,1864,1564,392,214,402,1370,2058,2.7,860.21,Cloudy,Yes,No,4.7,2948799.88,-0.9,Rain Affected,06-10-2024,22-03-2025
VS000772,MP065,2025,4,April,Spring,2910,390,3300,1508,1792,340,167,365,1171,2129,3.1,602.6,Foggy,Yes,No,4.9,1988580,-15.8,Festival Crowd,18-07-2025,11-03-2025
VS000773,MP065,2023,5,May,Summer,2256,45,2301,1099,1202,135,180,249,820,1481,3.9,596.07,Windy,Yes,No,4.4,1371557.07,-11.1,Festival Crowd,16-06-2025,12-02-2025
VS000774,MP065,2025,6,June,Summer,1827,268,2095,1135,960,205,171,183,628,1467,3.2,1145.42,Rainy,No,No,4.8,2399654.9,12.1,Peak Season,24-08-2023,20-09-2025
VS000775,MP065,2025,7,July,Monsoon,1444,151,1595,735,860,158,64,196,408,1187,2.2,985.53,Clear,Yes,No,4.6,1571920.35,-19.4,Heavy Rain,12-09-2024,05-03-2025
VS000776,MP065,2025,8,August,Monsoon,1243,150,1393,736,657,155,63,165,506,887,4.5,611.42,Clear,No,No,4,851708.06,-18.9,Heavy Rain,12-11-2025,20-04-2025
VS000777,MP065,2024,9,September,Monsoon,1553,133,1686,868,818,100,146,165,502,1184,2,654.82,Foggy,No,No,4.1,1104026.52,-18.8,Off Season,05-07-2025,22-07-2025
VS000778,MP065,2024,10,October,Autumn,2715,349,3064,1683,1381,161,254,427,899,2165,3.9,763.78,Cloudy,No,No,4.3,2340221.92,20.2,Normal Traffic,19-07-2024,21-12-2025
VS000779,MP065,2024,11,November,Autumn,3546,107,3653,1671,1982,347,348,523,1238,2415,2.4,1119.96,Clear,Yes,No,4.3,4091213.88,0.7,Peak Season,09-07-2023,01-08-2025
VS000780,MP065,2023,12,December,Winter,4639,178,4817,2306,2511,434,286,601,1256,3561,4.5,774.46,Clear,Yes,No,4.4,3730573.82,-2.1,Peak Season,14-11-2024,08-04-2025
VS000781,MP066,2025,1,January,Winter,3927,328,4255,2121,2134,311,314,444,1275,2980,5.1,490.11,Windy,Yes,No,4.7,2085418.05,-9.1,New Year Rush,23-05-2025,01-07-2025
VS000782,MP066,2025,2,February,Winter,4321,178,4499,2387,2112,386,211,476,1632,2867,4.9,798.06,Sunny,No,No,4.7,3590471.94,-1.8,Weekend Rush,22-05-2025,15-02-2025
VS000783,MP066,2024,3,March,Spring,3054,217,3271,1670,1601,352,319,422,903,2368,2.5,800.77,Foggy,No,No,4.2,2619318.67,22.1,Holiday Rush,13-10-2024,19-04-2025
VS000784,MP066,2024,4,April,Spring,2598,359,2957,1602,1355,288,186,254,983,1974,5,1012.3,Rainy,No,Yes,3.8,2993371.1,-2.9,Weekend Rush,06-11-2024,19-06-2025
VS000785,MP066,2024,5,May,Summer,2330,92,2422,1205,1217,262,185,349,753,1669,4.5,517.22,Foggy,No,No,4.2,1252706.84,17.2,Off Season,14-12-2023,07-09-2025
VS000786,MP066,2023,6,June,Summer,1543,65,1608,834,774,110,159,216,611,997,5.8,995.67,Clear,No,No,4.1,1601037.36,10.8,Weekend Rush,10-10-2023,08-11-2025
VS000787,MP066,2025,7,July,Monsoon,1663,187,1850,919,931,115,89,219,640,1210,5.8,611.02,Clear,No,No,4.1,1130387,-15.1,Rain Affected,12-04-2025,07-02-2025
VS000788,MP066,2023,8,August,Monsoon,1630,85,1715,920,795,120,110,205,575,1140,5,664.94,Rainy,No,No,4,1140372.1,27.9,Rain Affected,17-11-2025,20-03-2025
VS000789,MP066,2025,9,September,Monsoon,1974,93,2067,981,1086,247,164,184,735,1332,4.2,994.33,Clear,Yes,No,4.8,2055280.11,-15.9,Off Season,07-12-2025,21-04-2025
VS000790,MP066,2025,10,October,Autumn,3183,158,3341,1745,1596,367,150,378,927,2414,3.7,1043.12,Clear,Yes,Yes,4.5,3485063.92,1.9,Holiday Rush,02-10-2023,23-10-2025
VS000791,MP066,2024,11,November,Autumn,4262,103,4365,2057,2308,478,411,625,1164,3201,5.4,1111.31,Sunny,No,No,4,4850868.15,-14.2,Normal Traffic,14-02-2024,07-02-2025
VS000792,MP066,2025,12,December,Winter,4139,215,4354,2260,2094,440,349,366,1326,3028,1.8,939.94,Clear,No,No,4,4092498.76,20.4,Peak Season,18-07-2025,04-12-2025
VS000793,MP067,2023,1,January,Winter,3989,382,4371,2045,2326,497,376,650,1237,3134,1.6,799.07,Sunny,Yes,No,3.8,3492734.97,5.9,Winter Vacation,05-02-2023,16-09-2025
VS000794,MP067,2024,2,February,Winter,3624,166,3790,1998,1792,374,275,387,1496,2294,5.3,848.91,Rainy,No,No,4,3217368.9,15.9,Peak Season,18-07-2024,09-06-2025
VS000795,MP067,2024,3,March,Spring,3504,400,3904,2074,1830,333,293,545,1521,2383,5.6,475.84,Sunny,No,No,4.8,1857679.36,13.8,Peak Season,10-12-2025,09-04-2025
VS000796,MP067,2024,4,April,Spring,2991,215,3206,1491,1715,206,200,346,864,2342,5.1,1180.16,Sunny,Yes,No,4.3,3783592.96,5.5,Normal Traffic,20-03-2024,02-09-2025
VS000797,MP067,2025,5,May,Summer,2235,194,2429,1115,1314,190,222,241,965,1464,4.1,462.86,Windy,No,No,4.8,1124286.94,-11.5,Off Season,24-08-2024,22-03-2025
VS000798,MP067,2025,6,June,Summer,1675,159,1834,942,892,201,80,177,668,1166,1.7,943.63,Clear,Yes,No,4.7,1730617.42,-13.5,Peak Season,14-02-2025,23-09-2025
VS000799,MP067,2024,7,July,Monsoon,1739,216,1955,1072,883,217,102,274,655,1300,2.6,775.3,Rainy,No,No,4.9,1515711.5,-18.1,Rain Affected,01-06-2024,09-10-2025
VS000800,MP067,2023,8,August,Monsoon,1330,118,1448,729,719,88,87,136,467,981,1.9,918.3,Windy,Yes,No,4.6,1329698.4,26.4,Rain Affected,25-11-2023,25-01-2025
VS000801,MP067,2025,9,September,Monsoon,1777,60,1837,893,944,174,99,247,481,1356,3.2,920.05,Cloudy,Yes,No,4.4,1690131.85,-5,Festival Crowd,04-10-2023,10-03-2025
VS000802,MP067,2024,10,October,Autumn,3544,330,3874,1975,1899,368,183,535,1436,2438,5.9,1115.77,Windy,No,Yes,4.2,4322492.98,31.8,Holiday Rush,02-09-2025,14-01-2025
VS000803,MP067,2023,11,November,Autumn,4177,387,4564,2099,2465,521,360,367,1808,2756,5.5,1056.13,Foggy,Yes,Yes,4.8,4820177.32,24.3,Holiday Rush,08-06-2025,17-02-2025
VS000804,MP067,2025,12,December,Winter,4358,242,4600,2126,2474,322,256,465,1726,2874,5.1,476.73,Sunny,No,No,4.3,2192958,0,Peak Season,04-12-2023,12-07-2025
VS000805,MP068,2023,1,January,Winter,4275,371,4646,2179,2467,492,219,513,1663,2983,2.7,941.95,Foggy,Yes,No,3.8,4376299.7,34.3,Peak Season,20-09-2024,13-04-2025
VS000806,MP068,2025,2,February,Winter,3280,254,3534,1647,1887,219,220,372,1391,2143,4.8,483.48,Windy,No,No,3.9,1708618.32,-15.4,Festival Crowd,20-01-2023,09-11-2025
VS000807,MP068,2024,3,March,Spring,3026,131,3157,1447,1710,162,166,376,799,2358,2.3,573.78,,No,No,4.1,1811423.46,33.9,Off Season,09-03-2024,13-05-2025
VS000808,MP068,2024,4,April,Spring,2875,410,3285,1732,1553,375,164,336,851,2434,1.6,478.7,Windy,Yes,No,4.5,1572529.5,2.7,Weekend Rush,12-03-2025,05-07-2025
VS000809,MP068,2023,5,May,Summer,2231,291,2522,1377,1145,152,232,318,697,1825,2.9,778.87,Foggy,Yes,No,4.6,1964310.14,26.2,Weekend Rush,11-07-2025,22-10-2025
VS000810,MP068,2025,6,June,Summer,1491,192,1683,813,870,121,128,180,636,1047,3.5,1078.3,Rainy,Yes,No,4.7,1814778.9,20.9,Normal Traffic,20-08-2023,20-02-2025
VS000811,MP068,2024,7,July,Monsoon,1569,91,1660,859,801,195,148,235,506,1154,5.1,426.05,Windy,Yes,No,4.9,707243,12.2,Heavy Rain,12-08-2025,10-10-2025
VS000812,MP068,2024,8,August,Monsoon,1321,161,1482,674,808,85,98,124,425,1057,3,797.37,Sunny,No,No,4,1181702.34,29,Monsoon Season,23-12-2023,25-02-2025
VS000813,MP068,2025,9,September,Monsoon,2059,270,2329,1079,1250,266,221,281,707,1622,1.8,415.39,Windy,Yes,No,4.8,967443.31,-4.9,Holiday Rush,04-06-2023,03-02-2025
VS000814,MP068,2024,10,October,Autumn,3206,446,3652,1763,1889,298,181,507,1193,2459,4.4,479.36,Rainy,No,No,4.6,1750622.72,26.3,Holiday Rush,01-03-2024,16-03-2025
VS000815,MP068,2023,11,November,Autumn,3663,519,4182,2073,2109,400,226,606,1273,2909,3.7,1103.77,Sunny,No,Yes,4.8,4615966.14,0.3,Peak Season,03-07-2023,03-12-2025
VS000816,MP068,2023,12,December,Winter,4408,167,4575,2156,2419,324,409,499,1161,3414,2.5,1101.91,Rainy,Yes,No,4.2,5041238.25,30.3,Peak Season,23-07-2023,16-09-2025
VS000817,MP069,2025,1,January,Winter,4587,337,4924,2432,2492,294,337,649,1856,3068,5,1111.26,Rainy,Yes,No,4.9,5471844.24,24.9,Peak Season,02-09-2025,09-11-2025
VS000818,MP069,2024,2,February,Winter,4318,478,4796,2536,2260,270,404,676,1291,3505,2.8,833.81,Clear,Yes,No,4.6,3998952.76,5.9,Weekend Rush,14-05-2023,23-09-2025
VS000819,MP069,2023,3,March,Spring,3954,343,4297,2355,1942,336,385,518,1588,2709,2.6,580.29,Windy,Yes,No,4.7,2493506.13,15.4,Normal Traffic,07-12-2024,18-10-2025
VS000820,MP069,2023,4,April,Spring,2733,381,3114,1560,1554,307,158,437,1198,1916,4.3,406.84,Clear,Yes,Yes,4.1,1266899.76,17.2,Normal Traffic,04-01-2025,08-07-2025
VS000821,MP069,2023,5,May,Summer,1738,217,1955,987,968,137,158,243,634,1321,2.3,506.06,Clear,No,No,4.1,989347.3,4.7,Weekend Rush,09-12-2023,13-01-2025
VS000822,MP069,2025,6,June,Summer,1799,266,2065,1084,981,179,187,264,617,1448,2.7,456.76,Rainy,No,No,3.8,943209.4,-4,Off Season,23-08-2024,03-06-2025
VS000823,MP069,2024,7,July,Monsoon,1415,47,1462,792,670,152,100,141,504,958,4,1048.78,Windy,Yes,No,4.7,1533316.36,14.7,Monsoon Season,07-02-2025,02-07-2025
VS000824,MP069,2025,8,August,Monsoon,1478,192,1670,887,783,115,125,139,456,1214,4.7,401.03,Foggy,Yes,No,4.4,669720.1,-7.2,Heavy Rain,20-12-2023,16-08-2025
VS000825,MP069,2025,9,September,Monsoon,1773,169,1942,1053,889,218,140,252,610,1332,3.2,803.41,Rainy,No,No,4.6,1560222.22,-9.3,Weekend Rush,07-01-2024,16-09-2025
VS000826,MP069,2024,10,October,Autumn,3232,164,3396,1660,1736,297,271,415,1115,2281,2.1,974.41,Cloudy,No,No,4.2,3309096.36,-14,Off Season,08-12-2023,08-10-2025
VS000827,MP069,2025,11,November,Autumn,3807,568,4375,2007,2368,458,227,497,1117,3258,4.8,995.51,Clear,No,No,4.1,4355356.25,-6.5,Festival Crowd,09-11-2024,22-06-2025
VS000828,MP069,2023,12,December,Winter,4267,350,4617,2221,2396,293,397,496,1609,3008,3.1,830.25,Clear,Yes,No,4.3,3833264.25,28,Peak Season,16-06-2024,25-11-2025
VS000829,MP070,2023,1,January,Winter,4601,317,4918,2659,2259,484,487,489,1440,3478,4.9,784.8,Clear,Yes,No,4.7,3859646.4,29.3,New Year Rush,25-08-2024,03-03-2025
VS000830,MP070,2023,2,February,Winter,3836,197,4033,2061,1972,350,350,440,1422,2611,1.7,602.9,Windy,Yes,No,4.8,2431495.7,-4,Holiday Rush,10-10-2023,15-09-2025
VS000831,MP070,2025,3,March,Spring,2953,362,3315,1796,1519,258,200,415,1065,2250,2.8,795.46,Foggy,No,No,4.3,2636949.9,30.1,Holiday Rush,08-07-2024,02-03-2025
VS000832,MP070,2025,4,April,Spring,3203,238,3441,1810,1631,357,292,400,1116,2325,2,598.12,Cloudy,No,No,4.8,2058130.92,22.9,Peak Season,23-08-2023,19-09-2025
VS000833,MP070,2023,5,May,Summer,1968,44,2012,1047,965,202,184,289,591,1421,5,752.55,Windy,No,No,4.8,1514130.6,28.4,Weekend Rush,06-04-2023,24-08-2025
VS000834,MP070,2023,6,June,Summer,1604,63,1667,865,802,138,81,189,588,1079,2.7,960.3,Windy,Yes,No,4.7,1600820.1,-17.1,Weekend Rush,18-07-2025,21-04-2025
VS000835,MP070,2025,7,July,Monsoon,1412,55,1467,751,716,85,98,211,485,982,1.7,713.98,Sunny,Yes,No,4.3,1047408.66,4.7,Rain Affected,20-02-2023,05-07-2025
VS000836,MP070,2025,8,August,Monsoon,1671,223,1894,954,940,191,187,179,755,1139,5.7,1081.11,Sunny,Yes,No,4.1,2047622.34,25.6,Heavy Rain,09-12-2025,23-07-2025
VS000837,MP070,2023,9,September,Monsoon,2013,168,2181,1186,995,169,102,299,860,1321,2.3,574.97,Foggy,Yes,No,4.2,1254009.57,23.9,Off Season,06-08-2023,01-07-2025
VS000838,MP070,2024,10,October,Autumn,3338,352,3690,1819,1871,349,234,505,925,2765,5.9,1177.78,Sunny,Yes,No,4.4,4346008.2,22.4,Holiday Rush,15-05-2025,05-09-2025
VS000839,MP070,2023,11,November,Autumn,3986,527,4513,2084,2429,328,232,395,1278,3235,1.8,651.94,Sunny,No,No,3.8,2942205.22,-1.2,Weekend Rush,21-01-2024,24-12-2025
VS000840,MP070,2025,12,December,Winter,4508,424,4932,2395,2537,398,482,506,1708,3224,5.2,663.14,Windy,No,No,4.6,3270606.48,24.7,New Year Rush,11-04-2025,09-05-2025
VS000841,MP034,2025,9,September,Monsoon,7119,211,7330,3623,3707,734,379,601,1842,5488,3.2,1111.28,Rainy,No,No,4.7,8145682.4,11.3,Rain Affected,24-06-2023,19-08-2025
VS000842,MP026,2024,5,May,Summer,7862,1129,8991,4302,4689,1044,458,1053,3329,5662,2.3,403.22,Rainy,No,No,4.3,3625351.02,-6.8,Festival Crowd,22-05-2025,21-08-2025
VS000843,MP018,2023,1,January,Winter,32424,1732,34156,17368,16788,3948,2515,3168,10665,23491,3.3,1766.51,Foggy,No,No,4.2,60336915.56,29.7,Winter Vacation,03-08-2024,04-02-2025
VS000844,MP009,2024,9,September,Monsoon,12620,941,13561,7405,6156,1190,1138,1763,3860,9701,3.4,1284.22,Cloudy,Yes,No,4.3,17415307.42,-0.9,Normal Traffic,10-05-2023,05-08-2025
VS000845,MP001,2024,5,May,Summer,17944,1525,19469,10571,8898,1350,1722,1656,7586,11883,2.3,826.67,Rainy,No,No,4.4,16094438.23,26.5,Peak Season,03-08-2023,22-04-2025
